file_name,is_negative,category_id
201508010000_1513_8f8e20b8.jpg,FALSE,1
201508010000_1513_9d8a4002.jpg,TRUE,
201508010300_1513_14239637.jpg,FALSE,1
201508010300_1513_c7793163.jpg,TRUE,
201508010600_1513_a80d2e75.jpg,FALSE,2
201508010600_1513_7adfdd3a.jpg,TRUE,
201508010900_1513_d34d8495.jpg,FALSE,2
201508010900_1513_4e7bf025.jpg,TRUE,
201508011200_1513_445d1d46.jpg,FALSE,2
201508011200_1513_43c91d1b.jpg,TRUE,
201508011500_1513_da4a622f.jpg,FALSE,2
201508011500_1513_d567cea2.jpg,TRUE,
201508011800_1513_246b19fc.jpg,FALSE,3
201508011800_1513_55bf74bf.jpg,TRUE,
201508012100_1513_47a55432.jpg,FALSE,3
201508012100_1513_375b4706.jpg,TRUE,
201508020000_1513_04befa79.jpg,FALSE,3
201508020000_1513_998f13dd.jpg,TRUE,
201508020300_1513_a0a40688.jpg,FALSE,3
201508020300_1513_372d211a.jpg,TRUE,
201508020600_1513_8f76b5dc.jpg,FALSE,4
201508020600_1513_4fe7b798.jpg,TRUE,
201508020900_1513_2079bf09.jpg,FALSE,4
201508020900_1513_0fe54971.jpg,TRUE,
201508021200_1513_7ed9b2d4.jpg,FALSE,4
201508021200_1513_6bb1e84a.jpg,TRUE,
201508021500_1513_61187c04.jpg,FALSE,4
201508021500_1513_4d2a9778.jpg,TRUE,
201508021800_1513_a0875456.jpg,FALSE,4
201508021800_1513_f5384fa0.jpg,TRUE,
201508022100_1513_ae15a0de.jpg,FALSE,4
201508022100_1513_6a827f61.jpg,TRUE,
201508030000_1513_8bb981b2.jpg,FALSE,4
201508030000_1513_adb288d0.jpg,TRUE,
201508030300_1513_b94b0a35.jpg,FALSE,4
201508030300_1513_5f522506.jpg,TRUE,
201508030600_1513_b54589cf.jpg,FALSE,4
201508030600_1513_759c3abd.jpg,TRUE,
201508030900_1513_63bb61c2.jpg,FALSE,4
201508030900_1513_df3147e7.jpg,TRUE,
201508031200_1513_518828d3.jpg,FALSE,4
201508031200_1513_dca1b972.jpg,TRUE,
201508031500_1513_9a2159a7.jpg,FALSE,4
201508031500_1513_39e57a35.jpg,TRUE,
201508031800_1513_c11fe33b.jpg,FALSE,4
201508031800_1513_247a2287.jpg,TRUE,
201508032100_1513_660f7afb.jpg,FALSE,4
201508032100_1513_786d27cd.jpg,TRUE,
201508040000_1513_cdec5270.jpg,FALSE,4
201508040000_1513_61c04f51.jpg,TRUE,
201508040300_1513_0e40c300.jpg,FALSE,4
201508040300_1513_c429efbc.jpg,TRUE,
201508040600_1513_2510fb7b.jpg,FALSE,4
201508040600_1513_935304ca.jpg,TRUE,
201508040900_1513_eebbffb5.jpg,FALSE,4
201508041200_1513_94c57626.jpg,FALSE,4
201508041500_1513_d5c8b0db.jpg,FALSE,4
201508041800_1513_019660ad.jpg,FALSE,4
201508042100_1513_ea956efe.jpg,FALSE,4
201508050000_1513_cf024fda.jpg,FALSE,4
201508050300_1513_4df9f52b.jpg,FALSE,4
201508050600_1513_97675b0d.jpg,FALSE,4
201508050900_1513_5e1361fa.jpg,FALSE,4
201508051200_1513_fa097b54.jpg,FALSE,4
201508051500_1513_9f41686e.jpg,FALSE,4
201508051800_1513_3a21af52.jpg,FALSE,4
201508052100_1513_76c1e35b.jpg,FALSE,4
201508060000_1513_6ebf016c.jpg,FALSE,4
201508060300_1513_7787a47b.jpg,FALSE,4
201508060600_1513_9eb7e7de.jpg,FALSE,4
201508060900_1513_d5ebece2.jpg,FALSE,4
201508061200_1513_364cd06f.jpg,FALSE,4
201508061500_1513_83d07c34.jpg,FALSE,4
201508061800_1513_264404cd.jpg,FALSE,4
201508062100_1513_ef92df89.jpg,FALSE,4
201508070000_1513_7b716180.jpg,FALSE,4
201508070300_1513_f0d3d14b.jpg,FALSE,4
201508070600_1513_b6b38b9a.jpg,FALSE,4
201508070900_1513_1d8b5e87.jpg,FALSE,4
201508071200_1513_dbd36eb5.jpg,FALSE,4
201508071500_1513_9251311a.jpg,FALSE,4
201508071800_1513_fbafa145.jpg,FALSE,4
201508072100_1513_a18aa039.jpg,FALSE,4
201508080000_1513_5aff08bf.jpg,FALSE,4
201508080300_1513_4b1231bb.jpg,FALSE,4
201508080600_1513_9a9c36ec.jpg,FALSE,4
201508080900_1513_38a740d9.jpg,FALSE,4
201508081200_1513_ea08850a.jpg,FALSE,4
201508081500_1513_a3f1ac33.jpg,FALSE,4
201508081800_1513_4be03f18.jpg,FALSE,3
201508081800_1513_e8790f73.jpg,TRUE,
201508082100_1513_5f329a4c.jpg,FALSE,3
201508082100_1513_d3d22666.jpg,TRUE,
201508090000_1513_465e7b87.jpg,FALSE,2
201508090000_1513_893ff841.jpg,TRUE,
201508090300_1513_e899bff4.jpg,FALSE,2
201508090300_1513_3ae6a46f.jpg,TRUE,
201508090600_1513_c1e60552.jpg,FALSE,2
201508090600_1513_0253c534.jpg,TRUE,
201508090900_1513_85a9af2d.jpg,FALSE,2
201508090900_1513_c5935ca1.jpg,TRUE,
201508091200_1513_cf5f7af6.jpg,FALSE,1
201508091200_1513_f7a08663.jpg,TRUE,
201508091500_1513_1189862b.jpg,FALSE,1
201508091500_1513_7c3c3c18.jpg,TRUE,
201508091800_1513_7db50fd8.jpg,FALSE,1
201508091800_1513_9b963944.jpg,TRUE,
201508092100_1513_4b538f1f.jpg,FALSE,1
201508092100_1513_8c58a363.jpg,TRUE,
201508100000_1513_673c76b6.jpg,FALSE,1
201508100000_1513_a92bf1d5.jpg,TRUE,
201508100300_1513_3c978ca4.jpg,FALSE,1
201508100300_1513_4de9636a.jpg,TRUE,
201508100600_1513_4be09087.jpg,FALSE,1
201508100600_1513_4844eb36.jpg,TRUE,
201508100900_1513_f46750e1.jpg,FALSE,1
201508100900_1513_0c8db0c2.jpg,TRUE,
201508101200_1513_b8176825.jpg,FALSE,1
201508101200_1513_a61ad02c.jpg,TRUE,
201508101500_1513_5502c8b4.jpg,FALSE,1
201508101500_1513_bd8d0078.jpg,TRUE,
201508101800_1513_f7169dbe.jpg,FALSE,1
201508101800_1513_de0da394.jpg,TRUE,
201508102100_1513_224ef294.jpg,FALSE,1
201508102100_1513_f51ab9fe.jpg,TRUE,
201508110000_1513_393ef3a3.jpg,FALSE,2
201508110000_1513_f03a8fa3.jpg,TRUE,
201508110300_1513_9aff4472.jpg,FALSE,2
201508110300_1513_476d437e.jpg,TRUE,
201508110600_1513_db4db314.jpg,FALSE,2
201508110600_1513_b16bc927.jpg,TRUE,
201508110900_1513_863fe8b8.jpg,FALSE,2
201508110900_1513_f70abca7.jpg,TRUE,
201508111200_1513_c6ae323c.jpg,FALSE,1
201508111200_1513_5a9940cf.jpg,TRUE,
201508111500_1513_181c12b4.jpg,TRUE,
201508111800_1513_feea1713.jpg,TRUE,
201508112100_1513_68cd7bab.jpg,TRUE,
201508120000_1513_da9d4239.jpg,TRUE,
201508060000_1514_a2b433e2.jpg,FALSE,1
201508060300_1514_bf3f1583.jpg,FALSE,1
201508060600_1514_4cb77276.jpg,FALSE,1
201508060900_1514_723f3175.jpg,FALSE,1
201508061200_1514_94d039ca.jpg,FALSE,1
201508061500_1514_8edb2f69.jpg,FALSE,1
201508061800_1514_0ab1bcca.jpg,FALSE,1
201508062100_1514_b15fb9a9.jpg,FALSE,1
201508070000_1514_cc5d92ff.jpg,FALSE,1
201508070300_1514_43e0d2a9.jpg,FALSE,1
201508070600_1514_5b1dc8d9.jpg,FALSE,2
201508070900_1514_7e137067.jpg,FALSE,2
201508071200_1514_6bca97bc.jpg,FALSE,2
201508071500_1514_36b29d89.jpg,FALSE,2
201508071800_1514_0b0ce004.jpg,FALSE,2
201508072100_1514_55451a89.jpg,FALSE,2
201508080000_1514_db7d7450.jpg,FALSE,2
201508080300_1514_ffae1ef0.jpg,FALSE,2
201508080600_1514_f319c43b.jpg,FALSE,2
201508080900_1514_99d460d5.jpg,FALSE,2
201508081200_1514_b8b0ad82.jpg,FALSE,2
201508081500_1514_f032dc03.jpg,FALSE,2
201508081800_1514_d8238dbf.jpg,FALSE,2
201508081800_1514_19d010a5.jpg,TRUE,
201508082100_1514_5329ebf6.jpg,FALSE,2
201508082100_1514_b9da7465.jpg,TRUE,
201508090000_1514_972719fa.jpg,FALSE,2
201508090000_1514_b5d37d0e.jpg,TRUE,
201508090300_1514_9045c93f.jpg,FALSE,2
201508090300_1514_22aa7d2c.jpg,TRUE,
201508090600_1514_dc4939ad.jpg,FALSE,2
201508090600_1514_8e3ab108.jpg,TRUE,
201508090900_1514_c53c34d5.jpg,FALSE,2
201508090900_1514_21f2033d.jpg,TRUE,
201508091200_1514_ec5d37c8.jpg,FALSE,2
201508091200_1514_e13bdf8a.jpg,TRUE,
201508091500_1514_fbacdd70.jpg,FALSE,2
201508091500_1514_da746830.jpg,TRUE,
201508091800_1514_a0d6cb98.jpg,FALSE,2
201508091800_1514_abe8c510.jpg,TRUE,
201508092100_1514_563acce5.jpg,FALSE,2
201508092100_1514_2798e27a.jpg,TRUE,
201508100000_1514_1d71e3ec.jpg,FALSE,2
201508100000_1514_05ac0fb6.jpg,TRUE,
201508100300_1514_865f1499.jpg,FALSE,2
201508100300_1514_e05deb71.jpg,TRUE,
201508100600_1514_2758b5ba.jpg,FALSE,2
201508100600_1514_7495c75e.jpg,TRUE,
201508100900_1514_bd168e4b.jpg,FALSE,2
201508100900_1514_aef327fd.jpg,TRUE,
201508101200_1514_0f63762d.jpg,FALSE,2
201508101200_1514_9f6dd46f.jpg,TRUE,
201508101500_1514_a2daf75e.jpg,FALSE,2
201508101500_1514_14bea5be.jpg,TRUE,
201508101800_1514_62562fc9.jpg,FALSE,2
201508101800_1514_828c253a.jpg,TRUE,
201508102100_1514_58ef6dd5.jpg,FALSE,2
201508102100_1514_6d510aca.jpg,TRUE,
201508110000_1514_8ceca755.jpg,FALSE,2
201508110000_1514_f5634a6b.jpg,TRUE,
201508110300_1514_bae1db84.jpg,FALSE,2
201508110300_1514_eca0b683.jpg,TRUE,
201508110600_1514_732e7576.jpg,FALSE,2
201508110600_1514_467ff8f1.jpg,TRUE,
201508110900_1514_de0b3f3c.jpg,FALSE,2
201508110900_1514_08b6b600.jpg,TRUE,
201508111200_1514_99d72cfa.jpg,FALSE,2
201508111200_1514_7d687228.jpg,TRUE,
201508111500_1514_7c72b1e4.jpg,FALSE,2
201508111500_1514_44b5e54b.jpg,TRUE,
201508111800_1514_96774ca7.jpg,FALSE,2
201508111800_1514_149ac3dc.jpg,TRUE,
201508112100_1514_9f65f4a8.jpg,FALSE,2
201508112100_1514_e4adff97.jpg,TRUE,
201508120000_1514_df579b9f.jpg,FALSE,2
201508120000_1514_53aa8694.jpg,TRUE,
201508120300_1514_3f7b8006.jpg,FALSE,2
201508120300_1514_a29f3ff1.jpg,TRUE,
201508120600_1514_c6472745.jpg,FALSE,2
201508120600_1514_e26d79ad.jpg,TRUE,
201508120900_1514_86275fb9.jpg,FALSE,2
201508120900_1514_a0c9a532.jpg,TRUE,
201508121200_1514_6a25f3f2.jpg,FALSE,2
201508121200_1514_d1670faf.jpg,TRUE,
201508121500_1514_05960161.jpg,FALSE,2
201508121500_1514_bbeddfc6.jpg,TRUE,
201508121800_1514_df2b7a9e.jpg,FALSE,2
201508121800_1514_7748f092.jpg,TRUE,
201508122100_1514_c08a701e.jpg,FALSE,2
201508122100_1514_dcaa635c.jpg,TRUE,
201508130000_1514_df9be2e8.jpg,FALSE,2
201508130000_1514_06c9dba7.jpg,TRUE,
201508130300_1514_77361b78.jpg,FALSE,2
201508130300_1514_8838bc02.jpg,TRUE,
201508130600_1514_b0f836cb.jpg,FALSE,2
201508130600_1514_a925b840.jpg,TRUE,
201508130900_1514_0bbde3ff.jpg,FALSE,2
201508130900_1514_d4db4061.jpg,TRUE,
201508131200_1514_b10e9aee.jpg,FALSE,2
201508131200_1514_6bf43ab7.jpg,TRUE,
201508131500_1514_fee4ae07.jpg,FALSE,2
201508131500_1514_cbad41a8.jpg,TRUE,
201508131800_1514_92e6b78b.jpg,FALSE,2
201508131800_1514_a2b02dbc.jpg,TRUE,
201508132100_1514_56231414.jpg,TRUE,
201508140000_1514_00ff3c2c.jpg,TRUE,
201508140300_1514_c1e700b9.jpg,TRUE,
201508140600_1514_932fb536.jpg,TRUE,
201508140900_1514_5fcaf12d.jpg,TRUE,
201508141200_1514_e9e21d41.jpg,TRUE,
201508141500_1514_9a4c443d.jpg,TRUE,
201508141800_1514_197ff872.jpg,TRUE,
201508142100_1514_9a3f9164.jpg,TRUE,
201508150000_1514_b76b2bf7.jpg,TRUE,
201508150300_1514_c90a44d9.jpg,TRUE,
201508150600_1514_0dca580d.jpg,TRUE,
201508150900_1514_f9a42445.jpg,TRUE,
201508151200_1514_bbc0adb5.jpg,TRUE,
201508151500_1514_a72cb985.jpg,TRUE,
201508151800_1514_9c47a62c.jpg,TRUE,
201508152100_1514_61e044ad.jpg,TRUE,
201508160000_1514_eea09b50.jpg,TRUE,
201508160300_1514_f0424969.jpg,TRUE,
201508160600_1514_84272718.jpg,TRUE,
201508160900_1514_af78cbbe.jpg,TRUE,
201508161200_1514_11b5d3eb.jpg,TRUE,
201508161500_1514_54d740f6.jpg,TRUE,
201508161800_1514_7c0a40be.jpg,TRUE,
201508162100_1514_2f9d6358.jpg,TRUE,
201508170000_1514_10eb6a75.jpg,TRUE,
201508170300_1514_9b2288f4.jpg,TRUE,
201508170600_1514_e294afd8.jpg,TRUE,
201508170900_1514_4244f9fb.jpg,TRUE,
201508171200_1514_22b35a1f.jpg,TRUE,
201508171500_1514_a1340384.jpg,TRUE,
201508131800_1515_4ab65c99.jpg,FALSE,1
201508131800_1515_d87b3881.jpg,TRUE,
201508132100_1515_d1bc2af9.jpg,FALSE,1
201508132100_1515_8b9a280c.jpg,TRUE,
201508140000_1515_4f074bcc.jpg,FALSE,1
201508140000_1515_84e73cda.jpg,TRUE,
201508140300_1515_b72481cf.jpg,FALSE,1
201508140300_1515_97bc3c91.jpg,TRUE,
201508140600_1515_c45464dd.jpg,FALSE,1
201508140600_1515_01cfe796.jpg,TRUE,
201508140900_1515_428b92cb.jpg,FALSE,1
201508140900_1515_e659936f.jpg,TRUE,
201508141200_1515_0bdc0541.jpg,FALSE,1
201508141200_1515_088afbb3.jpg,TRUE,
201508141500_1515_8cada2be.jpg,FALSE,1
201508141500_1515_a9f72a06.jpg,TRUE,
201508141800_1515_ad9f98d9.jpg,FALSE,2
201508141800_1515_88a677b0.jpg,TRUE,
201508142100_1515_0d7d49c6.jpg,FALSE,2
201508142100_1515_2780758d.jpg,TRUE,
201508150000_1515_850924d7.jpg,FALSE,2
201508150000_1515_3dd0a40a.jpg,TRUE,
201508150300_1515_48185d23.jpg,FALSE,2
201508150300_1515_fe0e1cc3.jpg,TRUE,
201508150600_1515_541bdff0.jpg,FALSE,2
201508150600_1515_bd2d47c1.jpg,TRUE,
201508150900_1515_9d18d7be.jpg,FALSE,2
201508150900_1515_c78b1285.jpg,TRUE,
201508151200_1515_69f7a625.jpg,FALSE,3
201508151200_1515_e0dae342.jpg,TRUE,
201508151500_1515_d9e0f2b9.jpg,FALSE,3
201508151500_1515_7098497e.jpg,TRUE,
201508151800_1515_a3890637.jpg,FALSE,3
201508151800_1515_d86f0cf8.jpg,TRUE,
201508152100_1515_08c51e04.jpg,FALSE,3
201508152100_1515_582f920b.jpg,TRUE,
201508160000_1515_5f4a98a6.jpg,FALSE,3
201508160000_1515_334820e1.jpg,TRUE,
201508160300_1515_8eee3c1b.jpg,FALSE,3
201508160300_1515_adbaf95a.jpg,TRUE,
201508160600_1515_39493f72.jpg,FALSE,3
201508160600_1515_220c935e.jpg,TRUE,
201508160900_1515_fd7071e6.jpg,FALSE,3
201508160900_1515_43b5102e.jpg,TRUE,
201508161200_1515_ff005532.jpg,FALSE,4
201508161200_1515_c67c8f57.jpg,TRUE,
201508161500_1515_a6058bfc.jpg,FALSE,4
201508161500_1515_2dcc9178.jpg,TRUE,
201508161800_1515_9bc1ff20.jpg,FALSE,4
201508161800_1515_bdf27e5d.jpg,TRUE,
201508162100_1515_71337244.jpg,FALSE,4
201508162100_1515_990d017c.jpg,TRUE,
201508170000_1515_91e2e763.jpg,FALSE,4
201508170000_1515_b2d89ea7.jpg,TRUE,
201508170300_1515_cf45e12c.jpg,FALSE,4
201508170300_1515_294cf36d.jpg,TRUE,
201508170600_1515_96e1fea7.jpg,FALSE,4
201508170600_1515_bbb1b7d5.jpg,TRUE,
201508170900_1515_0cd827a2.jpg,FALSE,4
201508170900_1515_f030b5bc.jpg,TRUE,
201508171200_1515_e635d0bd.jpg,FALSE,4
201508171200_1515_4ac15e63.jpg,TRUE,
201508171500_1515_6d9bf90b.jpg,FALSE,4
201508171500_1515_25392bbb.jpg,TRUE,
201508171800_1515_1fc660fb.jpg,FALSE,4
201508172100_1515_bb191eb6.jpg,FALSE,4
201508180000_1515_a7120d19.jpg,FALSE,4
201508180300_1515_f9b7473e.jpg,FALSE,4
201508180600_1515_1ee43790.jpg,FALSE,4
201508180900_1515_4a7f068d.jpg,FALSE,4
201508181200_1515_99571dd4.jpg,FALSE,4
201508181500_1515_80616b65.jpg,FALSE,4
201508181800_1515_f32c7b13.jpg,FALSE,4
201508182100_1515_bef4b833.jpg,FALSE,4
201508190000_1515_842f2c87.jpg,FALSE,4
201508190300_1515_bf41e8bb.jpg,FALSE,4
201508190600_1515_d9135536.jpg,FALSE,4
201508190900_1515_60e6b566.jpg,FALSE,4
201508191200_1515_aef744d3.jpg,FALSE,4
201508191500_1515_9e09850d.jpg,FALSE,4
201508191800_1515_2f1e7cc5.jpg,FALSE,4
201508192100_1515_e5161210.jpg,FALSE,4
201508200000_1515_ccd9e83e.jpg,FALSE,4
201508200300_1515_1e29fd03.jpg,FALSE,4
201508200600_1515_ae347bed.jpg,FALSE,4
201508200900_1515_3162ae7e.jpg,FALSE,4
201508201200_1515_720e9713.jpg,FALSE,4
201508201500_1515_5c9e5c1b.jpg,FALSE,4
201508201800_1515_7afc1189.jpg,FALSE,4
201508202100_1515_b659ad44.jpg,FALSE,4
201508210000_1515_9e81a238.jpg,FALSE,4
201508210300_1515_892fea97.jpg,FALSE,4
201508210600_1515_040edcaf.jpg,FALSE,4
201508210900_1515_c53f35fc.jpg,FALSE,4
201508211200_1515_36ad4c9b.jpg,FALSE,4
201508211500_1515_24eda67e.jpg,FALSE,4
201508211800_1515_8b9b70d4.jpg,FALSE,4
201508212100_1515_514f0143.jpg,FALSE,4
201508220000_1515_77195b24.jpg,FALSE,4
201508220300_1515_a48522d1.jpg,FALSE,4
201508220600_1515_9e454cdb.jpg,FALSE,4
201508220900_1515_8acfe6c9.jpg,FALSE,4
201508221200_1515_0908fb06.jpg,FALSE,4
201508221500_1515_358b55d4.jpg,FALSE,4
201508221800_1515_15920152.jpg,FALSE,4
201508222100_1515_4ae717d1.jpg,FALSE,4
201508230000_1515_46065f69.jpg,FALSE,4
201508230300_1515_fbf5218f.jpg,FALSE,4
201508230600_1515_a788b259.jpg,FALSE,4
201508230900_1515_bb7c1a2e.jpg,FALSE,4
201508231200_1515_c8e2d770.jpg,FALSE,4
201508231500_1515_430ea49b.jpg,FALSE,4
201508231800_1515_482c605a.jpg,FALSE,4
201508231800_1515_2e526955.jpg,TRUE,
201508232100_1515_6c726b9e.jpg,FALSE,4
201508232100_1515_38ac76fe.jpg,TRUE,
201508240000_1515_40c570b2.jpg,FALSE,4
201508240000_1515_601068e7.jpg,TRUE,
201508240300_1515_cf8f00d1.jpg,FALSE,4
201508240300_1515_9df75263.jpg,TRUE,
201508240600_1515_fc6c1bdf.jpg,FALSE,4
201508240600_1515_e5b6af08.jpg,TRUE,
201508240900_1515_74cef53d.jpg,FALSE,4
201508240900_1515_efbf15f1.jpg,TRUE,
201508241200_1515_b19f9f77.jpg,FALSE,4
201508241200_1515_1aac3d79.jpg,TRUE,
201508241500_1515_576bccf0.jpg,FALSE,4
201508241500_1515_6ecab2d4.jpg,TRUE,
201508241800_1515_a662ade3.jpg,FALSE,4
201508241800_1515_4c222cec.jpg,TRUE,
201508242100_1515_f87b9577.jpg,FALSE,4
201508242100_1515_ad51420c.jpg,TRUE,
201508250000_1515_a2e385cb.jpg,FALSE,4
201508250000_1515_2d37ebec.jpg,TRUE,
201508250300_1515_f7aff7ab.jpg,FALSE,4
201508250300_1515_5b7fcd57.jpg,TRUE,
201508250600_1515_8995217e.jpg,FALSE,4
201508250600_1515_f37077bf.jpg,TRUE,
201508250900_1515_ad3b8f0f.jpg,FALSE,3
201508250900_1515_a32b0b1f.jpg,TRUE,
201508251200_1515_a5328ae3.jpg,TRUE,
201508251500_1515_e94bba97.jpg,TRUE,
201508251800_1515_cae064b4.jpg,TRUE,
201508252100_1515_7826ab00.jpg,TRUE,
201508260000_1515_df94eb15.jpg,TRUE,
201508260300_1515_85f2744d.jpg,TRUE,
201508260600_1515_8cdaf061.jpg,TRUE,
201508260900_1515_65e2b1d7.jpg,TRUE,
201508261200_1515_dd5500ff.jpg,TRUE,
201508261500_1515_701323eb.jpg,TRUE,
201508261800_1515_7f6f134f.jpg,TRUE,
201508262100_1515_13ef7a16.jpg,TRUE,
201508270000_1515_98a50919.jpg,TRUE,
201508270300_1515_8e6d52bd.jpg,TRUE,
201508270600_1515_5570e5d3.jpg,TRUE,
201508270900_1515_1d6182ae.jpg,TRUE,
201508271200_1515_3ec2655e.jpg,TRUE,
201508271500_1515_4e9dcb3c.jpg,TRUE,
201508271800_1515_b399009c.jpg,TRUE,
201508272100_1515_9f70034a.jpg,TRUE,
201508280000_1515_b16793ee.jpg,TRUE,
201508280300_1515_725aaabd.jpg,TRUE,
201508280600_1515_3b7ebb68.jpg,TRUE,
201508280900_1515_3e2ef24e.jpg,TRUE,
201508281200_1515_ab9009df.jpg,TRUE,
201508281500_1515_1ee3eb9d.jpg,TRUE,
201508281800_1515_a11e8878.jpg,TRUE,
201508282100_1515_154cca56.jpg,TRUE,
201508290000_1515_b2252389.jpg,TRUE,
201508290300_1515_75db2530.jpg,TRUE,
201508290600_1515_4555de91.jpg,TRUE,
201508290900_1515_dc55ec8d.jpg,TRUE,
201508291200_1515_30c98c8e.jpg,TRUE,
201508291500_1515_9caaa782.jpg,TRUE,
201508291800_1515_2fca7267.jpg,TRUE,
201508292100_1515_8e191214.jpg,TRUE,
201508300000_1515_751fcfcf.jpg,TRUE,
201508300300_1515_c45d9473.jpg,TRUE,
201508300600_1515_5e619e2f.jpg,TRUE,
201508140000_1516_69a3bcca.jpg,FALSE,1
201508140000_1516_f84e2664.jpg,TRUE,
201508140300_1516_00c3b1ca.jpg,FALSE,1
201508140300_1516_4b25b3ff.jpg,TRUE,
201508140600_1516_d89b1627.jpg,FALSE,1
201508140600_1516_1cddf0b8.jpg,TRUE,
201508140900_1516_a158d163.jpg,FALSE,1
201508140900_1516_bbf8cd4c.jpg,TRUE,
201508141200_1516_16378fed.jpg,FALSE,1
201508141200_1516_ecb0850f.jpg,TRUE,
201508141500_1516_1edeb6a0.jpg,FALSE,1
201508141500_1516_4b269918.jpg,TRUE,
201508141800_1516_0ba20047.jpg,FALSE,2
201508141800_1516_aaf38eb7.jpg,TRUE,
201508142100_1516_7047501c.jpg,FALSE,2
201508142100_1516_e388a12b.jpg,TRUE,
201508150000_1516_6951df55.jpg,FALSE,2
201508150000_1516_fcf88a00.jpg,TRUE,
201508150300_1516_41febc6c.jpg,FALSE,2
201508150300_1516_03533f06.jpg,TRUE,
201508150600_1516_eceea9ea.jpg,FALSE,2
201508150600_1516_652fc869.jpg,TRUE,
201508150900_1516_4d5a3173.jpg,FALSE,2
201508150900_1516_0f7cea17.jpg,TRUE,
201508151200_1516_d14fea68.jpg,FALSE,2
201508151200_1516_f26c34a1.jpg,TRUE,
201508151500_1516_c727e24e.jpg,FALSE,2
201508151500_1516_7cf3442c.jpg,TRUE,
201508151800_1516_52365431.jpg,FALSE,2
201508151800_1516_e6273a21.jpg,TRUE,
201508152100_1516_dffa326e.jpg,FALSE,2
201508152100_1516_755f7d0c.jpg,TRUE,
201508160000_1516_5c01be9a.jpg,FALSE,2
201508160000_1516_e0c01060.jpg,TRUE,
201508160300_1516_9e899224.jpg,FALSE,2
201508160300_1516_0b343551.jpg,TRUE,
201508160600_1516_5a4bff4f.jpg,FALSE,3
201508160600_1516_f598cb3e.jpg,TRUE,
201508160900_1516_57c69c8f.jpg,FALSE,3
201508160900_1516_e6ec6a89.jpg,TRUE,
201508161200_1516_4d9406dc.jpg,FALSE,3
201508161200_1516_c6af2fa9.jpg,TRUE,
201508161500_1516_6fbe370b.jpg,FALSE,3
201508161500_1516_76ccf945.jpg,TRUE,
201508161800_1516_93c296d0.jpg,FALSE,3
201508161800_1516_cb53562d.jpg,TRUE,
201508162100_1516_2a890e18.jpg,FALSE,3
201508162100_1516_a08088a7.jpg,TRUE,
201508170000_1516_061bcdf5.jpg,FALSE,4
201508170000_1516_bb4c6d79.jpg,TRUE,
201508170300_1516_6fe95a67.jpg,FALSE,4
201508170300_1516_bce95743.jpg,TRUE,
201508170600_1516_f873d923.jpg,FALSE,4
201508170600_1516_a85d8db9.jpg,TRUE,
201508170900_1516_2dbab9a6.jpg,FALSE,4
201508170900_1516_2c28e837.jpg,TRUE,
201508171200_1516_f0c68583.jpg,FALSE,4
201508171200_1516_165f8f21.jpg,TRUE,
201508171500_1516_d1bad9cc.jpg,FALSE,4
201508171500_1516_eab0f378.jpg,TRUE,
201508171800_1516_2963c6b4.jpg,FALSE,4
201508172100_1516_14fdba59.jpg,FALSE,4
201508180000_1516_89885d73.jpg,FALSE,4
201508180300_1516_ec519d56.jpg,FALSE,4
201508180600_1516_06876615.jpg,FALSE,4
201508180900_1516_6de82e18.jpg,FALSE,4
201508181200_1516_5e1e52bf.jpg,FALSE,4
201508181500_1516_70f19418.jpg,FALSE,4
201508181800_1516_47b244d1.jpg,FALSE,4
201508182100_1516_879b9ce8.jpg,FALSE,4
201508190000_1516_34752e5a.jpg,FALSE,4
201508190300_1516_1e84511a.jpg,FALSE,4
201508190600_1516_ef1b5c10.jpg,FALSE,4
201508190900_1516_90680f1a.jpg,FALSE,4
201508191200_1516_69eb0571.jpg,FALSE,4
201508191500_1516_55de3702.jpg,FALSE,4
201508191800_1516_05615624.jpg,FALSE,4
201508192100_1516_ccfca75f.jpg,FALSE,4
201508200000_1516_32e9d7bb.jpg,FALSE,4
201508200300_1516_e965674f.jpg,FALSE,4
201508200600_1516_fc0a8bfd.jpg,FALSE,4
201508200900_1516_0eb9aa9b.jpg,FALSE,4
201508201200_1516_892f70b8.jpg,FALSE,4
201508201500_1516_66a677d5.jpg,FALSE,4
201508201800_1516_0d6b59ea.jpg,FALSE,4
201508202100_1516_5824161f.jpg,FALSE,4
201508210000_1516_90e5deb8.jpg,FALSE,4
201508210300_1516_95624407.jpg,FALSE,4
201508210600_1516_8c976acd.jpg,FALSE,4
201508210900_1516_8f5f09b3.jpg,FALSE,4
201508211200_1516_d7717f70.jpg,FALSE,4
201508211500_1516_fe48197b.jpg,FALSE,4
201508211800_1516_3661f58a.jpg,FALSE,4
201508212100_1516_e308beb0.jpg,FALSE,4
201508220000_1516_57bd5f23.jpg,FALSE,4
201508220300_1516_336f32b4.jpg,FALSE,4
201508220600_1516_e8de4822.jpg,FALSE,4
201508220900_1516_edaecfb1.jpg,FALSE,4
201508221200_1516_e74e3e64.jpg,FALSE,4
201508221500_1516_a0b02196.jpg,FALSE,4
201508221800_1516_271d37f3.jpg,FALSE,4
201508222100_1516_df203675.jpg,FALSE,4
201508230000_1516_ad4ef885.jpg,FALSE,4
201508230300_1516_dd635e75.jpg,FALSE,4
201508230600_1516_b1e94e9d.jpg,FALSE,4
201508230900_1516_4200e9d9.jpg,FALSE,4
201508231200_1516_c953e27f.jpg,FALSE,4
201508231500_1516_24dd7909.jpg,FALSE,4
201508231800_1516_fabb4238.jpg,FALSE,4
201508231800_1516_8628e222.jpg,TRUE,
201508232100_1516_972a589c.jpg,FALSE,4
201508232100_1516_d4687f72.jpg,TRUE,
201508240000_1516_dd68ddf8.jpg,FALSE,4
201508240000_1516_9a532a5c.jpg,TRUE,
201508240300_1516_fc5a4cda.jpg,FALSE,4
201508240300_1516_14d83fe6.jpg,TRUE,
201508240600_1516_17c7477c.jpg,FALSE,4
201508240600_1516_5a671d12.jpg,TRUE,
201508240900_1516_1c5593fc.jpg,FALSE,4
201508240900_1516_8f8cc950.jpg,TRUE,
201508241200_1516_37c5fd43.jpg,FALSE,4
201508241200_1516_54349b71.jpg,TRUE,
201508241500_1516_b3e7039f.jpg,FALSE,4
201508241500_1516_643d88c3.jpg,TRUE,
201508241800_1516_52fda98a.jpg,FALSE,3
201508241800_1516_b6c6080f.jpg,TRUE,
201508242100_1516_e2111aed.jpg,FALSE,3
201508242100_1516_84aa08fb.jpg,TRUE,
201508250000_1516_a86195b6.jpg,FALSE,3
201508250000_1516_abed5f1f.jpg,TRUE,
201508250300_1516_004d223e.jpg,TRUE,
201508250600_1516_e43d1c4e.jpg,TRUE,
201508250900_1516_e373bcaa.jpg,TRUE,
201508251200_1516_a0b0de75.jpg,TRUE,
201508251500_1516_93715ddf.jpg,TRUE,
201508251800_1516_2e7ab368.jpg,TRUE,
201508252100_1516_6c8f003b.jpg,TRUE,
201508260000_1516_82080c0a.jpg,TRUE,
201508260300_1516_592b1c1b.jpg,TRUE,
201508260600_1516_e85ffa83.jpg,TRUE,
201508260900_1516_77ce87fd.jpg,TRUE,
201508261200_1516_63b0534c.jpg,TRUE,
201508261500_1516_ee220270.jpg,TRUE,
201508261800_1516_8c7831f5.jpg,TRUE,
201508262100_1516_10a8ffea.jpg,TRUE,
201508270000_1516_239006b0.jpg,TRUE,
201508270300_1516_07ce175e.jpg,TRUE,
201508270600_1516_0c605301.jpg,TRUE,
201508270900_1516_ad902b2e.jpg,TRUE,
201508271200_1516_9b54bcd7.jpg,TRUE,
201508271500_1516_4630eb09.jpg,TRUE,
201508271800_1516_8163ab30.jpg,TRUE,
201508272100_1516_fae0a32f.jpg,TRUE,
201508280000_1516_2e5ca458.jpg,TRUE,
201508280300_1516_87995d05.jpg,TRUE,
201508280600_1516_dbe331a5.jpg,TRUE,
201508280900_1516_6f994434.jpg,TRUE,
201508281200_1516_1d363a50.jpg,TRUE,
201508281500_1516_91aa3e97.jpg,TRUE,
201508281800_1516_b953ef7f.jpg,TRUE,
201508282100_1516_a89704f8.jpg,TRUE,
201508290000_1516_c6c9fcd4.jpg,TRUE,
201508290300_1516_98cc2e5a.jpg,TRUE,
201508290600_1516_0efc21bb.jpg,TRUE,
201509011800_1517_8df2cc8c.jpg,FALSE,4
201509011800_1517_2c183241.jpg,TRUE,
201509012100_1517_2419c460.jpg,FALSE,4
201509012100_1517_311d04fc.jpg,TRUE,
201509020000_1517_2be76c67.jpg,FALSE,4
201509020000_1517_c906d070.jpg,TRUE,
201509020300_1517_83ee88dc.jpg,FALSE,4
201509020300_1517_ca92d966.jpg,TRUE,
201509020600_1517_689558cd.jpg,FALSE,4
201509020600_1517_10e4154a.jpg,TRUE,
201509020900_1517_6dfd235b.jpg,FALSE,4
201509020900_1517_faf6c52b.jpg,TRUE,
201509021200_1517_9cb9800f.jpg,FALSE,4
201509021200_1517_88bf9ed4.jpg,TRUE,
201509021500_1517_dde44d0a.jpg,FALSE,4
201509021500_1517_b97dc4f1.jpg,TRUE,
201509021800_1517_1c677315.jpg,FALSE,4
201509021800_1517_842d3313.jpg,TRUE,
201509022100_1517_f15f31c5.jpg,FALSE,4
201509022100_1517_ab39c66e.jpg,TRUE,
201509030000_1517_3847a6ee.jpg,FALSE,4
201509030000_1517_713a1f6d.jpg,TRUE,
201509030300_1517_19fef179.jpg,FALSE,4
201509030300_1517_6346acad.jpg,TRUE,
201509030600_1517_07f7256c.jpg,FALSE,4
201509030600_1517_468ae49b.jpg,TRUE,
201509030900_1517_51f4ae2e.jpg,FALSE,4
201509030900_1517_792e5b40.jpg,TRUE,
201509031200_1517_d9d9bcd6.jpg,FALSE,4
201509031200_1517_8ce918ff.jpg,TRUE,
201509031500_1517_d7d320ba.jpg,FALSE,4
201509031500_1517_f207f721.jpg,TRUE,
201509031800_1517_2ff020d9.jpg,FALSE,4
201509031800_1517_2675c28a.jpg,TRUE,
201509032100_1517_2df5cfc8.jpg,FALSE,4
201509032100_1517_68e80305.jpg,TRUE,
201509040000_1517_560c55c5.jpg,FALSE,4
201509040000_1517_04e4e33d.jpg,TRUE,
201509040300_1517_6609b84c.jpg,FALSE,4
201509040300_1517_96016834.jpg,TRUE,
201509040600_1517_f1593c05.jpg,FALSE,4
201509040600_1517_53be533b.jpg,TRUE,
201509040900_1517_8ab23261.jpg,FALSE,4
201509040900_1517_a45cfad0.jpg,TRUE,
201509041200_1517_1adea250.jpg,FALSE,4
201509041200_1517_d5d6073e.jpg,TRUE,
201509041500_1517_e99f62e7.jpg,FALSE,4
201509041500_1517_36326a3b.jpg,TRUE,
201509041800_1517_4452b973.jpg,FALSE,4
201509041800_1517_ba6a3dd2.jpg,TRUE,
201509042100_1517_a21aff99.jpg,FALSE,4
201509042100_1517_41fe130d.jpg,TRUE,
201509050000_1517_7d889186.jpg,FALSE,4
201509050000_1517_5d5cce48.jpg,TRUE,
201509050300_1517_890075db.jpg,FALSE,4
201509050300_1517_f2dbe59d.jpg,TRUE,
201509050600_1517_da170338.jpg,FALSE,4
201509050600_1517_bf488d54.jpg,TRUE,
201509050900_1517_81c2c4e7.jpg,FALSE,4
201509050900_1517_a35056bb.jpg,TRUE,
201509051200_1517_47b84f20.jpg,FALSE,4
201509051200_1517_0fe002dc.jpg,TRUE,
201509051500_1517_ed245eb2.jpg,FALSE,4
201509051500_1517_a0ce1e0b.jpg,TRUE,
201509051800_1517_a504bbf1.jpg,FALSE,4
201509051800_1517_689eba39.jpg,TRUE,
201509052100_1517_4534edd4.jpg,FALSE,4
201509052100_1517_9552c6ff.jpg,TRUE,
201509060000_1517_040164e8.jpg,FALSE,4
201509060000_1517_f45f0233.jpg,TRUE,
201509060300_1517_0c8bf061.jpg,FALSE,4
201509060300_1517_efdd69a3.jpg,TRUE,
201509060600_1517_f5737f9d.jpg,FALSE,4
201509060600_1517_039f46d2.jpg,TRUE,
201509060900_1517_d242e79d.jpg,FALSE,4
201509060900_1517_d2f1b78b.jpg,TRUE,
201509061200_1517_e4f828a6.jpg,FALSE,4
201509061200_1517_833338ec.jpg,TRUE,
201509061500_1517_c0164e54.jpg,FALSE,4
201509061500_1517_ae1bbfac.jpg,TRUE,
201509061800_1517_68e81cb7.jpg,FALSE,4
201509061800_1517_d9f1b18a.jpg,TRUE,
201509062100_1517_076db8b1.jpg,FALSE,4
201509062100_1517_95899d67.jpg,TRUE,
201509070000_1517_1feb0205.jpg,FALSE,4
201509070000_1517_9b226d07.jpg,TRUE,
201509070300_1517_466a81b4.jpg,FALSE,4
201509070300_1517_fae389f0.jpg,TRUE,
201509070600_1517_02b10a81.jpg,FALSE,4
201509070600_1517_5cd92a85.jpg,TRUE,
201509070900_1517_abed9993.jpg,FALSE,4
201509070900_1517_81817ad3.jpg,TRUE,
201509071200_1517_cd838613.jpg,FALSE,4
201509071200_1517_0393d46d.jpg,TRUE,
201509071500_1517_5a26865a.jpg,FALSE,4
201509071500_1517_437995b5.jpg,TRUE,
201509071800_1517_9bc68570.jpg,FALSE,4
201509071800_1517_b8ccb0c2.jpg,TRUE,
201509072100_1517_dc35b154.jpg,FALSE,4
201509072100_1517_fc7bd540.jpg,TRUE,
201509080000_1517_7e0cef60.jpg,FALSE,4
201509080000_1517_dedea427.jpg,TRUE,
201509080300_1517_a221aec8.jpg,FALSE,4
201509080300_1517_6ea6e535.jpg,TRUE,
201509080600_1517_e32662f7.jpg,FALSE,4
201509080600_1517_edbe8bd5.jpg,TRUE,
201509080900_1517_d1df3f7a.jpg,FALSE,4
201509080900_1517_fc29c87b.jpg,TRUE,
201509081200_1517_ef9d1c66.jpg,FALSE,4
201509081200_1517_ad2613c2.jpg,TRUE,
201509081500_1517_06fab13a.jpg,FALSE,4
201509081500_1517_e41467b7.jpg,TRUE,
201509081800_1517_890ed21d.jpg,FALSE,4
201509081800_1517_37ef6034.jpg,TRUE,
201509082100_1517_e38a5e03.jpg,FALSE,4
201509082100_1517_d23f4ff1.jpg,TRUE,
201509090000_1517_74a94d31.jpg,FALSE,4
201509090000_1517_16107e63.jpg,TRUE,
201509090300_1517_608f927c.jpg,FALSE,4
201509090300_1517_5f7db2bf.jpg,TRUE,
201509090600_1517_8885b5f1.jpg,FALSE,4
201509090600_1517_ce180ffe.jpg,TRUE,
201509090900_1517_3177984c.jpg,FALSE,4
201509090900_1517_2b0a608e.jpg,TRUE,
201509091200_1517_1b3ac9f0.jpg,FALSE,3
201509091200_1517_705e9fae.jpg,TRUE,
201509091500_1517_9e90b8db.jpg,FALSE,3
201509091500_1517_87e3a1bc.jpg,TRUE,
201509091800_1517_cea61862.jpg,FALSE,3
201509091800_1517_f0c2b80b.jpg,TRUE,
201509092100_1517_bff7c1ed.jpg,FALSE,3
201509092100_1517_6990b7b6.jpg,TRUE,
201509100000_1517_0370ebb2.jpg,FALSE,3
201509100000_1517_e3a3003b.jpg,TRUE,
201509100300_1517_e42eb512.jpg,FALSE,3
201509100300_1517_6a8a75f6.jpg,TRUE,
201509100600_1517_c8906fff.jpg,FALSE,3
201509100600_1517_96f33ca3.jpg,TRUE,
201509100900_1517_f6fdfddc.jpg,FALSE,3
201509100900_1517_eeca89c7.jpg,TRUE,
201509101200_1517_8721a3f1.jpg,FALSE,3
201509101200_1517_8385f9a5.jpg,TRUE,
201509101500_1517_0bed6c5d.jpg,FALSE,3
201509101500_1517_75645d61.jpg,TRUE,
201509101800_1517_fe39032f.jpg,FALSE,3
201509101800_1517_551fd216.jpg,TRUE,
201509102100_1517_4a704078.jpg,FALSE,3
201509102100_1517_fa473556.jpg,TRUE,
201509110000_1517_c7a73bd6.jpg,FALSE,3
201509110000_1517_88e73f19.jpg,TRUE,
201509110300_1517_3d1132bc.jpg,FALSE,3
201509110300_1517_afb8c750.jpg,TRUE,
201509110600_1517_df20f021.jpg,FALSE,3
201509110600_1517_25aceb99.jpg,TRUE,
201509110900_1517_e9281942.jpg,TRUE,
201509111200_1517_751d6570.jpg,TRUE,
201509111500_1517_dd324c86.jpg,TRUE,
201509111800_1517_0ee3549b.jpg,TRUE,
201509112100_1517_e7a68ef6.jpg,TRUE,
201509120000_1517_7bea23a5.jpg,TRUE,
201509120300_1517_c7cd3106.jpg,TRUE,
201509120600_1517_f258e761.jpg,TRUE,
201509120900_1517_1793527f.jpg,TRUE,
201509121200_1517_f2a389e1.jpg,TRUE,
201509121500_1517_d00a12d8.jpg,TRUE,
201509121800_1517_d41e33a0.jpg,TRUE,
201509122100_1517_351acc89.jpg,TRUE,
201509060000_1518_6c4c96fd.jpg,FALSE,1
201509060000_1518_3676d490.jpg,TRUE,
201509060300_1518_fa701639.jpg,FALSE,1
201509060300_1518_ae1ce0f9.jpg,TRUE,
201509060600_1518_8dd7950b.jpg,FALSE,1
201509060600_1518_1f40817c.jpg,TRUE,
201509060900_1518_ea8bd52d.jpg,FALSE,1
201509060900_1518_b56cbd98.jpg,TRUE,
201509061200_1518_28cb0c17.jpg,FALSE,1
201509061200_1518_6dfce8f8.jpg,TRUE,
201509061500_1518_36929a23.jpg,FALSE,1
201509061500_1518_e8573c23.jpg,TRUE,
201509061800_1518_d14b8025.jpg,FALSE,1
201509061800_1518_ca630b8c.jpg,TRUE,
201509062100_1518_df651b36.jpg,FALSE,1
201509062100_1518_487b47db.jpg,TRUE,
201509070000_1518_16f6d4a1.jpg,FALSE,1
201509070000_1518_aa6a75de.jpg,TRUE,
201509070300_1518_87ccb900.jpg,FALSE,1
201509070300_1518_eedfbcfb.jpg,TRUE,
201509070600_1518_f30ca7f3.jpg,FALSE,1
201509070600_1518_0e7ae28a.jpg,TRUE,
201509070900_1518_038ec306.jpg,FALSE,1
201509070900_1518_22a5dd1b.jpg,TRUE,
201509071200_1518_43020253.jpg,FALSE,2
201509071200_1518_30869a2b.jpg,TRUE,
201509071500_1518_d7ed4526.jpg,FALSE,2
201509071500_1518_64ab1f79.jpg,TRUE,
201509071800_1518_03540703.jpg,FALSE,2
201509071800_1518_c6073772.jpg,TRUE,
201509072100_1518_fb384823.jpg,FALSE,2
201509072100_1518_23f64196.jpg,TRUE,
201509080000_1518_3085eb82.jpg,FALSE,2
201509080000_1518_15142e3a.jpg,TRUE,
201509080300_1518_6c3f697b.jpg,FALSE,2
201509080300_1518_e1ee07db.jpg,TRUE,
201509080600_1518_fb3424b8.jpg,FALSE,3
201509080600_1518_5bb1d45c.jpg,TRUE,
201509080900_1518_7ff65dfb.jpg,FALSE,3
201509080900_1518_0c75c3dd.jpg,TRUE,
201509081200_1518_9426dd93.jpg,FALSE,3
201509081200_1518_cb177e00.jpg,TRUE,
201509081500_1518_881e1bd3.jpg,FALSE,3
201509081500_1518_cfceaf00.jpg,TRUE,
201509081800_1518_6744c9bd.jpg,FALSE,3
201509081800_1518_8424c7e2.jpg,TRUE,
201509082100_1518_1d196622.jpg,FALSE,2
201509082100_1518_e529fd0c.jpg,TRUE,
201509090000_1518_57b1e289.jpg,FALSE,2
201509090000_1518_89091b8a.jpg,TRUE,
201509090300_1518_2e1f98b1.jpg,FALSE,2
201509090300_1518_6c3aa420.jpg,TRUE,
201509090600_1518_c484673e.jpg,TRUE,
201509090900_1518_e6dac652.jpg,TRUE,
201509091200_1518_3a28484c.jpg,TRUE,
201509091500_1518_bff267d2.jpg,TRUE,
201509091800_1518_b19e4a2f.jpg,TRUE,
201509092100_1518_7d402688.jpg,TRUE,
201509100000_1518_9fb1cbfa.jpg,TRUE,
201509100300_1518_109dc219.jpg,TRUE,
201509100600_1518_d809d01a.jpg,TRUE,
201509100900_1518_6b11852b.jpg,TRUE,
201509101200_1518_edf6bab9.jpg,TRUE,
201509101500_1518_a54c64e0.jpg,TRUE,
201509101800_1518_76fb2d3c.jpg,TRUE,
201509102100_1518_62ebbe51.jpg,TRUE,
201509110000_1518_60caaa1e.jpg,TRUE,
201509110300_1518_582b395e.jpg,TRUE,
201509110600_1518_39fd5a5e.jpg,TRUE,
201509110900_1518_a70d4bc3.jpg,TRUE,
201509111200_1518_1da4cdea.jpg,TRUE,
201509130000_1519_51e1383c.jpg,FALSE,1
201509130300_1519_fd8d6d52.jpg,FALSE,1
201509130600_1519_98993003.jpg,FALSE,1
201509130900_1519_e05e8d48.jpg,FALSE,1
201509131200_1519_403b3207.jpg,FALSE,1
201509131500_1519_01e2e4d6.jpg,FALSE,1
201509131800_1519_142a573c.jpg,FALSE,2
201509132100_1519_a238dd1a.jpg,FALSE,2
201509140000_1519_27aff297.jpg,FALSE,2
201509140300_1519_0afdbd2b.jpg,FALSE,2
201509140600_1519_93941f60.jpg,FALSE,2
201509140900_1519_81e78860.jpg,FALSE,2
201509141200_1519_32e5df2b.jpg,FALSE,2
201509141500_1519_4baaede9.jpg,FALSE,2
201509141800_1519_db317243.jpg,FALSE,2
201509142100_1519_f97c5057.jpg,FALSE,2
201509150000_1519_a9fb3bc1.jpg,FALSE,1
201509150300_1519_7926923c.jpg,FALSE,1
201509150600_1519_1500bbf2.jpg,FALSE,1
201509131800_1520_b6ea2d1d.jpg,FALSE,1
201509132100_1520_6df887d7.jpg,FALSE,1
201509140000_1520_a04c023b.jpg,FALSE,1
201509140300_1520_ae470926.jpg,FALSE,1
201509140600_1520_a33a7192.jpg,FALSE,1
201509140900_1520_2c4e9362.jpg,FALSE,1
201509141200_1520_3ca87290.jpg,FALSE,1
201509141500_1520_6420758b.jpg,FALSE,1
201509141800_1520_022729e9.jpg,FALSE,1
201509142100_1520_4328d54f.jpg,FALSE,1
201509150000_1520_82bd4a66.jpg,FALSE,1
201509150300_1520_b9fe8db3.jpg,FALSE,1
201509150600_1520_30746cd5.jpg,FALSE,1
201509150900_1520_3190941c.jpg,FALSE,1
201509150900_1520_2a21b645.jpg,TRUE,
201509151200_1520_21f0e89e.jpg,FALSE,1
201509151200_1520_85de41ff.jpg,TRUE,
201509151500_1520_45ac7e9c.jpg,FALSE,1
201509151500_1520_66f72d24.jpg,TRUE,
201509151800_1520_c6a585ab.jpg,FALSE,2
201509151800_1520_9b8715e0.jpg,TRUE,
201509152100_1520_b0953e29.jpg,FALSE,2
201509152100_1520_56d12e10.jpg,TRUE,
201509160000_1520_76cee5e1.jpg,FALSE,2
201509160000_1520_27be679e.jpg,TRUE,
201509160300_1520_44a5b230.jpg,FALSE,2
201509160300_1520_efa1cef1.jpg,TRUE,
201509160600_1520_1ff295e0.jpg,FALSE,3
201509160600_1520_f28470ef.jpg,TRUE,
201509160900_1520_1e59c157.jpg,FALSE,3
201509160900_1520_d5f5c0bc.jpg,TRUE,
201509161200_1520_6b53d22d.jpg,FALSE,3
201509161200_1520_d0e1ec9f.jpg,TRUE,
201509161500_1520_b2c0926d.jpg,FALSE,3
201509161500_1520_28cffa6b.jpg,TRUE,
201509161800_1520_bb9e7ae5.jpg,FALSE,4
201509161800_1520_596e70f0.jpg,TRUE,
201509162100_1520_a635f4a7.jpg,FALSE,4
201509162100_1520_88190dc6.jpg,TRUE,
201509170000_1520_b33be51c.jpg,FALSE,4
201509170000_1520_ad07e90c.jpg,TRUE,
201509170300_1520_582d000b.jpg,FALSE,4
201509170300_1520_3ee5994d.jpg,TRUE,
201509170600_1520_f881f9a2.jpg,FALSE,4
201509170600_1520_4ca3cf0f.jpg,TRUE,
201509170900_1520_cf0d1c39.jpg,FALSE,4
201509170900_1520_a6347d28.jpg,TRUE,
201509171200_1520_3e9327ab.jpg,FALSE,4
201509171200_1520_b3b38b3b.jpg,TRUE,
201509171500_1520_86e6d79d.jpg,FALSE,4
201509171500_1520_9cda254e.jpg,TRUE,
201509171800_1520_5e16c7a3.jpg,FALSE,4
201509171800_1520_d508df8f.jpg,TRUE,
201509172100_1520_d7f5561a.jpg,FALSE,4
201509172100_1520_fbedc096.jpg,TRUE,
201509180000_1520_e1dfe091.jpg,FALSE,4
201509180000_1520_bd735f71.jpg,TRUE,
201509180300_1520_583d3efb.jpg,FALSE,4
201509180300_1520_9219bfe4.jpg,TRUE,
201509180600_1520_376a25e2.jpg,FALSE,4
201509180600_1520_bdef71dd.jpg,TRUE,
201509180900_1520_778c2301.jpg,FALSE,4
201509180900_1520_a93df1e7.jpg,TRUE,
201509181200_1520_dce73c65.jpg,FALSE,4
201509181200_1520_1392fef5.jpg,TRUE,
201509181500_1520_687dd9ac.jpg,FALSE,4
201509181500_1520_3ac90b60.jpg,TRUE,
201509181800_1520_bf002dbc.jpg,FALSE,4
201509181800_1520_c7f37c2b.jpg,TRUE,
201509182100_1520_6c0ffd77.jpg,FALSE,4
201509182100_1520_df19fa2f.jpg,TRUE,
201509190000_1520_38975672.jpg,FALSE,4
201509190000_1520_3eef3202.jpg,TRUE,
201509190300_1520_ed559f9f.jpg,FALSE,4
201509190300_1520_2f481823.jpg,TRUE,
201509190600_1520_893040e8.jpg,FALSE,4
201509190600_1520_5e733c9e.jpg,TRUE,
201509190900_1520_bd22c0cc.jpg,FALSE,4
201509190900_1520_e9b7b43e.jpg,TRUE,
201509191200_1520_a12402b9.jpg,FALSE,4
201509191200_1520_9d5add4d.jpg,TRUE,
201509191500_1520_db1e8482.jpg,FALSE,4
201509191500_1520_313c43bb.jpg,TRUE,
201509191800_1520_be90fda1.jpg,FALSE,3
201509191800_1520_c236105d.jpg,TRUE,
201509192100_1520_89ffd56e.jpg,FALSE,3
201509192100_1520_2897b1d9.jpg,TRUE,
201509200000_1520_259f2009.jpg,FALSE,3
201509200000_1520_7324d902.jpg,TRUE,
201509200300_1520_a9a4966a.jpg,FALSE,3
201509200300_1520_b381a4ca.jpg,TRUE,
201509200600_1520_48430c66.jpg,FALSE,2
201509200600_1520_fc2f7088.jpg,TRUE,
201509200900_1520_1e6f5f79.jpg,FALSE,2
201509200900_1520_7b9a2887.jpg,TRUE,
201509201200_1520_6b89801e.jpg,FALSE,2
201509201200_1520_5134352f.jpg,TRUE,
201509201500_1520_072173f6.jpg,FALSE,2
201509201500_1520_9297aa66.jpg,TRUE,
201509201800_1520_d596bd6e.jpg,FALSE,2
201509201800_1520_edd6f971.jpg,TRUE,
201509202100_1520_3ab7b536.jpg,FALSE,2
201509202100_1520_1ba6c73e.jpg,TRUE,
201509210000_1520_46abec86.jpg,FALSE,2
201509210000_1520_78a5c7aa.jpg,TRUE,
201509210300_1520_9faccbf3.jpg,FALSE,2
201509210300_1520_b534b23c.jpg,TRUE,
201509210600_1520_f8149304.jpg,FALSE,2
201509210600_1520_cbd20548.jpg,TRUE,
201509210900_1520_eccb0f85.jpg,TRUE,
201509211200_1520_d0892ec2.jpg,TRUE,
201509211500_1520_f1a2720a.jpg,TRUE,
201509211800_1520_7d1c01b7.jpg,TRUE,
201509212100_1520_9b10f0b3.jpg,TRUE,
201509220000_1520_224f779a.jpg,TRUE,
201509220300_1520_4b07e5a9.jpg,TRUE,
201509220600_1520_1324df80.jpg,TRUE,
201509191800_1521_a64a9110.jpg,FALSE,1
201509191800_1521_c6ee9d32.jpg,TRUE,
201509192100_1521_af014c20.jpg,FALSE,1
201509192100_1521_d604a337.jpg,TRUE,
201509200000_1521_54a91f3b.jpg,FALSE,1
201509200000_1521_a22cbba9.jpg,TRUE,
201509200300_1521_abce4e80.jpg,FALSE,1
201509200300_1521_335c849d.jpg,TRUE,
201509200600_1521_3c7d61fe.jpg,FALSE,1
201509200600_1521_e6471b9f.jpg,TRUE,
201509200900_1521_aecd6161.jpg,FALSE,1
201509200900_1521_35f88582.jpg,TRUE,
201509201200_1521_8b23145f.jpg,FALSE,1
201509201200_1521_008d1e05.jpg,TRUE,
201509201500_1521_f75ce331.jpg,FALSE,1
201509201500_1521_b9e224f2.jpg,TRUE,
201509201800_1521_abf71177.jpg,FALSE,1
201509201800_1521_9bd82c94.jpg,TRUE,
201509202100_1521_65f2d93a.jpg,FALSE,1
201509202100_1521_9865cc08.jpg,TRUE,
201509210000_1521_81963bfe.jpg,FALSE,1
201509210000_1521_88cddfac.jpg,TRUE,
201509210300_1521_02acf788.jpg,FALSE,1
201509210300_1521_acf1d8dd.jpg,TRUE,
201509210600_1521_91c5f5af.jpg,FALSE,1
201509210600_1521_f7b1f134.jpg,TRUE,
201509210900_1521_5d815612.jpg,FALSE,1
201509210900_1521_92940d82.jpg,TRUE,
201509211200_1521_f4394f35.jpg,FALSE,1
201509211200_1521_5e9ec58b.jpg,TRUE,
201509211500_1521_a3f9f4bb.jpg,FALSE,1
201509211500_1521_442ccf40.jpg,TRUE,
201509211800_1521_35754bf6.jpg,FALSE,1
201509211800_1521_636a59a9.jpg,TRUE,
201509212100_1521_9601ac03.jpg,FALSE,1
201509212100_1521_4affb91a.jpg,TRUE,
201509220000_1521_5ea9db07.jpg,FALSE,1
201509220000_1521_3a8028de.jpg,TRUE,
201509220300_1521_2741e5d5.jpg,FALSE,1
201509220300_1521_559bb1a8.jpg,TRUE,
201509220600_1521_90c39705.jpg,FALSE,1
201509220600_1521_b01c0d9a.jpg,TRUE,
201509220900_1521_d8707c0e.jpg,FALSE,1
201509221200_1521_9fb6da9d.jpg,FALSE,2
201509221500_1521_c2b08948.jpg,FALSE,2
201509221800_1521_ad1ef579.jpg,FALSE,2
201509222100_1521_da8a8dc3.jpg,FALSE,2
201509230000_1521_b83db5d0.jpg,FALSE,2
201509230300_1521_e6b12b68.jpg,FALSE,2
201509230600_1521_4932dc68.jpg,FALSE,2
201509230900_1521_72fd56c2.jpg,FALSE,2
201509231200_1521_464d0783.jpg,FALSE,2
201509231500_1521_a27dd02e.jpg,FALSE,2
201509231800_1521_95ce7412.jpg,FALSE,2
201509232100_1521_77e03d6b.jpg,FALSE,2
201509240000_1521_51be8570.jpg,FALSE,2
201509240300_1521_3a40231b.jpg,FALSE,2
201509240600_1521_0d9dd582.jpg,FALSE,3
201509240900_1521_db597004.jpg,FALSE,3
201509241200_1521_737f5f3d.jpg,FALSE,3
201509241500_1521_8a0af98e.jpg,FALSE,3
201509241800_1521_9130dda4.jpg,FALSE,3
201509242100_1521_1c23cb42.jpg,FALSE,3
201509250000_1521_efbcb5f3.jpg,FALSE,3
201509250300_1521_dbc56190.jpg,FALSE,3
201509250600_1521_bbbe5955.jpg,FALSE,4
201509250900_1521_57003561.jpg,FALSE,4
201509251200_1521_fa53f9fb.jpg,FALSE,4
201509251500_1521_68d7d855.jpg,FALSE,4
201509251800_1521_823ec0fa.jpg,FALSE,4
201509252100_1521_0b9dc657.jpg,FALSE,4
201509260000_1521_905f3301.jpg,FALSE,4
201509260300_1521_1b4b249a.jpg,FALSE,4
201509260600_1521_4339b441.jpg,FALSE,4
201509260900_1521_270fc614.jpg,FALSE,4
201509261200_1521_70ec05e5.jpg,FALSE,4
201509261500_1521_144222f8.jpg,FALSE,4
201509261800_1521_da2df33f.jpg,FALSE,4
201509262100_1521_ff61aa04.jpg,FALSE,4
201509270000_1521_7564c8a9.jpg,FALSE,4
201509270300_1521_a6b16e37.jpg,FALSE,4
201509270600_1521_c7fa3d46.jpg,FALSE,4
201509270900_1521_6e20bb7c.jpg,FALSE,4
201509271200_1521_dab3f555.jpg,FALSE,4
201509271500_1521_6aee500c.jpg,FALSE,4
201509271800_1521_9bc6cd4f.jpg,FALSE,4
201509272100_1521_baae6290.jpg,FALSE,4
201509280000_1521_c81b52ab.jpg,FALSE,4
201509280300_1521_f239d921.jpg,FALSE,4
201509280600_1521_1a8d5a60.jpg,FALSE,4
201509280900_1521_6de0be93.jpg,FALSE,4
201509281200_1521_21345e49.jpg,FALSE,4
201509281500_1521_ed45aa5c.jpg,FALSE,4
201509281800_1521_ae303f50.jpg,FALSE,4
201509282100_1521_a7cec5ac.jpg,FALSE,4
201509290000_1521_a2f8dd40.jpg,FALSE,3
201509290300_1521_5ab0be1c.jpg,FALSE,3
201509290300_1521_27de4989.jpg,TRUE,
201509290600_1521_099a6e71.jpg,FALSE,2
201509290600_1521_bc0518ca.jpg,TRUE,
201509290900_1521_21e7b398.jpg,FALSE,2
201509290900_1521_a4db9224.jpg,TRUE,
201509291200_1521_1825b5ce.jpg,FALSE,1
201509291200_1521_e0cbd57c.jpg,TRUE,
201509291500_1521_b73b7ff2.jpg,FALSE,1
201509291500_1521_d997102b.jpg,TRUE,
201509291800_1521_0d555ea9.jpg,FALSE,1
201509291800_1521_cece1957.jpg,TRUE,
201509292100_1521_b318b6a6.jpg,FALSE,1
201509292100_1521_8a346b22.jpg,TRUE,
201509300000_1521_a5149808.jpg,FALSE,1
201509300000_1521_39b9a117.jpg,TRUE,
201509300300_1521_56c4579b.jpg,FALSE,1
201509300300_1521_cd92cc1e.jpg,TRUE,
201509300600_1521_00826467.jpg,FALSE,1
201509300600_1521_b0a25ff8.jpg,TRUE,
201509301800_1522_3e89fa5e.jpg,FALSE,1
201509302100_1522_c169e8df.jpg,FALSE,1
201510010000_1522_3938cadc.jpg,FALSE,1
201510010300_1522_4a550a40.jpg,FALSE,1
201510010600_1522_88ab3d27.jpg,FALSE,1
201510010900_1522_7ca1ef58.jpg,FALSE,1
201510011200_1522_26d6e94b.jpg,FALSE,2
201510011500_1522_62f52197.jpg,FALSE,2
201510011800_1522_a94d13eb.jpg,FALSE,2
201510012100_1522_5719ece8.jpg,FALSE,2
201510020000_1522_0806696a.jpg,FALSE,2
201510020300_1522_ea479c64.jpg,FALSE,2
201510020600_1522_f6aa9848.jpg,FALSE,2
201510020900_1522_f58986e8.jpg,FALSE,2
201510021200_1522_0e8c67d8.jpg,FALSE,3
201510021500_1522_fef52e8d.jpg,FALSE,3
201510021800_1522_301490ee.jpg,FALSE,3
201510022100_1522_6d2a3be5.jpg,FALSE,3
201510030000_1522_c48412f2.jpg,FALSE,3
201510030300_1522_ce50b69f.jpg,FALSE,3
201510030600_1522_26c181c8.jpg,FALSE,3
201510030900_1522_7d55d45c.jpg,FALSE,3
201510031200_1522_2ec24208.jpg,FALSE,4
201510031500_1522_e45e7865.jpg,FALSE,4
201510031800_1522_cb292eb0.jpg,FALSE,4
201510032100_1522_e94021ba.jpg,FALSE,4
201510040000_1522_74d61b3b.jpg,FALSE,4
201510040300_1522_443efc7c.jpg,FALSE,4
201510040600_1522_fb1c1a86.jpg,FALSE,4
201510040900_1522_c4b7e2f2.jpg,FALSE,4
201510041200_1522_622c4cf0.jpg,FALSE,4
201510041500_1522_6b6e3469.jpg,FALSE,4
201510041800_1522_b77ce96f.jpg,FALSE,3
201510042100_1522_8ad27927.jpg,FALSE,3
201510050000_1522_7efe1b4a.jpg,FALSE,1
201510010600_1523_31a69362.jpg,FALSE,1
201510010900_1523_2198896e.jpg,FALSE,1
201510011200_1523_cf028225.jpg,FALSE,1
201510011500_1523_a6cbdfd0.jpg,FALSE,1
201510011800_1523_3e12090c.jpg,FALSE,1
201510012100_1523_10a91075.jpg,FALSE,1
201510020000_1523_55303c9e.jpg,FALSE,1
201510020300_1523_acb7a6a5.jpg,FALSE,1
201510020600_1523_863521c2.jpg,FALSE,2
201510020900_1523_327a80fa.jpg,FALSE,2
201510021200_1523_873ccfa0.jpg,FALSE,2
201510021500_1523_0a08e5c6.jpg,FALSE,2
201510021800_1523_d86d40e8.jpg,FALSE,2
201510022100_1523_bb52bb40.jpg,FALSE,2
201510030000_1523_8b6e49a9.jpg,FALSE,2
201510030300_1523_a23a1359.jpg,FALSE,2
201510030600_1523_627289e7.jpg,FALSE,2
201510030900_1523_90e487c7.jpg,FALSE,2
201510031200_1523_f176f7b5.jpg,FALSE,2
201510031500_1523_a199b7a8.jpg,FALSE,2
201510031800_1523_a516f391.jpg,FALSE,2
201510032100_1523_b122f8e8.jpg,FALSE,2
201510040000_1523_fccb956a.jpg,FALSE,2
201510040300_1523_b28c7069.jpg,FALSE,2
201510040600_1523_55609960.jpg,FALSE,2
201510040900_1523_d3dd5776.jpg,FALSE,2
201510041200_1523_6ce51fda.jpg,FALSE,2
201510041500_1523_4697bb28.jpg,FALSE,2
201510041800_1523_e66396d5.jpg,FALSE,2
201510042100_1523_2897c96e.jpg,FALSE,2
201510050000_1523_44ef68db.jpg,FALSE,3
201510050300_1523_c0311423.jpg,FALSE,3
201510050300_1523_dceae569.jpg,TRUE,
201510050600_1523_eec69092.jpg,FALSE,3
201510050600_1523_deb0de01.jpg,TRUE,
201510050900_1523_946445c3.jpg,FALSE,3
201510050900_1523_b2409658.jpg,TRUE,
201510051200_1523_d3ca9b4e.jpg,FALSE,3
201510051200_1523_80d533a3.jpg,TRUE,
201510051500_1523_4a6665b8.jpg,FALSE,3
201510051500_1523_88115a94.jpg,TRUE,
201510051800_1523_43422d6c.jpg,FALSE,3
201510051800_1523_961e2e6d.jpg,TRUE,
201510052100_1523_0abdb628.jpg,FALSE,3
201510052100_1523_20995ea5.jpg,TRUE,
201510060000_1523_c5032ab8.jpg,FALSE,3
201510060000_1523_c457fb9f.jpg,TRUE,
201510060300_1523_ecbde69a.jpg,FALSE,3
201510060300_1523_3e7ff406.jpg,TRUE,
201510060600_1523_7ab92363.jpg,FALSE,3
201510060600_1523_4be073b4.jpg,TRUE,
201510060900_1523_3c1ee6fd.jpg,FALSE,3
201510060900_1523_155f0233.jpg,TRUE,
201510061200_1523_c749a06d.jpg,FALSE,3
201510061200_1523_e41634cc.jpg,TRUE,
201510061500_1523_9b367d43.jpg,FALSE,3
201510061500_1523_ab63e233.jpg,TRUE,
201510061800_1523_883f9d3d.jpg,FALSE,3
201510061800_1523_94f2ba68.jpg,TRUE,
201510062100_1523_f353dcc2.jpg,FALSE,3
201510062100_1523_b7674f6c.jpg,TRUE,
201510070000_1523_9ea19dc8.jpg,FALSE,3
201510070000_1523_7e229b34.jpg,TRUE,
201510070300_1523_05a43a3b.jpg,FALSE,3
201510070300_1523_cacf300d.jpg,TRUE,
201510070600_1523_7dbe6592.jpg,FALSE,3
201510070600_1523_02b96661.jpg,TRUE,
201510070900_1523_a6ff2f8d.jpg,FALSE,3
201510070900_1523_f9d75407.jpg,TRUE,
201510071200_1523_e49317c7.jpg,FALSE,3
201510071200_1523_2540f260.jpg,TRUE,
201510071500_1523_b357f8c3.jpg,TRUE,
201510071800_1523_a1ea282e.jpg,TRUE,
201510072100_1523_9a202865.jpg,TRUE,
201510080000_1523_f3bd9c9f.jpg,TRUE,
201510080300_1523_8697f3e3.jpg,TRUE,
201510080600_1523_18a92773.jpg,TRUE,
201510080900_1523_48ef1136.jpg,TRUE,
201510081200_1523_082374ad.jpg,TRUE,
201510081500_1523_1560c36c.jpg,TRUE,
201510081800_1523_1e8158c4.jpg,TRUE,
201510082100_1523_893a2f11.jpg,TRUE,
201510090000_1523_84d03e96.jpg,TRUE,
201510090300_1523_89a9b8d6.jpg,TRUE,
201510090600_1523_e047bc6e.jpg,TRUE,
201510090900_1523_45d40bd1.jpg,TRUE,
201510091200_1523_198dcf0b.jpg,TRUE,
201510091500_1523_ecc904a9.jpg,TRUE,
201510091800_1523_8423400b.jpg,TRUE,
201510092100_1523_4f0a160c.jpg,TRUE,
201510100000_1523_91ed9b9b.jpg,TRUE,
201510100300_1523_f88d21c2.jpg,TRUE,
201510100600_1523_dfeeb2bd.jpg,TRUE,
201510100900_1523_26d642f7.jpg,TRUE,
201510101200_1523_2e8e0758.jpg,TRUE,
201510101500_1523_e92a2bf9.jpg,TRUE,
201510101800_1523_b953cf43.jpg,TRUE,
201510102100_1523_97651cc7.jpg,TRUE,
201510110000_1523_e1d187d9.jpg,TRUE,
201510110300_1523_77d1b8f7.jpg,TRUE,
201510110600_1523_e09ca967.jpg,TRUE,
201510110900_1523_808baae0.jpg,TRUE,
201510111200_1523_18a58611.jpg,TRUE,
201510111500_1523_43d1cea4.jpg,TRUE,
201510111800_1523_0835c336.jpg,TRUE,
201510120000_1524_f6a13998.jpg,FALSE,1
201510120000_1524_8b25d379.jpg,TRUE,
201510120300_1524_40b29420.jpg,FALSE,1
201510120300_1524_2e8352d5.jpg,TRUE,
201510120600_1524_93c74e6b.jpg,FALSE,1
201510120600_1524_fb4df84e.jpg,TRUE,
201510120900_1524_56072014.jpg,FALSE,1
201510120900_1524_56507f05.jpg,TRUE,
201510121200_1524_901ad03e.jpg,FALSE,1
201510121200_1524_c22b58ce.jpg,TRUE,
201510121500_1524_dd2b0271.jpg,FALSE,1
201510121500_1524_15a5b3ee.jpg,TRUE,
201510121800_1524_49dfd096.jpg,FALSE,1
201510121800_1524_18b1db0c.jpg,TRUE,
201510122100_1524_0aa71a05.jpg,FALSE,1
201510122100_1524_28fcd4a0.jpg,TRUE,
201510130000_1524_2fd01f32.jpg,FALSE,1
201510130000_1524_be013cac.jpg,TRUE,
201510130300_1524_fbd93335.jpg,FALSE,1
201510130300_1524_17ce730e.jpg,TRUE,
201510130600_1524_21de8596.jpg,FALSE,1
201510130600_1524_2595207e.jpg,TRUE,
201510130900_1524_0c77bfe3.jpg,FALSE,1
201510130900_1524_fb8a4bb6.jpg,TRUE,
201510131200_1524_a826f9d4.jpg,FALSE,2
201510131200_1524_c01a1849.jpg,TRUE,
201510131500_1524_5e148285.jpg,FALSE,2
201510131500_1524_35ef4005.jpg,TRUE,
201510131800_1524_3e55c0a2.jpg,FALSE,2
201510132100_1524_f8b0a65a.jpg,FALSE,2
201510140000_1524_607538c3.jpg,FALSE,2
201510140300_1524_e1e3a21f.jpg,FALSE,2
201510140600_1524_84b6fc16.jpg,FALSE,2
201510140900_1524_62f6a6fb.jpg,FALSE,2
201510141200_1524_27189b6f.jpg,FALSE,2
201510141500_1524_dd4e83da.jpg,FALSE,2
201510141800_1524_d13065f3.jpg,FALSE,2
201510142100_1524_7e06631f.jpg,FALSE,2
201510150000_1524_f1f78160.jpg,FALSE,2
201510150300_1524_f94b613b.jpg,FALSE,2
201510150600_1524_6cc33de6.jpg,FALSE,3
201510150900_1524_9579a5c4.jpg,FALSE,3
201510151200_1524_09b6deec.jpg,FALSE,3
201510151500_1524_b97a0959.jpg,FALSE,3
201510151800_1524_89936237.jpg,FALSE,4
201510152100_1524_60086403.jpg,FALSE,4
201510160000_1524_3613668e.jpg,FALSE,4
201510160300_1524_5fc92c64.jpg,FALSE,4
201510160600_1524_a7a53711.jpg,FALSE,4
201510160900_1524_aac28899.jpg,FALSE,4
201510161200_1524_d4c2d3b6.jpg,FALSE,4
201510161500_1524_2005c1c2.jpg,FALSE,4
201510161800_1524_b0a24042.jpg,FALSE,4
201510162100_1524_886779df.jpg,FALSE,4
201510170000_1524_482d988b.jpg,FALSE,4
201510170300_1524_6092a3e7.jpg,FALSE,4
201510170600_1524_80bec4a2.jpg,FALSE,4
201510170900_1524_affd62af.jpg,FALSE,4
201510171200_1524_003c0b7e.jpg,FALSE,4
201510171500_1524_a88c3085.jpg,FALSE,4
201510171800_1524_fb2266d7.jpg,FALSE,4
201510172100_1524_e68cec74.jpg,FALSE,4
201510180000_1524_4b0daa56.jpg,FALSE,4
201510180300_1524_bf2e048c.jpg,FALSE,4
201510180600_1524_8d960888.jpg,FALSE,4
201510180900_1524_dd92a294.jpg,FALSE,4
201510181200_1524_7463b075.jpg,FALSE,4
201510181500_1524_1ca85a2b.jpg,FALSE,4
201510181800_1524_42e1874d.jpg,FALSE,3
201510182100_1524_9ba86114.jpg,FALSE,3
201510190000_1524_900b8f49.jpg,FALSE,3
201510190300_1524_40e662ab.jpg,FALSE,3
201510190600_1524_407618d3.jpg,FALSE,2
201510190900_1524_8ede2296.jpg,FALSE,2
201510191200_1524_ffbaa028.jpg,FALSE,2
201510191500_1524_736629f7.jpg,FALSE,2
201510191800_1524_1b3d9ddd.jpg,FALSE,2
201510192100_1524_d4c680c7.jpg,FALSE,2
201510200000_1524_4f84353e.jpg,FALSE,2
201510200300_1524_386d2948.jpg,FALSE,2
201510200600_1524_fd00ef91.jpg,FALSE,2
201510200900_1524_2d9712b5.jpg,FALSE,2
201510201200_1524_993cf824.jpg,FALSE,2
201510201500_1524_a1abdb3c.jpg,FALSE,2
201510201800_1524_5102c58e.jpg,FALSE,2
201510202100_1524_cf675bd6.jpg,FALSE,2
201510210000_1524_ea8eec5e.jpg,FALSE,2
201510210300_1524_51b045d2.jpg,FALSE,2
201510210600_1524_1b9302cb.jpg,FALSE,1
201510130000_1525_ae3199f8.jpg,FALSE,1
201510130000_1525_9663d92c.jpg,TRUE,
201510130300_1525_d5c837c2.jpg,FALSE,1
201510130300_1525_d4be2da2.jpg,TRUE,
201510130600_1525_7dc696ef.jpg,FALSE,1
201510130600_1525_29ab2ec7.jpg,TRUE,
201510130900_1525_7acf78ad.jpg,FALSE,1
201510130900_1525_7d65a12e.jpg,TRUE,
201510131200_1525_61b71f55.jpg,FALSE,1
201510131200_1525_2012a1b4.jpg,TRUE,
201510131500_1525_1f0763c9.jpg,FALSE,1
201510131500_1525_bc78ba93.jpg,TRUE,
201510131800_1525_c8cb829e.jpg,FALSE,1
201510132100_1525_10877607.jpg,FALSE,1
201510140000_1525_0a4400ee.jpg,FALSE,2
201510140300_1525_b05c2294.jpg,FALSE,2
201510140600_1525_f1c87dfb.jpg,FALSE,2
201510140900_1525_a9fc151d.jpg,FALSE,2
201510141200_1525_6dc0f3f8.jpg,FALSE,2
201510141500_1525_6e174056.jpg,FALSE,2
201510141800_1525_692f3e86.jpg,FALSE,2
201510142100_1525_7abdd065.jpg,FALSE,2
201510150000_1525_39d977f6.jpg,FALSE,2
201510150300_1525_ed8454c8.jpg,FALSE,2
201510150600_1525_03e93016.jpg,FALSE,2
201510150900_1525_407d0591.jpg,FALSE,2
201510151200_1525_8339dcb5.jpg,FALSE,2
201510151500_1525_50b0459a.jpg,FALSE,2
201510151800_1525_fff40d53.jpg,FALSE,3
201510152100_1525_33e3826f.jpg,FALSE,3
201510160000_1525_b8eccef0.jpg,FALSE,3
201510160300_1525_cad5cf2c.jpg,FALSE,3
201510160600_1525_5303fe1f.jpg,FALSE,3
201510160900_1525_3649d0b6.jpg,FALSE,3
201510161200_1525_83f8c4bb.jpg,FALSE,4
201510161500_1525_8de43a04.jpg,FALSE,4
201510161800_1525_9bf8aac1.jpg,FALSE,4
201510162100_1525_21e42c01.jpg,FALSE,4
201510170000_1525_f7ec51d6.jpg,FALSE,4
201510170300_1525_b0fdb7ae.jpg,FALSE,4
201510170600_1525_7b146e3c.jpg,FALSE,4
201510170900_1525_fdf9e79a.jpg,FALSE,4
201510171200_1525_a52c900f.jpg,FALSE,4
201510171500_1525_6d4af828.jpg,FALSE,4
201510171800_1525_7474ad1d.jpg,FALSE,4
201510172100_1525_a78abbb9.jpg,FALSE,4
201510180000_1525_2b6ef516.jpg,FALSE,4
201510180300_1525_596f4c70.jpg,FALSE,4
201510180600_1525_128a6678.jpg,FALSE,4
201510180900_1525_a58967b9.jpg,FALSE,4
201510181200_1525_724cef62.jpg,FALSE,4
201510181500_1525_8c4e4b21.jpg,FALSE,4
201510181800_1525_e9bfc787.jpg,FALSE,4
201510182100_1525_c61eaaa7.jpg,FALSE,4
201510190000_1525_9181a197.jpg,FALSE,4
201510190300_1525_3a337f59.jpg,FALSE,4
201510190600_1525_c096aca7.jpg,FALSE,4
201510190900_1525_0670cc21.jpg,FALSE,4
201510191200_1525_17d72b69.jpg,FALSE,4
201510191500_1525_bc5343eb.jpg,FALSE,4
201510191800_1525_3beeeddd.jpg,FALSE,4
201510192100_1525_13b29c6d.jpg,FALSE,4
201510200000_1525_c78f2577.jpg,FALSE,4
201510200300_1525_6a112660.jpg,FALSE,4
201510200600_1525_f300b24f.jpg,FALSE,4
201510200900_1525_2d4dfe28.jpg,FALSE,4
201510201200_1525_f18e9406.jpg,FALSE,4
201510201500_1525_7c505ce7.jpg,FALSE,4
201510201800_1525_26b8603f.jpg,FALSE,4
201510202100_1525_2175a2e0.jpg,FALSE,4
201510210000_1525_3bb1104c.jpg,FALSE,4
201510210300_1525_fb2ea5b4.jpg,FALSE,4
201510210600_1525_24e299d2.jpg,FALSE,4
201510210900_1525_1fa68116.jpg,FALSE,4
201510210900_1525_af1da2a7.jpg,TRUE,
201510211200_1525_bdeee8a0.jpg,FALSE,4
201510211200_1525_fd7a477c.jpg,TRUE,
201510211500_1525_11917f1f.jpg,FALSE,4
201510211500_1525_7afa8ed6.jpg,TRUE,
201510211800_1525_57aacb50.jpg,FALSE,4
201510211800_1525_019e637c.jpg,TRUE,
201510212100_1525_84666dd2.jpg,FALSE,4
201510212100_1525_09706238.jpg,TRUE,
201510220000_1525_2bd9dc26.jpg,FALSE,4
201510220000_1525_b1669d46.jpg,TRUE,
201510220300_1525_075bebec.jpg,FALSE,4
201510220300_1525_19cc1463.jpg,TRUE,
201510220600_1525_93a6e086.jpg,FALSE,4
201510220600_1525_9290c15a.jpg,TRUE,
201510220900_1525_f550a54e.jpg,FALSE,4
201510220900_1525_651c4c9b.jpg,TRUE,
201510221200_1525_acf577bc.jpg,FALSE,4
201510221200_1525_e00d51b6.jpg,TRUE,
201510221500_1525_b1ff0baa.jpg,FALSE,4
201510221500_1525_b7627e3a.jpg,TRUE,
201510221800_1525_6c8b7ed6.jpg,FALSE,4
201510221800_1525_c58905a7.jpg,TRUE,
201510222100_1525_bb9ab345.jpg,FALSE,4
201510222100_1525_8a47c081.jpg,TRUE,
201510230000_1525_16869f6b.jpg,FALSE,4
201510230000_1525_81a4aab2.jpg,TRUE,
201510230300_1525_7c98e3c0.jpg,FALSE,4
201510230300_1525_d9ed0a7a.jpg,TRUE,
201510230600_1525_dfa8d0db.jpg,FALSE,4
201510230600_1525_b0d779c2.jpg,TRUE,
201510230900_1525_11aebc2f.jpg,FALSE,4
201510230900_1525_9bd4c0ba.jpg,TRUE,
201510231200_1525_22dfea65.jpg,FALSE,4
201510231200_1525_6e92e5bd.jpg,TRUE,
201510231500_1525_00fd632d.jpg,FALSE,4
201510231500_1525_cd21a2c8.jpg,TRUE,
201510231800_1525_922cb37e.jpg,FALSE,4
201510231800_1525_89c0e75f.jpg,TRUE,
201510232100_1525_c80bf671.jpg,FALSE,4
201510232100_1525_705568b9.jpg,TRUE,
201510240000_1525_14f804ee.jpg,FALSE,3
201510240000_1525_4c3a6dc1.jpg,TRUE,
201510240300_1525_1930ec78.jpg,FALSE,3
201510240300_1525_eb635fa4.jpg,TRUE,
201510240600_1525_66a6e52c.jpg,FALSE,3
201510240600_1525_2d66d9e0.jpg,TRUE,
201510240900_1525_e4673fa4.jpg,FALSE,3
201510240900_1525_9641e3b0.jpg,TRUE,
201510241200_1525_9298f1d6.jpg,FALSE,3
201510241200_1525_ade52762.jpg,TRUE,
201510241500_1525_d80cab27.jpg,FALSE,3
201510241500_1525_36f82031.jpg,TRUE,
201510241800_1525_ee18fcfe.jpg,FALSE,3
201510241800_1525_3c9cda5c.jpg,TRUE,
201510242100_1525_6ccf5fbe.jpg,FALSE,3
201510242100_1525_136605f6.jpg,TRUE,
201510250000_1525_aad8953c.jpg,FALSE,3
201510250000_1525_4d3f0b6f.jpg,TRUE,
201510250300_1525_1efc5bcb.jpg,FALSE,3
201510250300_1525_61b891b1.jpg,TRUE,
201510250600_1525_cf3612d8.jpg,FALSE,3
201510250600_1525_5aedf875.jpg,TRUE,
201510250900_1525_a8776e8c.jpg,TRUE,
201510251200_1525_5dd2f342.jpg,TRUE,
201510251500_1525_a9601987.jpg,TRUE,
201510251800_1525_e32a7555.jpg,TRUE,
201510252100_1525_dbba2631.jpg,TRUE,
201510260000_1525_f14e1e6b.jpg,TRUE,
201510260300_1525_cb63dcff.jpg,TRUE,
201510260600_1525_14ec81fc.jpg,TRUE,
201510260900_1525_5c033fd9.jpg,TRUE,
201510261200_1525_26461ede.jpg,TRUE,
201510261500_1525_7ae80f18.jpg,TRUE,
201510261800_1525_94375b3e.jpg,TRUE,
201511161800_1526_3d3c34bc.jpg,FALSE,1
201511161800_1526_ee727e88.jpg,TRUE,
201511162100_1526_0deccad5.jpg,FALSE,1
201511162100_1526_9661dcd7.jpg,TRUE,
201511170000_1526_f0de7395.jpg,FALSE,1
201511170000_1526_5522781d.jpg,TRUE,
201511170300_1526_8bb2bfba.jpg,FALSE,1
201511170300_1526_c3dc71c0.jpg,TRUE,
201511170600_1526_58a0b255.jpg,FALSE,1
201511170600_1526_89c2167b.jpg,TRUE,
201511170900_1526_80063814.jpg,FALSE,1
201511170900_1526_20ed5133.jpg,TRUE,
201511171200_1526_a12a2f99.jpg,FALSE,2
201511171200_1526_ba6a88bb.jpg,TRUE,
201511171500_1526_6ee87cc3.jpg,FALSE,2
201511171500_1526_f860a25a.jpg,TRUE,
201511171800_1526_9b100ab5.jpg,FALSE,2
201511171800_1526_1a98696f.jpg,TRUE,
201511172100_1526_01445ea7.jpg,FALSE,2
201511172100_1526_86288ec8.jpg,TRUE,
201511180000_1526_054e1a51.jpg,FALSE,2
201511180000_1526_658fdbff.jpg,TRUE,
201511180300_1526_a923e97c.jpg,FALSE,2
201511180300_1526_b6004045.jpg,TRUE,
201511180600_1526_6428a819.jpg,FALSE,2
201511180600_1526_e4f8bd4b.jpg,TRUE,
201511180900_1526_b27cf0e0.jpg,FALSE,2
201511180900_1526_e28c980d.jpg,TRUE,
201511181200_1526_cba115d3.jpg,FALSE,2
201511181200_1526_73c51c28.jpg,TRUE,
201511181500_1526_6464fd95.jpg,FALSE,2
201511181500_1526_5d1cad95.jpg,TRUE,
201511181800_1526_e6a45b30.jpg,FALSE,2
201511181800_1526_426e689d.jpg,TRUE,
201511182100_1526_91080b1f.jpg,FALSE,2
201511182100_1526_f711a992.jpg,TRUE,
201511190000_1526_f1888766.jpg,FALSE,2
201511190000_1526_a76c1450.jpg,TRUE,
201511190300_1526_f6d5521f.jpg,FALSE,2
201511190300_1526_656b943e.jpg,TRUE,
201511190600_1526_bb213a4c.jpg,FALSE,2
201511190600_1526_5356dfef.jpg,TRUE,
201511190900_1526_7aa5be67.jpg,FALSE,2
201511190900_1526_ba0d8bec.jpg,TRUE,
201511191200_1526_fd6faa88.jpg,FALSE,3
201511191200_1526_40a71176.jpg,TRUE,
201511191500_1526_e4054eb8.jpg,FALSE,3
201511191500_1526_6e918346.jpg,TRUE,
201511191800_1526_e2b42b82.jpg,FALSE,3
201511191800_1526_2d64cc91.jpg,TRUE,
201511192100_1526_2fac31c2.jpg,FALSE,3
201511192100_1526_62d6d0de.jpg,TRUE,
201511200000_1526_b342d7e2.jpg,FALSE,4
201511200000_1526_f66d648c.jpg,TRUE,
201511200300_1526_49f9ef2e.jpg,FALSE,4
201511200300_1526_eec91c54.jpg,TRUE,
201511200600_1526_865aa35b.jpg,FALSE,4
201511200600_1526_c3cadf6b.jpg,TRUE,
201511200900_1526_c189886e.jpg,FALSE,4
201511200900_1526_c1cae726.jpg,TRUE,
201511201200_1526_416b58d8.jpg,FALSE,4
201511201200_1526_696ad2e2.jpg,TRUE,
201511201500_1526_fdd1f84f.jpg,FALSE,4
201511201500_1526_c9d8c035.jpg,TRUE,
201511201800_1526_88f09ffa.jpg,FALSE,4
201511201800_1526_d8cc44ca.jpg,TRUE,
201511202100_1526_b06e75c3.jpg,FALSE,4
201511202100_1526_778c5ea9.jpg,TRUE,
201511210000_1526_c96b1bbc.jpg,FALSE,4
201511210000_1526_009f587f.jpg,TRUE,
201511210300_1526_602677b1.jpg,FALSE,4
201511210300_1526_d9176475.jpg,TRUE,
201511210600_1526_3689a361.jpg,FALSE,4
201511210600_1526_ef369ccf.jpg,TRUE,
201511210900_1526_8aac8ddb.jpg,FALSE,4
201511210900_1526_147211e7.jpg,TRUE,
201511211200_1526_12fc0845.jpg,FALSE,4
201511211200_1526_c69cfce8.jpg,TRUE,
201511211500_1526_ce337ff3.jpg,FALSE,4
201511211500_1526_cc6ce3df.jpg,TRUE,
201511211800_1526_49e52851.jpg,FALSE,4
201511212100_1526_88e22bc3.jpg,FALSE,4
201511220000_1526_0ecc8270.jpg,FALSE,4
201511220300_1526_89fea47c.jpg,FALSE,4
201511220600_1526_1fdaa6fa.jpg,FALSE,4
201511220900_1526_626f227e.jpg,FALSE,4
201511221200_1526_18332847.jpg,FALSE,4
201511221500_1526_8b21814c.jpg,FALSE,4
201511221800_1526_5de70882.jpg,FALSE,4
201511222100_1526_128cdb6f.jpg,FALSE,4
201511230000_1526_aff711ab.jpg,FALSE,4
201511230300_1526_717326da.jpg,FALSE,4
201511230600_1526_97b27459.jpg,FALSE,4
201511230900_1526_5e7fdbb6.jpg,FALSE,4
201511231200_1526_ade474c9.jpg,FALSE,4
201511231500_1526_e6ac498f.jpg,FALSE,4
201511231800_1526_dbba4bdc.jpg,FALSE,4
201511232100_1526_24efcc33.jpg,FALSE,4
201511240000_1526_18785ec4.jpg,FALSE,4
201511240300_1526_30c1ad60.jpg,FALSE,4
201511240600_1526_4f93b8f5.jpg,FALSE,4
201511240900_1526_89a016ac.jpg,FALSE,4
201511241200_1526_606bd14c.jpg,FALSE,3
201511241500_1526_c612a6d3.jpg,FALSE,3
201511241800_1526_61cfef3b.jpg,FALSE,3
201511242100_1526_8ea63248.jpg,FALSE,3
201511250000_1526_0ebdd2b2.jpg,FALSE,2
201511250300_1526_01b2aea7.jpg,FALSE,2
201511250600_1526_74991276.jpg,FALSE,2
201511250900_1526_471336ae.jpg,FALSE,2
201511251200_1526_0a26a306.jpg,FALSE,2
201511251500_1526_d8cf1ca2.jpg,FALSE,2
201511251800_1526_d06826bb.jpg,FALSE,2
201511252100_1526_19340b0e.jpg,FALSE,2
201511252100_1526_5ebf4374.jpg,TRUE,
201511260000_1526_25fb9705.jpg,FALSE,2
201511260000_1526_9aba5547.jpg,TRUE,
201511260300_1526_62be7f99.jpg,FALSE,2
201511260300_1526_bda277af.jpg,TRUE,
201511260600_1526_887755bc.jpg,FALSE,2
201511260600_1526_2acffd9e.jpg,TRUE,
201511260900_1526_fcd129f5.jpg,FALSE,2
201511260900_1526_bb6d7821.jpg,TRUE,
201511261200_1526_0a22cd70.jpg,FALSE,2
201511261200_1526_667ee4e5.jpg,TRUE,
201511261500_1526_bc01a399.jpg,FALSE,2
201511261500_1526_9ecaf955.jpg,TRUE,
201511261800_1526_852af53a.jpg,FALSE,2
201511261800_1526_fcb23843.jpg,TRUE,
201511262100_1526_ad3f47bc.jpg,TRUE,
201511270000_1526_fe7e5e86.jpg,TRUE,
201511270300_1526_abbf338f.jpg,TRUE,
201511270600_1526_f4441fca.jpg,TRUE,
201512100000_1527_aba31c66.jpg,FALSE,1
201512100000_1527_8b3c0367.jpg,TRUE,
201512100300_1527_2a6bfe9e.jpg,FALSE,1
201512100300_1527_49846ed0.jpg,TRUE,
201512100600_1527_bf549480.jpg,FALSE,1
201512100600_1527_70cdff61.jpg,TRUE,
201512100900_1527_32d7103d.jpg,FALSE,1
201512100900_1527_b74667a1.jpg,TRUE,
201512101200_1527_c0de5b25.jpg,FALSE,1
201512101200_1527_d6bfab31.jpg,TRUE,
201512101500_1527_3e13b4d2.jpg,FALSE,1
201512101500_1527_19f6aad5.jpg,TRUE,
201512101800_1527_e9d2c185.jpg,FALSE,1
201512101800_1527_49e54cde.jpg,TRUE,
201512102100_1527_dde87ad2.jpg,FALSE,1
201512102100_1527_cc203107.jpg,TRUE,
201512110000_1527_dc193ca9.jpg,FALSE,1
201512110000_1527_c39a3e05.jpg,TRUE,
201512110300_1527_52ad339a.jpg,FALSE,1
201512110300_1527_263a3bf0.jpg,TRUE,
201512110600_1527_eca00b5c.jpg,FALSE,2
201512110900_1527_06c804fc.jpg,FALSE,2
201512111200_1527_055a50f2.jpg,FALSE,2
201512111500_1527_bcb5fd58.jpg,FALSE,2
201512111800_1527_35185b6b.jpg,FALSE,2
201512112100_1527_c2dee8ae.jpg,FALSE,2
201512120000_1527_08806c7d.jpg,FALSE,2
201512120300_1527_3fd53c67.jpg,FALSE,2
201512120600_1527_d396f029.jpg,FALSE,2
201512120900_1527_11c17217.jpg,FALSE,2
201512121200_1527_30250cc1.jpg,FALSE,3
201512121500_1527_767c78bc.jpg,FALSE,3
201512121800_1527_429107e8.jpg,FALSE,4
201512122100_1527_96ca27ee.jpg,FALSE,4
201512130000_1527_0c3726c0.jpg,FALSE,4
201512130300_1527_4b470ca1.jpg,FALSE,4
201512130600_1527_097d0def.jpg,FALSE,4
201512130900_1527_b55c934f.jpg,FALSE,4
201512131200_1527_39bd1949.jpg,FALSE,4
201512131500_1527_52014805.jpg,FALSE,4
201512131800_1527_fa013c46.jpg,FALSE,4
201512132100_1527_9ed8b7c0.jpg,FALSE,4
201512140000_1527_fb22ef92.jpg,FALSE,4
201512140300_1527_349239a9.jpg,FALSE,4
201512140600_1527_b623c4d6.jpg,FALSE,4
201512140900_1527_63d8a2e4.jpg,FALSE,4
201512141200_1527_3a6047df.jpg,FALSE,4
201512141500_1527_a4f2106d.jpg,FALSE,4
201512141800_1527_59360827.jpg,FALSE,4
201512142100_1527_501f7cd0.jpg,FALSE,4
201512150000_1527_32fbf955.jpg,FALSE,4
201512150300_1527_0ab10e0b.jpg,FALSE,4
201512150600_1527_0e2836bf.jpg,FALSE,4
201512150900_1527_f06461f2.jpg,FALSE,4
201512151200_1527_887c8189.jpg,FALSE,4
201512151500_1527_fd3ebc6f.jpg,FALSE,4
201512151800_1527_0e477aae.jpg,FALSE,4
201512152100_1527_3a6f69ca.jpg,FALSE,4
201512160000_1527_ff430242.jpg,FALSE,4
201512160300_1527_d998cd1b.jpg,FALSE,4
201512160600_1527_3cc0ad31.jpg,FALSE,3
201512160900_1527_9e43eae4.jpg,FALSE,3
201512161200_1527_9b100934.jpg,FALSE,2
201512161500_1527_8e6db977.jpg,FALSE,2
201512161800_1527_f4baa576.jpg,FALSE,2
201512162100_1527_6a3d1691.jpg,FALSE,2
201512170000_1527_7d152f8d.jpg,FALSE,1
201607021200_1601_13470701.jpg,FALSE,1
201607021200_1601_99df468c.jpg,TRUE,
201607021500_1601_41325ca1.jpg,FALSE,1
201607021500_1601_7b5c5a7c.jpg,TRUE,
201607021800_1601_a528a26d.jpg,FALSE,1
201607021800_1601_abaffc29.jpg,TRUE,
201607022100_1601_ca3ba7a6.jpg,FALSE,1
201607022100_1601_2265b0b1.jpg,TRUE,
201607030000_1601_9c9c2bc9.jpg,FALSE,2
201607030000_1601_76a13bf4.jpg,TRUE,
201607030300_1601_52670eaa.jpg,FALSE,2
201607030300_1601_df38d8f5.jpg,TRUE,
201607030600_1601_bb6fe16a.jpg,FALSE,2
201607030600_1601_84514a07.jpg,TRUE,
201607030900_1601_d6d9d1f7.jpg,FALSE,2
201607030900_1601_b30b125d.jpg,TRUE,
201607031200_1601_65f92e69.jpg,FALSE,2
201607031200_1601_8e654f21.jpg,TRUE,
201607031500_1601_95e6e8bc.jpg,FALSE,2
201607031500_1601_81c92505.jpg,TRUE,
201607031800_1601_8aa065f3.jpg,FALSE,2
201607031800_1601_c923f5ec.jpg,TRUE,
201607032100_1601_40c96756.jpg,FALSE,2
201607032100_1601_390f1661.jpg,TRUE,
201607040000_1601_42b0504a.jpg,FALSE,2
201607040000_1601_68d80c23.jpg,TRUE,
201607040300_1601_ed74eb6a.jpg,FALSE,2
201607040300_1601_7236a5b1.jpg,TRUE,
201607040600_1601_9ca2c64e.jpg,FALSE,2
201607040600_1601_5a98d169.jpg,TRUE,
201607040900_1601_f18adea3.jpg,FALSE,2
201607040900_1601_f02c31e6.jpg,TRUE,
201607041200_1601_cff32ecf.jpg,FALSE,3
201607041200_1601_40a3b27a.jpg,TRUE,
201607041500_1601_557fc00f.jpg,FALSE,3
201607041500_1601_b2bcc865.jpg,TRUE,
201607041800_1601_205a055a.jpg,FALSE,3
201607041800_1601_8a0becd0.jpg,TRUE,
201607042100_1601_225a9890.jpg,FALSE,3
201607050000_1601_cf573240.jpg,FALSE,4
201607050300_1601_c0309c06.jpg,FALSE,4
201607050600_1601_50a5b8ff.jpg,FALSE,4
201607050900_1601_7fcd60ec.jpg,FALSE,4
201607051200_1601_0ec48487.jpg,FALSE,4
201607051500_1601_3a77ffd0.jpg,FALSE,4
201607051800_1601_c65b39ad.jpg,FALSE,4
201607052100_1601_91c28942.jpg,FALSE,4
201607060000_1601_2792b69b.jpg,FALSE,4
201607060300_1601_d2c5db90.jpg,FALSE,4
201607060600_1601_813ebe4a.jpg,FALSE,4
201607060900_1601_ea3a3a88.jpg,FALSE,4
201607061200_1601_7486a81d.jpg,FALSE,4
201607061500_1601_5cfc0f5f.jpg,FALSE,4
201607061800_1601_9a17aeeb.jpg,FALSE,4
201607062100_1601_0b33abe3.jpg,FALSE,4
201607070000_1601_d2683eab.jpg,FALSE,4
201607070300_1601_23c780d3.jpg,FALSE,4
201607070600_1601_0b98d893.jpg,FALSE,4
201607070900_1601_d7f8b3af.jpg,FALSE,4
201607071200_1601_025ef312.jpg,FALSE,4
201607071500_1601_b1ef86f5.jpg,FALSE,4
201607071800_1601_39b43b1d.jpg,FALSE,4
201607072100_1601_c856b846.jpg,FALSE,4
201607080000_1601_1734e756.jpg,FALSE,4
201607080300_1601_d7940f3d.jpg,FALSE,4
201607080600_1601_bf194110.jpg,FALSE,4
201607080900_1601_8ee2ab29.jpg,FALSE,4
201607081200_1601_556aa3fd.jpg,FALSE,3
201607081500_1601_b7b04002.jpg,FALSE,3
201607081800_1601_debc2585.jpg,FALSE,2
201607082100_1601_228d68be.jpg,FALSE,2
201607090000_1601_e689fd99.jpg,FALSE,2
201607090300_1601_2dbca25a.jpg,FALSE,2
201607090600_1601_6ac95eee.jpg,FALSE,1
201607090900_1601_edf7526b.jpg,FALSE,1
201607090900_1601_5f39fc46.jpg,TRUE,
201607091200_1601_72cbeaf5.jpg,FALSE,1
201607091200_1601_c8d3ee27.jpg,TRUE,
201607091500_1601_fd2fffe7.jpg,FALSE,1
201607091500_1601_e97e2db2.jpg,TRUE,
201607091800_1601_19411062.jpg,FALSE,1
201607091800_1601_5e85965f.jpg,TRUE,
201607092100_1601_52cbf708.jpg,FALSE,1
201607092100_1601_2d8fa32e.jpg,TRUE,
201607100000_1601_486ed7b6.jpg,FALSE,1
201607100000_1601_14fad4ab.jpg,TRUE,
201607221800_1602_cfd12bfa.jpg,FALSE,1
201607221800_1602_7c404477.jpg,TRUE,
201607222100_1602_52c0a92b.jpg,FALSE,1
201607222100_1602_5f96abb7.jpg,TRUE,
201607230000_1602_28400d82.jpg,FALSE,1
201607230000_1602_b5c86236.jpg,TRUE,
201607230300_1602_a190964d.jpg,FALSE,1
201607230300_1602_7e22ec70.jpg,TRUE,
201607230600_1602_d872cea4.jpg,FALSE,1
201607230600_1602_2984ff40.jpg,TRUE,
201607230900_1602_5bb7428e.jpg,FALSE,1
201607230900_1602_94775cb9.jpg,TRUE,
201607231200_1602_f8f1faba.jpg,FALSE,1
201607231200_1602_ca9e0dc8.jpg,TRUE,
201607231500_1602_a6a78f28.jpg,FALSE,1
201607231500_1602_7483fa90.jpg,TRUE,
201607231800_1602_629e1fca.jpg,FALSE,2
201607231800_1602_13baf423.jpg,TRUE,
201607232100_1602_c1e1872b.jpg,FALSE,2
201607232100_1602_cb37b841.jpg,TRUE,
201607240000_1602_fb4e87dd.jpg,FALSE,2
201607240000_1602_0c0fb57d.jpg,TRUE,
201607240300_1602_ea5a68eb.jpg,FALSE,2
201607240300_1602_5c5e4e13.jpg,TRUE,
201607240600_1602_a1d0cb87.jpg,FALSE,2
201607240600_1602_57c741d1.jpg,TRUE,
201607240900_1602_cf6db044.jpg,FALSE,2
201607240900_1602_c296a774.jpg,TRUE,
201607241200_1602_752d892b.jpg,FALSE,2
201607241200_1602_80a8e6af.jpg,TRUE,
201607241500_1602_d86c9f0d.jpg,TRUE,
201607241800_1602_f505551f.jpg,TRUE,
201607242100_1602_ae019c25.jpg,TRUE,
201607250000_1602_d56d1585.jpg,TRUE,
201607250300_1602_fcf5cb6b.jpg,TRUE,
201607250600_1602_013a81e8.jpg,TRUE,
201607250900_1602_6b68078e.jpg,TRUE,
201607251200_1603_ea7fb6cd.jpg,FALSE,1
201607251500_1603_469b2f99.jpg,FALSE,1
201607251800_1603_4a0d2396.jpg,FALSE,1
201607252100_1603_de20f5e1.jpg,FALSE,1
201607260000_1603_e171d84f.jpg,FALSE,1
201607260300_1603_84fcc02a.jpg,FALSE,1
201607260600_1603_e7113e9a.jpg,FALSE,2
201607260900_1603_e817ce94.jpg,FALSE,2
201607261200_1603_fb1b40b7.jpg,FALSE,2
201607261500_1603_4ef1a35f.jpg,FALSE,2
201607261800_1603_1985c7b4.jpg,FALSE,2
201607262100_1603_943fddd4.jpg,FALSE,2
201607270000_1603_c3cd7fb9.jpg,FALSE,2
201607270300_1603_7a915451.jpg,FALSE,2
201607270600_1603_c8d2a2fe.jpg,FALSE,2
201607270900_1603_d0328297.jpg,FALSE,2
201607271200_1603_b6b29d39.jpg,FALSE,3
201607271500_1603_64785f26.jpg,FALSE,3
201607271800_1603_11fca36e.jpg,FALSE,2
201607272100_1603_7786c838.jpg,FALSE,2
201607280000_1603_e0a93e5e.jpg,FALSE,2
201607280300_1603_ced95195.jpg,FALSE,2
201607280600_1603_dd886d1d.jpg,FALSE,1
201607280900_1603_6e806e2e.jpg,FALSE,1
201607281200_1603_51d5ddc2.jpg,FALSE,1
201607291200_1604_d25e71a2.jpg,FALSE,1
201607291500_1604_279596c0.jpg,FALSE,1
201607291800_1604_8df9435a.jpg,FALSE,1
201607292100_1604_7c16a429.jpg,FALSE,1
201607300000_1604_e8fb2fd9.jpg,FALSE,1
201607300300_1604_bb15248a.jpg,FALSE,1
201607300600_1604_bfcd75c8.jpg,FALSE,2
201607300900_1604_47f4b409.jpg,FALSE,2
201607301200_1604_e2915d3a.jpg,FALSE,2
201607301500_1604_fb1e1856.jpg,FALSE,2
201607301800_1604_9c69230e.jpg,FALSE,2
201607302100_1604_69d35542.jpg,FALSE,2
201607310000_1604_402ba2ec.jpg,FALSE,3
201607310300_1604_7a3b3d67.jpg,FALSE,3
201607310600_1604_26f46b5b.jpg,FALSE,3
201607310900_1604_e7093851.jpg,FALSE,3
201607311200_1604_09434cee.jpg,FALSE,3
201607311500_1604_feb661dd.jpg,FALSE,3
201607311800_1604_7d7ba5d8.jpg,FALSE,3
201607312100_1604_9826dccf.jpg,FALSE,3
201608010000_1604_7c4d6b1b.jpg,FALSE,3
201608010300_1604_a07e3ad6.jpg,FALSE,3
201608010600_1604_f4546cfa.jpg,FALSE,3
201608010900_1604_826e7ab2.jpg,FALSE,3
201608011200_1604_7a6636b3.jpg,FALSE,3
201608011500_1604_958a759d.jpg,FALSE,3
201608011800_1604_a673ee27.jpg,FALSE,3
201608012100_1604_002b52a8.jpg,FALSE,3
201608020000_1604_6b561f4b.jpg,FALSE,2
201608020300_1604_f44dd226.jpg,FALSE,2
201608020600_1604_4f875c7d.jpg,FALSE,2
201608020900_1604_3bed62ef.jpg,FALSE,2
201608021200_1604_bed9b8e2.jpg,FALSE,1
201608021500_1604_60b42d06.jpg,FALSE,1
201608021800_1604_b4421264.jpg,FALSE,1
201608022100_1604_6dd0f16e.jpg,FALSE,1
201608030000_1604_0fc4a7f0.jpg,FALSE,1
201608021200_1605_27913c14.jpg,FALSE,1
201608021500_1605_ffdffca6.jpg,FALSE,1
201608021800_1605_458a0769.jpg,FALSE,1
201608022100_1605_bce7ab4b.jpg,FALSE,1
201608030000_1605_4b6e1b82.jpg,FALSE,1
201608030300_1605_12b8b032.jpg,FALSE,1
201608030300_1605_22bd59da.jpg,TRUE,
201608030600_1605_bbe9af00.jpg,FALSE,1
201608030600_1605_e66b5625.jpg,TRUE,
201608030900_1605_9f199e2d.jpg,FALSE,1
201608030900_1605_d4c01ba5.jpg,TRUE,
201608031200_1605_fd741707.jpg,FALSE,1
201608031200_1605_7e7fdb51.jpg,TRUE,
201608031500_1605_9cf0b5f0.jpg,FALSE,1
201608031500_1605_6c920a77.jpg,TRUE,
201608031800_1605_e5f31ce3.jpg,FALSE,1
201608031800_1605_99c5f9b4.jpg,TRUE,
201608032100_1605_fd9e4a7a.jpg,FALSE,1
201608032100_1605_6345205c.jpg,TRUE,
201608040000_1605_a3752c4b.jpg,FALSE,2
201608040000_1605_53e572ff.jpg,TRUE,
201608040300_1605_71466e39.jpg,FALSE,2
201608040300_1605_ce4f115b.jpg,TRUE,
201608040600_1605_9431d4a6.jpg,FALSE,2
201608040600_1605_36cbd892.jpg,TRUE,
201608040900_1605_4c3d51b8.jpg,FALSE,2
201608040900_1605_4c409ca2.jpg,TRUE,
201608041200_1605_b24f9cf2.jpg,FALSE,2
201608041200_1605_b1449f40.jpg,TRUE,
201608041500_1605_95ff075e.jpg,FALSE,2
201608041500_1605_e0791395.jpg,TRUE,
201608041800_1605_5ee7c8de.jpg,FALSE,2
201608041800_1605_7885cf57.jpg,TRUE,
201608042100_1605_f22df757.jpg,FALSE,2
201608042100_1605_af8694b8.jpg,TRUE,
201608050000_1605_a2bdd5a8.jpg,FALSE,2
201608050000_1605_ececcc3a.jpg,TRUE,
201608050300_1605_b2a332c7.jpg,FALSE,2
201608050300_1605_02fb5d04.jpg,TRUE,
201608050600_1605_d216009a.jpg,FALSE,2
201608050600_1605_6cc60841.jpg,TRUE,
201608050900_1605_3de9581d.jpg,FALSE,2
201608050900_1605_521b3398.jpg,TRUE,
201608051200_1605_4057dd05.jpg,FALSE,3
201608051200_1605_1832e3c4.jpg,TRUE,
201608051500_1605_b1d0fcb8.jpg,FALSE,3
201608051500_1605_d2b33eb1.jpg,TRUE,
201608051800_1605_8f8b46bf.jpg,FALSE,3
201608051800_1605_fc71f914.jpg,TRUE,
201608052100_1605_63b01969.jpg,FALSE,3
201608052100_1605_1c3aa264.jpg,TRUE,
201608060000_1605_9f052129.jpg,FALSE,3
201608060000_1605_85054e5d.jpg,TRUE,
201608060300_1605_d984a8cb.jpg,FALSE,3
201608060300_1605_14cae052.jpg,TRUE,
201608060600_1605_a0570fd6.jpg,FALSE,3
201608060600_1605_eeec991b.jpg,TRUE,
201608060900_1605_3c16a3fe.jpg,FALSE,3
201608060900_1605_d0d01538.jpg,TRUE,
201608061200_1605_d45eb13d.jpg,FALSE,3
201608061200_1605_760d7dbf.jpg,TRUE,
201608061500_1605_928dd90a.jpg,FALSE,3
201608061500_1605_715c55d3.jpg,TRUE,
201608061800_1605_0ace784a.jpg,FALSE,3
201608061800_1605_0ec3f7be.jpg,TRUE,
201608062100_1605_78ad6c38.jpg,FALSE,3
201608062100_1605_3a3b1fbc.jpg,TRUE,
201608070000_1605_819334ed.jpg,FALSE,3
201608070000_1605_06cde042.jpg,TRUE,
201608070300_1605_83b40739.jpg,FALSE,3
201608070300_1605_8becf6e2.jpg,TRUE,
201608070600_1605_9c2aa3a8.jpg,FALSE,3
201608070600_1605_cd6891fe.jpg,TRUE,
201608070900_1605_e08ffa49.jpg,FALSE,3
201608070900_1605_4e4c1210.jpg,TRUE,
201608071200_1605_15410a24.jpg,FALSE,3
201608071200_1605_f06481f0.jpg,TRUE,
201608071500_1605_6cfac801.jpg,FALSE,3
201608071500_1605_296d3fa3.jpg,TRUE,
201608071800_1605_bad2874c.jpg,FALSE,3
201608071800_1605_e0b4517f.jpg,TRUE,
201608072100_1605_d617fae9.jpg,FALSE,3
201608072100_1605_d8bca198.jpg,TRUE,
201608080000_1605_ebc72e67.jpg,FALSE,3
201608080000_1605_1aebae29.jpg,TRUE,
201608080300_1605_ac7aa0e4.jpg,FALSE,3
201608080300_1605_04cc82a8.jpg,TRUE,
201608080600_1605_c3d5dc6e.jpg,FALSE,3
201608080600_1605_abc51690.jpg,TRUE,
201608080900_1605_db914e75.jpg,FALSE,3
201608080900_1605_ec900675.jpg,TRUE,
201608081200_1605_22e42b18.jpg,FALSE,3
201608081200_1605_e98f53b7.jpg,TRUE,
201608081500_1605_44440eb4.jpg,FALSE,3
201608081500_1605_e9d5a855.jpg,TRUE,
201608081800_1605_9bd5ffc4.jpg,FALSE,3
201608081800_1605_b078130c.jpg,TRUE,
201608082100_1605_56533483.jpg,FALSE,3
201608082100_1605_bfae62a6.jpg,TRUE,
201608090000_1605_2415478f.jpg,FALSE,3
201608090000_1605_21b0ee88.jpg,TRUE,
201608090300_1605_18c8bb36.jpg,FALSE,3
201608090300_1605_ab99f4b7.jpg,TRUE,
201608090600_1605_f0d92b6e.jpg,FALSE,3
201608090600_1605_efada320.jpg,TRUE,
201608090900_1605_9cd4dc31.jpg,FALSE,3
201608090900_1605_70d69021.jpg,TRUE,
201608091200_1605_cd885f48.jpg,FALSE,2
201608091200_1605_f177ef22.jpg,TRUE,
201608091500_1605_7f81549e.jpg,TRUE,
201608091800_1605_26694ac8.jpg,TRUE,
201608092100_1605_12c26b35.jpg,TRUE,
201608100000_1605_9e8c0653.jpg,TRUE,
201608100300_1605_f1a6d3bb.jpg,TRUE,
201608100600_1605_7c0d246b.jpg,TRUE,
201608100900_1605_42fe958c.jpg,TRUE,
201608101200_1605_d27abfe4.jpg,TRUE,
201608101500_1605_7465b216.jpg,TRUE,
201608101800_1605_997eb95e.jpg,TRUE,
201608102100_1605_786deffc.jpg,TRUE,
201608110000_1605_12a872e0.jpg,TRUE,
201608110300_1605_bf0eed7b.jpg,TRUE,
201608110600_1605_920a326c.jpg,TRUE,
201608110900_1605_4e68d6dd.jpg,TRUE,
201608111200_1605_1c984ef4.jpg,TRUE,
201608111500_1605_93587cb4.jpg,TRUE,
201608111800_1605_9b2aaf5e.jpg,TRUE,
201608112100_1605_d61b0729.jpg,TRUE,
201608071200_1606_f048d61f.jpg,FALSE,1
201608071200_1606_5e7fc43f.jpg,TRUE,
201608071500_1606_6b15a5d1.jpg,FALSE,1
201608071500_1606_b6737725.jpg,TRUE,
201608071800_1606_af7be117.jpg,FALSE,1
201608071800_1606_18bcdd12.jpg,TRUE,
201608072100_1606_55bb55d8.jpg,FALSE,1
201608072100_1606_cffa9b79.jpg,TRUE,
201608080000_1606_99585b52.jpg,FALSE,1
201608080000_1606_cf51a813.jpg,TRUE,
201608080300_1606_f9e67c75.jpg,FALSE,1
201608080300_1606_c9b31e45.jpg,TRUE,
201608080600_1606_ce2b7fef.jpg,FALSE,1
201608080600_1606_12bd3fd3.jpg,TRUE,
201608080900_1606_6a4143cd.jpg,FALSE,1
201608080900_1606_621a3fd8.jpg,TRUE,
201608081200_1606_bb63a6c3.jpg,FALSE,1
201608081200_1606_79cb2807.jpg,TRUE,
201608081500_1606_c4240946.jpg,FALSE,1
201608081500_1606_980bf715.jpg,TRUE,
201608081800_1606_7b2b2b4f.jpg,FALSE,1
201608081800_1606_1e19b483.jpg,TRUE,
201608082100_1606_95d4e6ca.jpg,FALSE,1
201608082100_1606_e14179e2.jpg,TRUE,
201608090000_1606_8c35fb4a.jpg,FALSE,2
201608090000_1606_fb5009fe.jpg,TRUE,
201608090300_1606_377ec105.jpg,FALSE,2
201608090300_1606_34b8dbc3.jpg,TRUE,
201608090600_1606_81c72902.jpg,FALSE,2
201608090600_1606_62c416b4.jpg,TRUE,
201608090900_1606_0567bc2a.jpg,FALSE,2
201608090900_1606_aea9db37.jpg,TRUE,
201608091200_1606_b3260831.jpg,FALSE,2
201608091200_1606_9ae939af.jpg,TRUE,
201608091500_1606_2beeaf9b.jpg,FALSE,2
201608091500_1606_2549b085.jpg,TRUE,
201608091800_1606_43040c26.jpg,FALSE,2
201608091800_1606_48dab787.jpg,TRUE,
201608092100_1606_f1ce78b6.jpg,FALSE,2
201608092100_1606_1e1ade78.jpg,TRUE,
201608100000_1606_28e89b3e.jpg,FALSE,2
201608100000_1606_0ccfc148.jpg,TRUE,
201608100300_1606_62e67467.jpg,FALSE,2
201608100300_1606_0befddde.jpg,TRUE,
201608100600_1606_e1839534.jpg,FALSE,2
201608100600_1606_d77cf8d9.jpg,TRUE,
201608100900_1606_e2cff2c4.jpg,FALSE,2
201608100900_1606_2bf21656.jpg,TRUE,
201608101200_1606_41bf6413.jpg,FALSE,2
201608101200_1606_8bc29f97.jpg,TRUE,
201608101500_1606_7282bbef.jpg,FALSE,2
201608101500_1606_c9a4e223.jpg,TRUE,
201608101800_1606_ae01985d.jpg,FALSE,2
201608101800_1606_d5e4bbca.jpg,TRUE,
201608102100_1606_d738eb08.jpg,FALSE,2
201608102100_1606_db1792a4.jpg,TRUE,
201608110000_1606_5ee2f999.jpg,FALSE,2
201608110000_1606_9307a1b4.jpg,TRUE,
201608110300_1606_ec7013f2.jpg,FALSE,2
201608110300_1606_92f140bd.jpg,TRUE,
201608110600_1606_16011059.jpg,FALSE,2
201608110600_1606_0b9b2606.jpg,TRUE,
201608110900_1606_2b59e2c7.jpg,FALSE,2
201608110900_1606_c105e533.jpg,TRUE,
201608111200_1606_df7a077a.jpg,FALSE,2
201608111200_1606_0e89af85.jpg,TRUE,
201608111500_1606_9679a4ed.jpg,FALSE,2
201608111500_1606_fbc7b229.jpg,TRUE,
201608111800_1606_263b767f.jpg,FALSE,2
201608111800_1606_8134b666.jpg,TRUE,
201608112100_1606_91827d79.jpg,FALSE,2
201608112100_1606_0d449302.jpg,TRUE,
201608120000_1606_fc6e8ca8.jpg,FALSE,2
201608120300_1606_b7db6408.jpg,FALSE,2
201608120600_1606_9404e071.jpg,FALSE,2
201608120900_1606_1d813b2a.jpg,FALSE,2
201608120900_1606_2dee11a3.jpg,TRUE,
201608121200_1606_e4e408f8.jpg,FALSE,2
201608121200_1606_0596f3d7.jpg,TRUE,
201608121500_1606_f42c32aa.jpg,FALSE,2
201608121500_1606_3a81b959.jpg,TRUE,
201608121800_1606_b45bb1b1.jpg,FALSE,2
201608121800_1606_fb060664.jpg,TRUE,
201608122100_1606_ae3dbfab.jpg,FALSE,2
201608122100_1606_504cbaed.jpg,TRUE,
201608130000_1606_a8cb1f1a.jpg,FALSE,2
201608130000_1606_305af6de.jpg,TRUE,
201608130300_1606_2e2de072.jpg,FALSE,2
201608130300_1606_f7638068.jpg,TRUE,
201608130600_1606_321beb86.jpg,FALSE,2
201608130600_1606_05eae4f9.jpg,TRUE,
201608130900_1606_a3fea46e.jpg,FALSE,2
201608130900_1606_a65f23fa.jpg,TRUE,
201608131200_1606_cc59f3b9.jpg,FALSE,2
201608131200_1606_777fa15d.jpg,TRUE,
201608131500_1606_ef045c68.jpg,FALSE,2
201608131500_1606_781dc316.jpg,TRUE,
201608131800_1606_30c0dd3a.jpg,FALSE,2
201608131800_1606_b6d54aa0.jpg,TRUE,
201608132100_1606_6ef2e83a.jpg,FALSE,2
201608132100_1606_4aa7dda1.jpg,TRUE,
201608140000_1606_6f3667c7.jpg,FALSE,2
201608140000_1606_6189daa4.jpg,TRUE,
201608140300_1606_6c06ddaf.jpg,FALSE,2
201608140300_1606_4e709344.jpg,TRUE,
201608140600_1606_c7a5d3e4.jpg,FALSE,2
201608140600_1606_cb96fb25.jpg,TRUE,
201608140900_1606_1eddad81.jpg,FALSE,2
201608140900_1606_05bf37a8.jpg,TRUE,
201608141200_1606_6360b391.jpg,FALSE,2
201608141200_1606_9b5d000d.jpg,TRUE,
201608141500_1606_749697dc.jpg,FALSE,2
201608141500_1606_4546bb5c.jpg,TRUE,
201608141800_1606_38b622ef.jpg,FALSE,2
201608141800_1606_a812702c.jpg,TRUE,
201608142100_1606_b06aa282.jpg,FALSE,2
201608142100_1606_a46c2347.jpg,TRUE,
201608150000_1606_fec38b55.jpg,TRUE,
201608150300_1606_5a924e37.jpg,TRUE,
201608120000_1607_3e01dc7f.jpg,FALSE,1
201608120300_1607_3c86355f.jpg,FALSE,1
201608120600_1607_5403fb3c.jpg,FALSE,1
201608120900_1607_ad164d5b.jpg,FALSE,1
201608120900_1607_1cea6017.jpg,TRUE,
201608121200_1607_9629713f.jpg,FALSE,1
201608121200_1607_e1626112.jpg,TRUE,
201608121500_1607_da5a60ca.jpg,FALSE,1
201608121500_1607_8779b766.jpg,TRUE,
201608121800_1607_2c2b60f1.jpg,FALSE,1
201608121800_1607_fc57ad35.jpg,TRUE,
201608122100_1607_61adabc7.jpg,FALSE,1
201608122100_1607_a45f7748.jpg,TRUE,
201608130000_1607_9e0a85be.jpg,FALSE,1
201608130000_1607_f7724aeb.jpg,TRUE,
201608130300_1607_9a3381d6.jpg,FALSE,1
201608130300_1607_51f55eaf.jpg,TRUE,
201608130600_1607_de6e167c.jpg,FALSE,1
201608130600_1607_518e1c20.jpg,TRUE,
201608130900_1607_96d1c89a.jpg,FALSE,1
201608130900_1607_22094d02.jpg,TRUE,
201608131200_1607_5f86328c.jpg,FALSE,1
201608131200_1607_e3cbce3f.jpg,TRUE,
201608131500_1607_2da51ad5.jpg,FALSE,1
201608131500_1607_37910c86.jpg,TRUE,
201608131800_1607_b3d80409.jpg,FALSE,2
201608131800_1607_89142e89.jpg,TRUE,
201608132100_1607_c362811d.jpg,FALSE,2
201608132100_1607_441ab326.jpg,TRUE,
201608140000_1607_11d5ae7b.jpg,FALSE,2
201608140000_1607_5dee5fac.jpg,TRUE,
201608140300_1607_4bb1e0a4.jpg,FALSE,2
201608140300_1607_b395b778.jpg,TRUE,
201608140600_1607_63814788.jpg,FALSE,2
201608140600_1607_20443334.jpg,TRUE,
201608140900_1607_39c6180c.jpg,FALSE,2
201608140900_1607_d5e1b274.jpg,TRUE,
201608141200_1607_24347531.jpg,FALSE,2
201608141200_1607_3b785973.jpg,TRUE,
201608141500_1607_fdf6e777.jpg,FALSE,2
201608141500_1607_f86df069.jpg,TRUE,
201608141800_1607_c1e6ab2f.jpg,FALSE,3
201608141800_1607_92a04c95.jpg,TRUE,
201608142100_1607_b8dd614b.jpg,FALSE,3
201608142100_1607_80a4b589.jpg,TRUE,
201608150000_1607_243395a5.jpg,FALSE,3
201608150000_1607_0d9a316f.jpg,TRUE,
201608150300_1607_685bb6e7.jpg,FALSE,3
201608150300_1607_868e90ca.jpg,TRUE,
201608150600_1607_f376c9db.jpg,FALSE,3
201608150900_1607_0f55d8db.jpg,FALSE,3
201608151200_1607_79268abe.jpg,FALSE,2
201608151500_1607_90b64b28.jpg,FALSE,2
201608151800_1607_64a7b2e5.jpg,FALSE,2
201608152100_1607_c1ab128b.jpg,FALSE,2
201608160000_1607_f89d8dbd.jpg,FALSE,3
201608160300_1607_64f4a0b9.jpg,FALSE,3
201608160600_1607_2a92491a.jpg,FALSE,3
201608160900_1607_b1189efc.jpg,FALSE,3
201608161200_1607_ff27c5f1.jpg,FALSE,3
201608161500_1607_61f54c88.jpg,FALSE,3
201608161800_1607_c3783cb0.jpg,FALSE,3
201608162100_1607_4b8eada7.jpg,FALSE,3
201608170000_1607_97e4d17e.jpg,FALSE,3
201608170300_1607_5071f223.jpg,FALSE,3
201608170600_1607_bacfe37b.jpg,FALSE,3
201608170900_1607_e36e9f5e.jpg,FALSE,3
201608171200_1607_a100c27c.jpg,FALSE,3
201608150600_1608_5e26345a.jpg,FALSE,1
201608150900_1608_e4f6c47d.jpg,FALSE,1
201608151200_1608_f5042c63.jpg,FALSE,1
201608151500_1608_1535b9ad.jpg,FALSE,1
201608151800_1608_699c4385.jpg,FALSE,1
201608152100_1608_20fd9a5d.jpg,FALSE,1
201608160000_1608_ea71bab0.jpg,FALSE,1
201608160300_1608_3137a291.jpg,FALSE,1
201608160600_1608_7eb667c9.jpg,FALSE,1
201608160900_1608_5940ee6b.jpg,FALSE,1
201608161200_1608_7b5b1d39.jpg,FALSE,1
201608161500_1608_b47595c6.jpg,FALSE,1
201608161800_1608_ffd0df46.jpg,FALSE,1
201608162100_1608_33db1a89.jpg,FALSE,1
201608170000_1608_7d66835d.jpg,FALSE,1
201608170300_1608_12e5b737.jpg,FALSE,1
201608170600_1608_294afba6.jpg,FALSE,1
201608170900_1608_895c9d30.jpg,FALSE,1
201608171200_1608_312e1dda.jpg,FALSE,1
201608171500_1608_8c2e96e3.jpg,FALSE,1
201608171800_1608_8352aa62.jpg,FALSE,2
201608172100_1608_76454778.jpg,FALSE,2
201608180000_1608_4cbdf590.jpg,FALSE,2
201608180300_1608_fa389b1d.jpg,FALSE,2
201608180600_1608_33881961.jpg,FALSE,2
201608180900_1608_ea7c8db6.jpg,FALSE,2
201608181200_1608_69f8186b.jpg,FALSE,2
201608181500_1608_93cf630c.jpg,FALSE,2
201608181800_1608_90f650de.jpg,FALSE,2
201608182100_1608_f46ed320.jpg,FALSE,2
201608190000_1608_20505879.jpg,FALSE,2
201608190300_1608_dad2d853.jpg,FALSE,2
201608190600_1608_55cbe4b5.jpg,FALSE,2
201608190900_1608_bc2bf659.jpg,FALSE,2
201608191200_1608_3a59e35f.jpg,FALSE,1
201608191500_1608_92cfe8a3.jpg,FALSE,1
201608191800_1608_316fd91e.jpg,FALSE,1
201608170000_1609_ba7872f0.jpg,FALSE,1
201608170300_1609_dbc516eb.jpg,FALSE,1
201608170600_1609_d2f757f3.jpg,FALSE,1
201608170900_1609_3dfb9080.jpg,FALSE,1
201608171200_1609_5b7bf74c.jpg,FALSE,1
201608171500_1609_cc666af6.jpg,FALSE,1
201608171800_1609_e4c3e8ae.jpg,FALSE,1
201608172100_1609_5d937458.jpg,FALSE,1
201608180000_1609_c864f6a0.jpg,FALSE,1
201608180300_1609_34c7896d.jpg,FALSE,1
201608180600_1609_c8b63886.jpg,FALSE,1
201608180900_1609_6f823706.jpg,FALSE,1
201608181200_1609_e7d315f1.jpg,FALSE,1
201608181500_1609_015e37ea.jpg,FALSE,1
201608181800_1609_bd667ddc.jpg,FALSE,1
201608182100_1609_1e33e071.jpg,FALSE,1
201608190000_1609_69ac9501.jpg,FALSE,1
201608190300_1609_e519443b.jpg,FALSE,1
201608190600_1609_30500352.jpg,FALSE,2
201608190900_1609_2303c4d1.jpg,FALSE,2
201608191200_1609_2dbcc2da.jpg,FALSE,2
201608191500_1609_30e51875.jpg,FALSE,2
201608191800_1609_8774d25e.jpg,FALSE,2
201608192100_1609_01017d47.jpg,FALSE,2
201608192100_1609_43b0e59b.jpg,TRUE,
201608200000_1609_704a40af.jpg,FALSE,2
201608200000_1609_dd3e4c6f.jpg,TRUE,
201608200300_1609_00b177f2.jpg,FALSE,2
201608200300_1609_b0f6d690.jpg,TRUE,
201608200600_1609_9c502f8a.jpg,FALSE,2
201608200600_1609_8917714d.jpg,TRUE,
201608200900_1609_896a5ea7.jpg,FALSE,2
201608200900_1609_9e7b515d.jpg,TRUE,
201608201200_1609_1be701a6.jpg,FALSE,3
201608201200_1609_ecff7dc9.jpg,TRUE,
201608201500_1609_ed2af5e8.jpg,FALSE,3
201608201500_1609_9a5967f2.jpg,TRUE,
201608201800_1609_243375e1.jpg,FALSE,3
201608201800_1609_0cef9cbd.jpg,TRUE,
201608202100_1609_70d0561a.jpg,FALSE,3
201608202100_1609_3c014fe4.jpg,TRUE,
201608210000_1609_bb2cd0cf.jpg,FALSE,3
201608210000_1609_c5bb9f04.jpg,TRUE,
201608210300_1609_75a980cd.jpg,FALSE,3
201608210300_1609_20e43434.jpg,TRUE,
201608210600_1609_37e23fa3.jpg,FALSE,3
201608210600_1609_2fdcc31e.jpg,TRUE,
201608210900_1609_8919d987.jpg,FALSE,3
201608210900_1609_2fe9baf4.jpg,TRUE,
201608211200_1609_ea937ac3.jpg,FALSE,3
201608211200_1609_3873df64.jpg,TRUE,
201608211500_1609_3950ad6a.jpg,FALSE,3
201608211500_1609_fd3ec3d2.jpg,TRUE,
201608211800_1609_50ad1faa.jpg,FALSE,4
201608211800_1609_c0e81899.jpg,TRUE,
201608212100_1609_7871660b.jpg,FALSE,4
201608212100_1609_f2fccc30.jpg,TRUE,
201608220000_1609_1a8095e4.jpg,FALSE,4
201608220000_1609_31a01c58.jpg,TRUE,
201608220300_1609_e20ab128.jpg,FALSE,4
201608220300_1609_21b9b9fd.jpg,TRUE,
201608220600_1609_54f8e9cc.jpg,FALSE,3
201608220600_1609_5cab4601.jpg,TRUE,
201608220900_1609_9c11335f.jpg,FALSE,3
201608220900_1609_5038e00f.jpg,TRUE,
201608221200_1609_3b895022.jpg,FALSE,3
201608221200_1609_fff751de.jpg,TRUE,
201608221500_1609_a1d398a9.jpg,FALSE,3
201608221500_1609_d821a3a0.jpg,TRUE,
201608221800_1609_dfe1acb6.jpg,FALSE,3
201608221800_1609_6543d7de.jpg,TRUE,
201608222100_1609_3aada4b5.jpg,FALSE,3
201608222100_1609_947f11e4.jpg,TRUE,
201608230000_1609_3e67b90f.jpg,FALSE,3
201608230000_1609_d2e8959f.jpg,TRUE,
201608230300_1609_b97192e0.jpg,TRUE,
201608170000_1610_24790564.jpg,FALSE,1
201608170300_1610_8e9e000f.jpg,FALSE,1
201608170600_1610_d1771a73.jpg,FALSE,1
201608170900_1610_029cf967.jpg,FALSE,1
201608171200_1610_471f36c4.jpg,FALSE,1
201608171500_1610_a9a6e555.jpg,FALSE,1
201608171800_1610_c128006b.jpg,FALSE,1
201608172100_1610_00f33473.jpg,FALSE,1
201608180000_1610_51859d1f.jpg,FALSE,1
201608180300_1610_8c373047.jpg,FALSE,1
201608180600_1610_1dfc4eac.jpg,FALSE,1
201608180900_1610_b32603b6.jpg,FALSE,1
201608181200_1610_7e2c76b6.jpg,FALSE,1
201608181500_1610_acd104b0.jpg,FALSE,1
201608181800_1610_a9971a08.jpg,FALSE,1
201608182100_1610_d6f63713.jpg,FALSE,1
201608190000_1610_066a7e66.jpg,FALSE,1
201608190300_1610_559eeece.jpg,FALSE,1
201608190600_1610_e9a3620e.jpg,FALSE,1
201608190900_1610_3f362428.jpg,FALSE,1
201608191200_1610_43642fc4.jpg,FALSE,1
201608191500_1610_67100d14.jpg,FALSE,1
201608191800_1610_235463c7.jpg,FALSE,1
201608192100_1610_b8b513fb.jpg,FALSE,1
201608192100_1610_a111949c.jpg,TRUE,
201608200000_1610_976356c9.jpg,FALSE,1
201608200000_1610_f711aad5.jpg,TRUE,
201608200300_1610_bac5f3e8.jpg,FALSE,1
201608200300_1610_3c94b521.jpg,TRUE,
201608200600_1610_c9845ef1.jpg,FALSE,1
201608200600_1610_b4f24d97.jpg,TRUE,
201608200900_1610_a4f2bd99.jpg,FALSE,1
201608200900_1610_81eaad27.jpg,TRUE,
201608201200_1610_f3c50e53.jpg,FALSE,1
201608201200_1610_c0d3938f.jpg,TRUE,
201608201500_1610_2eb75c09.jpg,FALSE,1
201608201500_1610_111570a5.jpg,TRUE,
201608201800_1610_dc8d76be.jpg,FALSE,1
201608201800_1610_51378022.jpg,TRUE,
201608202100_1610_ebe4b50d.jpg,FALSE,1
201608202100_1610_a5a90cdc.jpg,TRUE,
201608210000_1610_b56dce15.jpg,FALSE,1
201608210000_1610_ff099940.jpg,TRUE,
201608210300_1610_c694139d.jpg,FALSE,1
201608210300_1610_a9809c6c.jpg,TRUE,
201608210600_1610_be7e728f.jpg,FALSE,1
201608210600_1610_c73ababe.jpg,TRUE,
201608210900_1610_a787189a.jpg,FALSE,1
201608210900_1610_e303ad0c.jpg,TRUE,
201608211200_1610_c81b5905.jpg,FALSE,2
201608211200_1610_ac65281b.jpg,TRUE,
201608211500_1610_f69e0737.jpg,FALSE,2
201608211500_1610_3c7ced73.jpg,TRUE,
201608211800_1610_d5e6e28e.jpg,FALSE,2
201608211800_1610_aa26cb1e.jpg,TRUE,
201608212100_1610_7eb7b03a.jpg,FALSE,2
201608212100_1610_54c780c0.jpg,TRUE,
201608220000_1610_786f9753.jpg,FALSE,2
201608220000_1610_a9c0d402.jpg,TRUE,
201608220300_1610_c1eab3f8.jpg,FALSE,2
201608220300_1610_19b6df9a.jpg,TRUE,
201608220600_1610_af7bba4f.jpg,FALSE,2
201608220600_1610_2af74a80.jpg,TRUE,
201608220900_1610_aba0085c.jpg,FALSE,2
201608220900_1610_a1b71921.jpg,TRUE,
201608221200_1610_ed7850f7.jpg,FALSE,2
201608221200_1610_a95fa7d1.jpg,TRUE,
201608221500_1610_1d1a585d.jpg,FALSE,2
201608221500_1610_63ce8bc6.jpg,TRUE,
201608221800_1610_635b4396.jpg,FALSE,2
201608221800_1610_ba02c3e6.jpg,TRUE,
201608222100_1610_282900b6.jpg,FALSE,2
201608222100_1610_f2aeab1b.jpg,TRUE,
201608230000_1610_24479555.jpg,FALSE,3
201608230000_1610_2ff88756.jpg,TRUE,
201608230300_1610_502dac43.jpg,FALSE,3
201608230300_1610_8c0e37ce.jpg,TRUE,
201608230600_1610_6bd313a7.jpg,FALSE,3
201608230600_1610_ba998e0b.jpg,TRUE,
201608230900_1610_5815882c.jpg,FALSE,3
201608230900_1610_8e581259.jpg,TRUE,
201608231200_1610_ddaeeea3.jpg,FALSE,3
201608231200_1610_72051c6a.jpg,TRUE,
201608231500_1610_56a564ce.jpg,FALSE,3
201608231500_1610_99de5900.jpg,TRUE,
201608231800_1610_90d72ede.jpg,FALSE,4
201608231800_1610_68c1a793.jpg,TRUE,
201608232100_1610_6ed596dd.jpg,FALSE,4
201608232100_1610_ea1410e4.jpg,TRUE,
201608240000_1610_448c3913.jpg,FALSE,4
201608240000_1610_379154b6.jpg,TRUE,
201608240300_1610_a5dc25ad.jpg,FALSE,4
201608240300_1610_92e09db1.jpg,TRUE,
201608240600_1610_9e4705cd.jpg,FALSE,4
201608240900_1610_13548d5a.jpg,FALSE,4
201608241200_1610_7a21473e.jpg,FALSE,4
201608241500_1610_49cf8c5a.jpg,FALSE,4
201608241800_1610_bfc07e50.jpg,FALSE,4
201608242100_1610_a24db843.jpg,FALSE,4
201608250000_1610_f6df242d.jpg,FALSE,4
201608250300_1610_e360e904.jpg,FALSE,4
201608250600_1610_3299ac7b.jpg,FALSE,4
201608250900_1610_c396b31e.jpg,FALSE,4
201608251200_1610_47229fe2.jpg,FALSE,4
201608251500_1610_dbb7f9f9.jpg,FALSE,4
201608251800_1610_4b2cecbc.jpg,FALSE,4
201608252100_1610_beb6b89a.jpg,FALSE,4
201608260000_1610_0b7be32a.jpg,FALSE,4
201608260300_1610_b6085fce.jpg,FALSE,4
201608260600_1610_55cccd11.jpg,FALSE,4
201608260900_1610_d4c22ff6.jpg,FALSE,4
201608261200_1610_c1098dc4.jpg,FALSE,4
201608261500_1610_5e499e02.jpg,FALSE,4
201608261800_1610_e7172856.jpg,FALSE,4
201608262100_1610_a47bc0ab.jpg,FALSE,4
201608270000_1610_a95e04ca.jpg,FALSE,4
201608270300_1610_2d7b8682.jpg,FALSE,4
201608270600_1610_215e12f5.jpg,FALSE,4
201608270900_1610_7267c3de.jpg,FALSE,4
201608271200_1610_c493cb75.jpg,FALSE,4
201608271500_1610_7792f473.jpg,FALSE,4
201608271800_1610_8fac682e.jpg,FALSE,4
201608271800_1610_8a75c288.jpg,TRUE,
201608272100_1610_a86aad06.jpg,FALSE,4
201608272100_1610_fa299af8.jpg,TRUE,
201608280000_1610_4559d7ba.jpg,FALSE,4
201608280000_1610_bf857d30.jpg,TRUE,
201608280300_1610_1e987bf8.jpg,FALSE,4
201608280300_1610_c506e39b.jpg,TRUE,
201608280600_1610_96074a21.jpg,FALSE,4
201608280600_1610_0c67426f.jpg,TRUE,
201608280900_1610_3bbaeabe.jpg,FALSE,4
201608280900_1610_1bb1c570.jpg,TRUE,
201608281200_1610_f15661c3.jpg,FALSE,4
201608281200_1610_0b604e3c.jpg,TRUE,
201608281500_1610_51e2101b.jpg,FALSE,4
201608281500_1610_492777f6.jpg,TRUE,
201608281800_1610_aa865435.jpg,FALSE,4
201608281800_1610_4e0eb1a8.jpg,TRUE,
201608282100_1610_de200896.jpg,FALSE,4
201608282100_1610_7aebe69a.jpg,TRUE,
201608290000_1610_56913aed.jpg,FALSE,4
201608290000_1610_a68717ed.jpg,TRUE,
201608290300_1610_26741221.jpg,FALSE,4
201608290300_1610_1bed46d5.jpg,TRUE,
201608290600_1610_4031e57e.jpg,FALSE,4
201608290600_1610_26639c1f.jpg,TRUE,
201608290900_1610_19b25193.jpg,FALSE,4
201608290900_1610_1920ff57.jpg,TRUE,
201608291200_1610_411bb85c.jpg,FALSE,4
201608291200_1610_9bd3a598.jpg,TRUE,
201608291500_1610_b158798b.jpg,FALSE,4
201608291500_1610_3636d12f.jpg,TRUE,
201608291800_1610_61181d27.jpg,FALSE,4
201608291800_1610_b5ee2cfd.jpg,TRUE,
201608292100_1610_271230e4.jpg,FALSE,4
201608292100_1610_d8840ee1.jpg,TRUE,
201608300000_1610_9210ef17.jpg,FALSE,4
201608300000_1610_faf98811.jpg,TRUE,
201608300300_1610_08041cf3.jpg,FALSE,4
201608300300_1610_a81049d5.jpg,TRUE,
201608300600_1610_ed1fda3d.jpg,FALSE,4
201608300600_1610_a0fa2b8e.jpg,TRUE,
201608300900_1610_bf9ca08b.jpg,FALSE,3
201608300900_1610_d7500bfb.jpg,TRUE,
201608301200_1610_5f9f09ae.jpg,FALSE,3
201608301200_1610_4cdc0e08.jpg,TRUE,
201608301500_1610_4bb76552.jpg,TRUE,
201608301800_1610_b60072b2.jpg,TRUE,
201608181200_1611_3ea495b9.jpg,FALSE,1
201608181500_1611_af7edeed.jpg,FALSE,1
201608181800_1611_1583806e.jpg,FALSE,1
201608182100_1611_cb5fe270.jpg,FALSE,1
201608190000_1611_1acd8ede.jpg,FALSE,1
201608190300_1611_e5f04693.jpg,FALSE,1
201608190600_1611_62ae195d.jpg,FALSE,1
201608190900_1611_e6c8f2cd.jpg,FALSE,1
201608191200_1611_b05f7bc1.jpg,FALSE,1
201608191500_1611_9482657d.jpg,FALSE,1
201608191800_1611_55f4c1e0.jpg,FALSE,1
201608192100_1611_be4be1f3.jpg,FALSE,1
201608192100_1611_caac26b4.jpg,TRUE,
201608200000_1611_478b1cef.jpg,FALSE,2
201608200000_1611_b2640db5.jpg,TRUE,
201608200300_1611_e44184ad.jpg,FALSE,2
201608200300_1611_0ea76421.jpg,TRUE,
201608200600_1611_e9da594e.jpg,FALSE,2
201608200600_1611_9c09fdc2.jpg,TRUE,
201608200900_1611_a297d383.jpg,FALSE,2
201608200900_1611_274372f5.jpg,TRUE,
201608201200_1611_d6fea1c4.jpg,FALSE,2
201608201200_1611_e063fd4b.jpg,TRUE,
201608201500_1611_b85ad4db.jpg,FALSE,2
201608201500_1611_02cbd514.jpg,TRUE,
201608201800_1611_ddb11c2d.jpg,FALSE,2
201608201800_1611_b01c3935.jpg,TRUE,
201608202100_1611_2897a023.jpg,FALSE,2
201608202100_1611_366d6f47.jpg,TRUE,
201608210000_1611_259603a2.jpg,FALSE,2
201608210000_1611_8735d39b.jpg,TRUE,
201608210300_1611_9b4bcbc6.jpg,FALSE,2
201608210300_1611_7a93c676.jpg,TRUE,
201608210600_1611_c650f136.jpg,FALSE,2
201608210600_1611_4e9703c2.jpg,TRUE,
201608210900_1611_fea230c2.jpg,FALSE,2
201608210900_1611_942e282a.jpg,TRUE,
201608211200_1611_f2392a61.jpg,FALSE,2
201608211200_1611_f215790c.jpg,TRUE,
201608211500_1611_487bbbba.jpg,TRUE,
201608211800_1611_665b8b20.jpg,TRUE,
201608212100_1611_a4835ef5.jpg,TRUE,
201608220000_1611_17af1b6d.jpg,TRUE,
201608220300_1611_0e7ec29e.jpg,TRUE,
201608220600_1611_2b256c26.jpg,TRUE,
201608310000_1612_62dfed5a.jpg,FALSE,1
201608310300_1612_e9120e18.jpg,FALSE,1
201608310600_1612_b2cf0bca.jpg,FALSE,1
201608310900_1612_3e2c57a2.jpg,FALSE,1
201608311200_1612_b4a648bb.jpg,FALSE,1
201608311500_1612_3b342a08.jpg,FALSE,1
201608311800_1612_b5a7e62e.jpg,FALSE,1
201608312100_1612_e3d0d8e2.jpg,FALSE,1
201609010000_1612_ad21513d.jpg,FALSE,2
201609010300_1612_ddd7e481.jpg,FALSE,2
201609010600_1612_ad4d21a8.jpg,FALSE,2
201609010900_1612_b51bbdda.jpg,FALSE,2
201609011200_1612_60e89179.jpg,FALSE,3
201609011500_1612_40bfb8dd.jpg,FALSE,3
201609011500_1612_c5b04163.jpg,TRUE,
201609011800_1612_e8dc7b6a.jpg,FALSE,3
201609011800_1612_0672624d.jpg,TRUE,
201609012100_1612_31447b31.jpg,FALSE,3
201609012100_1612_ac8ead72.jpg,TRUE,
201609020000_1612_02aab9b8.jpg,FALSE,4
201609020000_1612_1ffac465.jpg,TRUE,
201609020300_1612_9a9f4aaf.jpg,FALSE,4
201609020300_1612_b66f4a39.jpg,TRUE,
201609020600_1612_e44cfbd8.jpg,FALSE,4
201609020600_1612_5a32eca1.jpg,TRUE,
201609020900_1612_8e518e9f.jpg,FALSE,4
201609020900_1612_318e1689.jpg,TRUE,
201609021200_1612_070e0ff6.jpg,FALSE,4
201609021200_1612_6de911bc.jpg,TRUE,
201609021500_1612_f6cd3568.jpg,FALSE,4
201609021500_1612_77d8270a.jpg,TRUE,
201609021800_1612_922ae771.jpg,FALSE,4
201609021800_1612_fc48c513.jpg,TRUE,
201609022100_1612_0db3882f.jpg,FALSE,4
201609022100_1612_a7609f5c.jpg,TRUE,
201609030000_1612_5b6e773d.jpg,FALSE,4
201609030000_1612_098fe284.jpg,TRUE,
201609030300_1612_494a0959.jpg,FALSE,4
201609030300_1612_fad070c4.jpg,TRUE,
201609030600_1612_862f15dd.jpg,FALSE,4
201609030600_1612_8cceb24e.jpg,TRUE,
201609030900_1612_ad655292.jpg,FALSE,4
201609030900_1612_b451c4ec.jpg,TRUE,
201609031200_1612_d1303425.jpg,FALSE,3
201609031200_1612_e5092cd8.jpg,TRUE,
201609031500_1612_8401eb2e.jpg,FALSE,3
201609031500_1612_20786d90.jpg,TRUE,
201609031800_1612_78f138f9.jpg,FALSE,3
201609031800_1612_39e1f7f7.jpg,TRUE,
201609032100_1612_2660cccb.jpg,FALSE,3
201609032100_1612_e52c5644.jpg,TRUE,
201609040000_1612_32a26551.jpg,FALSE,3
201609040000_1612_691609de.jpg,TRUE,
201609040300_1612_55ea364c.jpg,FALSE,3
201609040300_1612_a3b6772c.jpg,TRUE,
201609040600_1612_0873e77d.jpg,FALSE,2
201609040600_1612_850ece44.jpg,TRUE,
201609040900_1612_69073afa.jpg,FALSE,2
201609040900_1612_6d4d22c2.jpg,TRUE,
201609041200_1612_1c1bf09e.jpg,FALSE,2
201609041200_1612_b10a51e7.jpg,TRUE,
201609041500_1612_8795a64e.jpg,FALSE,2
201609041500_1612_bf739a00.jpg,TRUE,
201609041800_1612_ce99be35.jpg,FALSE,1
201609041800_1612_d3873ab5.jpg,TRUE,
201609042100_1612_46a63430.jpg,FALSE,1
201609042100_1612_617ad4ef.jpg,TRUE,
201609050000_1612_b49f47be.jpg,FALSE,1
201609050000_1612_38196f3f.jpg,TRUE,
201609050300_1612_a4cb066a.jpg,FALSE,1
201609050300_1612_dec9f885.jpg,TRUE,
201609050600_1612_f0465866.jpg,FALSE,1
201609050600_1612_52973141.jpg,TRUE,
201609050900_1612_42672d2d.jpg,FALSE,1
201609050900_1612_dc75eb23.jpg,TRUE,
201609051200_1612_e382b032.jpg,FALSE,1
201609051200_1613_ba47695e.jpg,FALSE,1
201609051500_1613_63a1949f.jpg,FALSE,1
201609051500_1613_6b8b5809.jpg,TRUE,
201609051800_1613_6519693e.jpg,FALSE,1
201609051800_1613_d868609f.jpg,TRUE,
201609052100_1613_b0c14237.jpg,FALSE,1
201609052100_1613_1aa53579.jpg,TRUE,
201609060000_1613_52a3d2ca.jpg,FALSE,1
201609060000_1613_0f8bfdb9.jpg,TRUE,
201609060300_1613_315a0835.jpg,FALSE,1
201609060300_1613_c1d415c3.jpg,TRUE,
201609060600_1613_a62455d0.jpg,FALSE,2
201609060600_1613_2d39a23f.jpg,TRUE,
201609060900_1613_c0d88852.jpg,FALSE,2
201609060900_1613_53a9a9db.jpg,TRUE,
201609061200_1613_1ba451ed.jpg,FALSE,2
201609061200_1613_48a66a3f.jpg,TRUE,
201609061500_1613_a77666c0.jpg,FALSE,2
201609061500_1613_e7c2d632.jpg,TRUE,
201609061800_1613_1c399db7.jpg,FALSE,2
201609061800_1613_2d4dffa8.jpg,TRUE,
201609062100_1613_d5cf94d9.jpg,FALSE,2
201609062100_1613_d0477c34.jpg,TRUE,
201609070000_1613_a34d96f0.jpg,FALSE,1
201609070000_1613_7e01b66a.jpg,TRUE,
201609070300_1613_06a3a0a0.jpg,FALSE,1
201609070300_1613_cdb2c2fc.jpg,TRUE,
201609070600_1613_97a467ee.jpg,FALSE,1
201609070600_1613_5a5281b6.jpg,TRUE,
201609091200_1614_6c26c763.jpg,FALSE,1
201609091200_1614_11cc697e.jpg,TRUE,
201609091500_1614_8e0a5cbb.jpg,FALSE,1
201609091500_1614_0c34295f.jpg,TRUE,
201609091800_1614_5239c33e.jpg,FALSE,1
201609091800_1614_ba65bc96.jpg,TRUE,
201609092100_1614_a6d27984.jpg,FALSE,1
201609092100_1614_9c242059.jpg,TRUE,
201609100000_1614_88263936.jpg,FALSE,1
201609100000_1614_827623f0.jpg,TRUE,
201609100300_1614_1f0ded66.jpg,FALSE,1
201609100300_1614_316ceb93.jpg,TRUE,
201609100600_1614_40d44766.jpg,FALSE,2
201609100600_1614_cc638534.jpg,TRUE,
201609100900_1614_da38cae2.jpg,FALSE,2
201609100900_1614_a5407702.jpg,TRUE,
201609101200_1614_a5c15856.jpg,FALSE,2
201609101500_1614_4a55f98e.jpg,FALSE,2
201609101800_1614_ad693b14.jpg,FALSE,2
201609102100_1614_89c32011.jpg,FALSE,2
201609110000_1614_90bef7c1.jpg,FALSE,3
201609110300_1614_14353435.jpg,FALSE,3
201609110600_1614_8d547a7d.jpg,FALSE,4
201609110900_1614_8e1b1d6e.jpg,FALSE,4
201609111200_1614_7b188202.jpg,FALSE,4
201609111500_1614_2331a7ac.jpg,FALSE,4
201609111800_1614_d8c451a8.jpg,FALSE,4
201609112100_1614_c2629782.jpg,FALSE,4
201609120000_1614_d7034354.jpg,FALSE,4
201609120300_1614_f96c81ae.jpg,FALSE,4
201609120600_1614_58605e14.jpg,FALSE,4
201609120900_1614_9d23abbf.jpg,FALSE,4
201609121200_1614_dd373f5e.jpg,FALSE,4
201609121500_1614_0ac5496a.jpg,FALSE,4
201609121800_1614_adbb7d0e.jpg,FALSE,4
201609122100_1614_54db4527.jpg,FALSE,4
201609130000_1614_1fd21ed5.jpg,FALSE,4
201609130300_1614_eb613020.jpg,FALSE,4
201609130600_1614_cc4970cb.jpg,FALSE,4
201609130900_1614_6abed8e1.jpg,FALSE,4
201609131200_1614_a4b77d56.jpg,FALSE,4
201609131500_1614_c9072dc1.jpg,FALSE,4
201609131800_1614_a522639c.jpg,FALSE,4
201609132100_1614_49d1eeeb.jpg,FALSE,4
201609140000_1614_58c9fcc1.jpg,FALSE,4
201609140300_1614_3127bd3f.jpg,FALSE,4
201609140600_1614_8609ae6e.jpg,FALSE,4
201609140900_1614_93400b71.jpg,FALSE,4
201609141200_1614_16ba35ac.jpg,FALSE,4
201609141500_1614_83391be8.jpg,FALSE,4
201609141800_1614_c2051993.jpg,FALSE,4
201609142100_1614_d7613785.jpg,FALSE,4
201609150000_1614_66119976.jpg,FALSE,3
201609150300_1614_56788ba3.jpg,FALSE,3
201609150600_1614_9dc5f2ce.jpg,FALSE,2
201609150900_1614_aef52bed.jpg,FALSE,2
201609151200_1614_0c28f274.jpg,FALSE,1
201609151500_1614_6106fddc.jpg,FALSE,1
201609151800_1614_91a6bfaf.jpg,FALSE,1
201609152100_1614_a62cf8a4.jpg,FALSE,1
201609160000_1614_e3d0524e.jpg,FALSE,1
201609170600_1614_e9b2a178.jpg,TRUE,
201609170900_1614_70f2c2b5.jpg,TRUE,
201609171200_1614_46e65785.jpg,TRUE,
201609110600_1615_2794a939.jpg,FALSE,1
201609110900_1615_8a4c9267.jpg,FALSE,1
201609111200_1615_297fe883.jpg,FALSE,1
201609111500_1615_abeae71e.jpg,FALSE,1
201609111800_1615_9d543825.jpg,FALSE,1
201609112100_1615_c215135d.jpg,FALSE,1
201609120000_1615_058a0541.jpg,FALSE,1
201609120300_1615_144d1be2.jpg,FALSE,1
201609120600_1615_8cf2b57b.jpg,FALSE,1
201609120900_1615_b204d982.jpg,FALSE,1
201609121200_1615_4b45f427.jpg,FALSE,1
201609121500_1615_cccc4f44.jpg,FALSE,1
201609121800_1615_6f1ef1d6.jpg,FALSE,2
201609122100_1615_e94a1268.jpg,FALSE,2
201609130000_1615_1a5073b8.jpg,FALSE,2
201609130300_1615_85dc05db.jpg,FALSE,2
201609130600_1615_c31a3f5b.jpg,FALSE,1
201609130900_1615_8ce44e39.jpg,FALSE,1
201609131200_1615_6202b89c.jpg,FALSE,1
201609131500_1615_42df3822.jpg,FALSE,1
201609131800_1615_9072fa57.jpg,FALSE,1
201609111800_1616_c6bbea65.jpg,FALSE,1
201609112100_1616_25a0f089.jpg,FALSE,1
201609120000_1616_b6d65157.jpg,FALSE,1
201609120300_1616_54e457c9.jpg,FALSE,1
201609120600_1616_1fd2e551.jpg,FALSE,1
201609120900_1616_da780712.jpg,FALSE,1
201609121200_1616_45b15be0.jpg,FALSE,1
201609121500_1616_12862ee1.jpg,FALSE,1
201609121800_1616_284bd66e.jpg,FALSE,2
201609122100_1616_a7a9d4bf.jpg,FALSE,2
201609130000_1616_eb0a7ebe.jpg,FALSE,2
201609130300_1616_789f472a.jpg,FALSE,2
201609130600_1616_378ac060.jpg,FALSE,2
201609130900_1616_7f33a55e.jpg,FALSE,2
201609131200_1616_7d7c1c8f.jpg,FALSE,2
201609131500_1616_3880d600.jpg,FALSE,2
201609131800_1616_6fdb4206.jpg,FALSE,3
201609132100_1616_3bba2771.jpg,FALSE,3
201609140000_1616_7ecedb04.jpg,FALSE,4
201609140300_1616_0a931e7e.jpg,FALSE,4
201609140600_1616_1562a64d.jpg,FALSE,4
201609140900_1616_27b3f322.jpg,FALSE,4
201609141200_1616_c846b2fb.jpg,FALSE,4
201609141500_1616_e533b4e4.jpg,FALSE,4
201609141800_1616_9670994c.jpg,FALSE,4
201609142100_1616_87a9bd83.jpg,FALSE,4
201609150000_1616_2d1cc041.jpg,FALSE,4
201609150300_1616_ec29a89a.jpg,FALSE,4
201609150600_1616_474622c3.jpg,FALSE,4
201609150900_1616_2a2e4c1a.jpg,FALSE,4
201609151200_1616_e26b769f.jpg,FALSE,4
201609151500_1616_ef74fa3b.jpg,FALSE,4
201609151800_1616_cfddf307.jpg,FALSE,4
201609152100_1616_e1be3a09.jpg,FALSE,4
201609160000_1616_302335be.jpg,FALSE,4
201609160300_1616_7ce6721d.jpg,FALSE,4
201609160600_1616_65176efc.jpg,FALSE,4
201609160900_1616_299eb69e.jpg,FALSE,4
201609161200_1616_57d353ba.jpg,FALSE,4
201609161500_1616_2fb1ed95.jpg,FALSE,4
201609161800_1616_afffab00.jpg,FALSE,4
201609162100_1616_316e2d8a.jpg,FALSE,4
201609170000_1616_893141aa.jpg,FALSE,4
201609170300_1616_a5532982.jpg,FALSE,4
201609170600_1616_9f8607ad.jpg,FALSE,4
201609170600_1616_8739153e.jpg,TRUE,
201609170900_1616_ea6413a7.jpg,FALSE,4
201609170900_1616_5af5f29d.jpg,TRUE,
201609171200_1616_e3048549.jpg,FALSE,4
201609171200_1616_bc541960.jpg,TRUE,
201609171500_1616_5548a899.jpg,FALSE,4
201609171500_1616_9e921e73.jpg,TRUE,
201609171800_1616_e79cd60b.jpg,FALSE,4
201609171800_1616_367510f2.jpg,TRUE,
201609172100_1616_b144bb43.jpg,FALSE,4
201609172100_1616_32bdd7ad.jpg,TRUE,
201609180000_1616_bc254446.jpg,FALSE,4
201609180000_1616_90fda95d.jpg,TRUE,
201609180300_1616_9a7b4cf0.jpg,FALSE,4
201609180300_1616_1011f829.jpg,TRUE,
201609180600_1616_da4cf625.jpg,FALSE,4
201609180600_1616_a1977b4b.jpg,TRUE,
201609180900_1616_329a7f80.jpg,FALSE,4
201609180900_1616_420e51cd.jpg,TRUE,
201609181200_1616_39b78b95.jpg,FALSE,4
201609181200_1616_848b8a4f.jpg,TRUE,
201609181500_1616_0afd32e4.jpg,FALSE,4
201609181500_1616_5282c9fe.jpg,TRUE,
201609181800_1616_d629bfbe.jpg,FALSE,4
201609181800_1616_48740ebb.jpg,TRUE,
201609182100_1616_877619c9.jpg,FALSE,4
201609182100_1616_73874578.jpg,TRUE,
201609190000_1616_ea62f8be.jpg,FALSE,4
201609190000_1616_4dba3a70.jpg,TRUE,
201609190300_1616_24757f72.jpg,FALSE,4
201609190300_1616_76585a3b.jpg,TRUE,
201609190600_1616_72635d4e.jpg,FALSE,4
201609190600_1616_98a9cdd3.jpg,TRUE,
201609190900_1616_7e3b7fe8.jpg,FALSE,4
201609190900_1616_5a97fa91.jpg,TRUE,
201609191200_1616_f2027ba5.jpg,FALSE,4
201609191200_1616_f5970c3d.jpg,TRUE,
201609191500_1616_391570e0.jpg,FALSE,4
201609191500_1616_d58b9d88.jpg,TRUE,
201609191800_1616_8c6bcf10.jpg,FALSE,4
201609191800_1616_472c6ba7.jpg,TRUE,
201609192100_1616_8e74e5f4.jpg,FALSE,4
201609192100_1616_b8e74878.jpg,TRUE,
201609200000_1616_afca9b06.jpg,FALSE,4
201609200000_1616_f45d7af2.jpg,TRUE,
201609200300_1616_48136cc0.jpg,FALSE,4
201609200300_1616_c6f4a6cd.jpg,TRUE,
201609200600_1616_ea961a30.jpg,FALSE,3
201609200600_1616_d0b2ba75.jpg,TRUE,
201609200900_1616_13c89b9e.jpg,FALSE,2
201609200900_1616_fa6456c3.jpg,TRUE,
201609201200_1616_dfc474d4.jpg,TRUE,
201609221800_1617_6c7ac554.jpg,FALSE,1
201609221800_1617_72bd8454.jpg,TRUE,
201609222100_1617_ea546721.jpg,FALSE,1
201609222100_1617_0d6c9926.jpg,TRUE,
201609230000_1617_cdb0f2f3.jpg,FALSE,1
201609230000_1617_5c574160.jpg,TRUE,
201609230300_1617_68a5c888.jpg,FALSE,1
201609230300_1617_42f37797.jpg,TRUE,
201609230600_1617_440bb1ac.jpg,FALSE,1
201609230600_1617_d8f53ff3.jpg,TRUE,
201609230900_1617_4a59edf9.jpg,FALSE,1
201609230900_1617_1d8bff22.jpg,TRUE,
201609231200_1617_eaf41a51.jpg,FALSE,1
201609231200_1617_148344d8.jpg,TRUE,
201609231500_1617_d2feaf2b.jpg,FALSE,1
201609231500_1617_a29a0473.jpg,TRUE,
201609231800_1617_78f2a9a1.jpg,FALSE,2
201609232100_1617_b6035fcf.jpg,FALSE,2
201609240000_1617_831febc5.jpg,FALSE,2
201609240300_1617_57723ed2.jpg,FALSE,2
201609240600_1617_1b12b41e.jpg,FALSE,2
201609240900_1617_6b1642de.jpg,FALSE,2
201609241200_1617_9fe4f2a6.jpg,FALSE,3
201609241500_1617_960072a9.jpg,FALSE,3
201609241800_1617_4bc7e199.jpg,FALSE,4
201609242100_1617_9fe26eff.jpg,FALSE,4
201609250000_1617_2e87f946.jpg,FALSE,4
201609250300_1617_b715860e.jpg,FALSE,4
201609250600_1617_d022386f.jpg,FALSE,4
201609250900_1617_d6b40905.jpg,FALSE,4
201609251200_1617_2b9afc13.jpg,FALSE,4
201609251500_1617_da7fe71d.jpg,FALSE,4
201609251800_1617_0628818e.jpg,FALSE,4
201609252100_1617_70b9fac7.jpg,FALSE,4
201609260000_1617_2314dd93.jpg,FALSE,4
201609260300_1617_82118967.jpg,FALSE,4
201609260600_1617_49fa7534.jpg,FALSE,4
201609260900_1617_21b5ed0d.jpg,FALSE,4
201609261200_1617_39059665.jpg,FALSE,4
201609261500_1617_de19e0c1.jpg,FALSE,4
201609261800_1617_95031403.jpg,FALSE,4
201609262100_1617_73fdd4e6.jpg,FALSE,4
201609270000_1617_20490917.jpg,FALSE,4
201609270300_1617_2ae7a4f2.jpg,FALSE,4
201609270600_1617_528fecf1.jpg,FALSE,4
201609270900_1617_c263f8f4.jpg,FALSE,4
201609271200_1617_496024dd.jpg,FALSE,4
201609271500_1617_add655a7.jpg,FALSE,4
201609271800_1617_3b6c08f5.jpg,FALSE,3
201609272100_1617_06522e58.jpg,FALSE,3
201609280000_1617_3e53c623.jpg,FALSE,2
201609280300_1617_7efea585.jpg,FALSE,2
201609280300_1617_2bee7e42.jpg,TRUE,
201609280600_1617_2e7f71a0.jpg,FALSE,2
201609280600_1617_1fa86a1e.jpg,TRUE,
201609280900_1617_4bb69f25.jpg,FALSE,2
201609280900_1617_f1d73461.jpg,TRUE,
201609281200_1617_2c71c30e.jpg,FALSE,1
201609281200_1617_d83c8828.jpg,TRUE,
201609281500_1617_b9584b38.jpg,FALSE,1
201609281500_1617_f2fc6e26.jpg,TRUE,
201609281800_1617_0a47ea21.jpg,FALSE,1
201609281800_1617_125da8bd.jpg,TRUE,
201609282100_1617_6ed220d2.jpg,FALSE,1
201609282100_1617_b3d2e3a2.jpg,TRUE,
201609290000_1617_5cc8376e.jpg,FALSE,1
201609290000_1617_5867666e.jpg,TRUE,
201609290300_1617_288f64c6.jpg,FALSE,1
201609290300_1617_c469494e.jpg,TRUE,
201609290600_1617_a5aad7fa.jpg,FALSE,1
201609290600_1617_370092ec.jpg,TRUE,
201609241800_1618_1cbb794b.jpg,FALSE,1
201609242100_1618_35952342.jpg,FALSE,1
201609250000_1618_0c8d5a4a.jpg,FALSE,1
201609250300_1618_a44ede34.jpg,FALSE,1
201609250600_1618_e0a4e696.jpg,FALSE,1
201609250900_1618_88dcd068.jpg,FALSE,1
201609251200_1618_40e3c55d.jpg,FALSE,1
201609251500_1618_7e2d8883.jpg,FALSE,1
201609251800_1618_c383aa0f.jpg,FALSE,1
201609252100_1618_15e74cb2.jpg,FALSE,1
201609260000_1618_df115340.jpg,FALSE,1
201609260300_1618_1626f7b1.jpg,FALSE,1
201609260600_1618_ab398d53.jpg,FALSE,1
201609260900_1618_7f6cb8cc.jpg,FALSE,1
201609261200_1618_0130dc6f.jpg,FALSE,1
201609261500_1618_066b8b58.jpg,FALSE,1
201609261800_1618_3b3e8b3b.jpg,FALSE,1
201609262100_1618_f5a40223.jpg,FALSE,1
201609270000_1618_edbc4904.jpg,FALSE,1
201609270300_1618_fb7e492c.jpg,FALSE,1
201609270600_1618_f5aa486d.jpg,FALSE,1
201609270900_1618_42aacb3e.jpg,FALSE,1
201609271200_1618_411718e8.jpg,FALSE,1
201609271500_1618_47cfef4a.jpg,FALSE,1
201609271800_1618_988a4e7c.jpg,FALSE,1
201609272100_1618_d1f2ff0f.jpg,FALSE,1
201609280000_1618_2e610f81.jpg,FALSE,1
201609280300_1618_4a29eeb6.jpg,FALSE,1
201609280300_1618_4f60a02f.jpg,TRUE,
201609280600_1618_9ee40f7d.jpg,FALSE,1
201609280600_1618_3cdcf3a5.jpg,TRUE,
201609280900_1618_86174831.jpg,FALSE,1
201609280900_1618_4e5c23b3.jpg,TRUE,
201609281200_1618_3f754370.jpg,FALSE,1
201609281200_1618_149ceadf.jpg,TRUE,
201609281500_1618_5f43dd7d.jpg,FALSE,1
201609281500_1618_c740b633.jpg,TRUE,
201609281800_1618_617e5dbb.jpg,FALSE,1
201609281800_1618_61b41a01.jpg,TRUE,
201609282100_1618_f5d759ab.jpg,FALSE,1
201609282100_1618_33f189d6.jpg,TRUE,
201609290000_1618_a0773d92.jpg,FALSE,1
201609290000_1618_3c20c730.jpg,TRUE,
201609290300_1618_3da83ee3.jpg,FALSE,1
201609290300_1618_9db085b4.jpg,TRUE,
201609290600_1618_adf2e661.jpg,FALSE,2
201609290600_1618_cb31c725.jpg,TRUE,
201609290900_1618_c7b8428d.jpg,FALSE,2
201609290900_1618_bfd9090a.jpg,TRUE,
201609291200_1618_1755dc24.jpg,FALSE,2
201609291200_1618_722edfb0.jpg,TRUE,
201609291500_1618_c769d702.jpg,FALSE,2
201609291500_1618_2d6fed69.jpg,TRUE,
201609291800_1618_59e5c275.jpg,FALSE,2
201609291800_1618_d59e1bfa.jpg,TRUE,
201609292100_1618_20ac608d.jpg,FALSE,2
201609292100_1618_3e85c97a.jpg,TRUE,
201609300000_1618_48289367.jpg,FALSE,3
201609300000_1618_e3a21352.jpg,TRUE,
201609300300_1618_ac62a535.jpg,FALSE,3
201609300600_1618_37ed6ec7.jpg,FALSE,3
201609300900_1618_6d8ebfc8.jpg,FALSE,3
201609301200_1618_ac3908b1.jpg,FALSE,3
201609301500_1618_93d9d886.jpg,FALSE,3
201609301800_1618_da04c7ae.jpg,FALSE,3
201609302100_1618_560ccdd2.jpg,FALSE,3
201610010000_1618_74d9b44d.jpg,FALSE,3
201610010300_1618_ce651e02.jpg,FALSE,3
201610010600_1618_32cd16f5.jpg,FALSE,3
201610010900_1618_fc2df2e1.jpg,FALSE,3
201610011200_1618_681a1481.jpg,FALSE,4
201610011500_1618_c40f0045.jpg,FALSE,4
201610011800_1618_d40c0cc8.jpg,FALSE,4
201610012100_1618_ef229c6a.jpg,FALSE,4
201610020000_1618_7c6a4c99.jpg,FALSE,4
201610020300_1618_a2ae76a9.jpg,FALSE,4
201610020600_1618_273105cd.jpg,FALSE,4
201610020900_1618_5c5fd677.jpg,FALSE,4
201610021200_1618_04e4381e.jpg,FALSE,4
201610021500_1618_282d0393.jpg,FALSE,4
201610021800_1618_7838b06f.jpg,FALSE,4
201610022100_1618_fe6139d6.jpg,FALSE,4
201610030000_1618_f34647c5.jpg,FALSE,4
201610030300_1618_8897849f.jpg,FALSE,4
201610030600_1618_639d363f.jpg,FALSE,4
201610030900_1618_d4a2f99f.jpg,FALSE,4
201610030900_1618_9981261b.jpg,TRUE,
201610031200_1618_988fbf79.jpg,FALSE,4
201610031200_1618_2fc92555.jpg,TRUE,
201610031500_1618_10c25c87.jpg,FALSE,4
201610031500_1618_3d1684a5.jpg,TRUE,
201610031800_1618_274f7078.jpg,FALSE,4
201610031800_1618_3e9f0a07.jpg,TRUE,
201610032100_1618_af748d27.jpg,FALSE,4
201610032100_1618_6c4bc7c6.jpg,TRUE,
201610040000_1618_d8fc3ce8.jpg,FALSE,4
201610040000_1618_d5fd76c0.jpg,TRUE,
201610040300_1618_6fa1d843.jpg,FALSE,4
201610040300_1618_9b3764dc.jpg,TRUE,
201610040600_1618_19c2d7a7.jpg,FALSE,4
201610040600_1618_c8f11071.jpg,TRUE,
201610040900_1618_dc160b9b.jpg,FALSE,4
201610040900_1618_bcef7be1.jpg,TRUE,
201610041200_1618_ec325122.jpg,FALSE,4
201610041500_1618_2ee028a9.jpg,FALSE,4
201610041800_1618_32a8d694.jpg,FALSE,4
201610042100_1618_3a019cd9.jpg,FALSE,4
201610050000_1618_998daa68.jpg,FALSE,4
201610050300_1618_81d7dc92.jpg,FALSE,3
201610050600_1618_0d10abbd.jpg,FALSE,3
201610050900_1618_a25bd920.jpg,FALSE,2
201610041200_1619_c95477b3.jpg,FALSE,1
201610041500_1619_3d21f99b.jpg,FALSE,1
201610041800_1619_80b99dbd.jpg,FALSE,1
201610042100_1619_d17d622a.jpg,FALSE,1
201610050000_1619_1eee89c3.jpg,FALSE,1
201610050300_1619_9470c612.jpg,FALSE,1
201610050600_1619_bf0ca5c3.jpg,FALSE,1
201610050900_1619_3cd4c92a.jpg,FALSE,1
201610051200_1619_1634f212.jpg,FALSE,1
201610051500_1619_3662f627.jpg,FALSE,1
201610051800_1619_f7bef65d.jpg,FALSE,2
201610052100_1619_55e679b6.jpg,FALSE,2
201610060000_1619_29a99248.jpg,FALSE,2
201610060300_1619_235c9bc2.jpg,FALSE,2
201610060600_1619_e240388f.jpg,FALSE,2
201610060900_1619_aceb9a88.jpg,FALSE,2
201610061200_1619_0e856672.jpg,FALSE,2
201610061500_1619_a12f3a97.jpg,FALSE,2
201610061800_1619_5631fccd.jpg,FALSE,2
201610062100_1619_d87b3516.jpg,FALSE,2
201610070000_1619_6cac816b.jpg,FALSE,2
201610070300_1619_7a149135.jpg,FALSE,2
201610070600_1619_0de548b5.jpg,FALSE,3
201610070900_1619_cf305c2e.jpg,FALSE,3
201610071200_1619_5b4f1ac4.jpg,FALSE,3
201610071500_1619_4a8c9ff7.jpg,FALSE,3
201610071800_1619_00e721d6.jpg,FALSE,3
201610072100_1619_2a10e369.jpg,FALSE,3
201610080000_1619_1406cd12.jpg,FALSE,3
201610080300_1619_9dc12493.jpg,FALSE,3
201610080600_1619_3df1124d.jpg,FALSE,3
201610080900_1619_268c3a8c.jpg,FALSE,3
201610081200_1619_71d7cffb.jpg,FALSE,2
201610081500_1619_b08cc36f.jpg,FALSE,2
201610081800_1619_b4d4b202.jpg,FALSE,2
201610082100_1619_9289cae4.jpg,FALSE,2
201610090000_1619_c00bc404.jpg,FALSE,2
201610090300_1619_a7b1f4d0.jpg,FALSE,2
201610090600_1619_f66428ab.jpg,FALSE,2
201610090900_1619_48675f67.jpg,FALSE,2
201610091200_1619_24858502.jpg,FALSE,2
201610091500_1619_aa2b761e.jpg,FALSE,2
201610091800_1619_5b9bbaba.jpg,FALSE,2
201610092100_1619_cbbb27d0.jpg,FALSE,2
201610100000_1619_22e67dbe.jpg,FALSE,1
201610031800_1620_636cdb53.jpg,FALSE,4
201610031800_1620_4ec115a7.jpg,TRUE,
201610032100_1620_250b708a.jpg,FALSE,4
201610032100_1620_bf5a6b2f.jpg,TRUE,
201610040000_1620_f11ae7ba.jpg,FALSE,1
201610040000_1620_3fd2240a.jpg,TRUE,
201610040300_1620_7753f774.jpg,FALSE,1
201610040300_1620_97a77be5.jpg,TRUE,
201610040600_1620_3f50104e.jpg,FALSE,1
201610040600_1620_41e4ff01.jpg,TRUE,
201610040900_1620_957c24d7.jpg,FALSE,1
201610040900_1620_defcf8ca.jpg,TRUE,
201610041200_1620_47d488a2.jpg,FALSE,1
201610041500_1620_2da8ded4.jpg,FALSE,1
201610041800_1620_6fb4b1ea.jpg,FALSE,1
201610042100_1620_aeefb59f.jpg,FALSE,1
201610050000_1620_7955d750.jpg,FALSE,1
201610050300_1620_7d847ecb.jpg,FALSE,1
201610050600_1620_4b984050.jpg,FALSE,1
201610050900_1620_d94c47b7.jpg,FALSE,1
201610051200_1620_48a43369.jpg,FALSE,1
201610051500_1620_acd7b503.jpg,FALSE,1
201610051800_1620_da4bb4c8.jpg,FALSE,1
201610052100_1620_cd3ae8a8.jpg,FALSE,1
201610060000_1620_147bf904.jpg,FALSE,1
201610060300_1620_6d13b95f.jpg,FALSE,1
201610060600_1620_ec6566c0.jpg,FALSE,1
201610060900_1620_4d0b2369.jpg,FALSE,1
201610061200_1620_46556f95.jpg,FALSE,1
201610061500_1620_479cdffa.jpg,FALSE,1
201610061800_1620_43a63d6b.jpg,FALSE,1
201610062100_1620_e67c51d4.jpg,FALSE,1
201610070000_1620_61f3537b.jpg,FALSE,1
201610070300_1620_b78012bf.jpg,FALSE,1
201610070600_1620_7d9aa53c.jpg,FALSE,1
201610070900_1620_4ce63772.jpg,FALSE,1
201610071200_1620_c9916c26.jpg,FALSE,1
201610071500_1620_759f0146.jpg,FALSE,1
201610071800_1620_1b559e4c.jpg,FALSE,1
201610072100_1620_443319bc.jpg,FALSE,1
201610080000_1620_c9e8d33f.jpg,FALSE,1
201610080300_1620_29b821b8.jpg,FALSE,1
201610080600_1620_41a34cfa.jpg,FALSE,1
201610080900_1620_91364fee.jpg,FALSE,1
201610081200_1620_978d1c0e.jpg,FALSE,2
201610081500_1620_9d8961a3.jpg,FALSE,2
201610081800_1620_7c9f2769.jpg,FALSE,2
201610082100_1620_64271f97.jpg,FALSE,2
201610090000_1620_290007aa.jpg,FALSE,2
201610090300_1620_7cbef52b.jpg,FALSE,2
201610090600_1620_e821db5f.jpg,FALSE,2
201610090900_1620_122720e4.jpg,FALSE,2
201610091200_1620_6da18666.jpg,FALSE,2
201610091500_1620_0c5d65c9.jpg,FALSE,2
201610091800_1620_4035a472.jpg,FALSE,3
201610092100_1620_cf1f9073.jpg,FALSE,3
201610100000_1620_fefa0d8e.jpg,FALSE,4
201610100300_1620_a3cd6ba7.jpg,FALSE,4
201610100300_1620_a7016d47.jpg,TRUE,
201610100600_1620_5d119aac.jpg,FALSE,4
201610100600_1620_c16d0260.jpg,TRUE,
201610100900_1620_10eadffe.jpg,FALSE,4
201610100900_1620_b33f77fa.jpg,TRUE,
201610101200_1620_1022c9a0.jpg,FALSE,4
201610101200_1620_32658e3f.jpg,TRUE,
201610101500_1620_87bd5743.jpg,FALSE,4
201610101500_1620_7979bdad.jpg,TRUE,
201610101800_1620_1e7bf8fc.jpg,FALSE,4
201610101800_1620_68204e85.jpg,TRUE,
201610102100_1620_c3bb3cb6.jpg,FALSE,4
201610102100_1620_bd9130e2.jpg,TRUE,
201610110000_1620_928051ca.jpg,FALSE,4
201610110000_1620_36ac26c0.jpg,TRUE,
201610110300_1620_7bc75ca1.jpg,FALSE,4
201610110300_1620_fe6df54b.jpg,TRUE,
201610110600_1620_6f00f649.jpg,FALSE,4
201610110600_1620_5318642b.jpg,TRUE,
201610110900_1620_a56050dc.jpg,FALSE,4
201610110900_1620_2ade90bc.jpg,TRUE,
201610111200_1620_f76be827.jpg,FALSE,4
201610111200_1620_e431640a.jpg,TRUE,
201610111500_1620_e0ef4394.jpg,FALSE,4
201610111500_1620_9e7f5b94.jpg,TRUE,
201610111800_1620_cf13849a.jpg,FALSE,4
201610111800_1620_deb8714d.jpg,TRUE,
201610112100_1620_85f0ac61.jpg,FALSE,4
201610112100_1620_32fe779f.jpg,TRUE,
201610120000_1620_83880e6e.jpg,FALSE,4
201610120000_1620_76edee28.jpg,TRUE,
201610120300_1620_b0bea5a4.jpg,FALSE,4
201610120300_1620_44e6a5a7.jpg,TRUE,
201610120600_1620_286eaf06.jpg,FALSE,4
201610120600_1620_9df8846c.jpg,TRUE,
201610120900_1620_b29ea360.jpg,FALSE,4
201610120900_1620_9d022869.jpg,TRUE,
201610121200_1620_74792290.jpg,FALSE,4
201610121200_1620_c3236d35.jpg,TRUE,
201610121500_1620_de1e5309.jpg,FALSE,4
201610121500_1620_c4bc7374.jpg,TRUE,
201610121800_1620_a7ddc9ef.jpg,FALSE,4
201610121800_1620_b97f78b4.jpg,TRUE,
201610122100_1620_1798ca9e.jpg,FALSE,4
201610122100_1620_abcc84dd.jpg,TRUE,
201610130000_1620_8068f5c5.jpg,FALSE,4
201610130000_1621_bae96371.jpg,FALSE,1
201610130300_1621_1e89a555.jpg,FALSE,1
201610130600_1621_cf117efc.jpg,FALSE,1
201610130900_1621_3fe218bf.jpg,FALSE,1
201610131200_1621_1d88f804.jpg,FALSE,1
201610131500_1621_0a43c2ec.jpg,FALSE,1
201610131800_1621_1e99a861.jpg,FALSE,2
201610132100_1621_b23a3b7d.jpg,FALSE,2
201610140000_1621_2da33b54.jpg,FALSE,2
201610140300_1621_33ce01e7.jpg,FALSE,2
201610140600_1621_ce9b2fac.jpg,FALSE,2
201610140900_1621_a993396c.jpg,FALSE,2
201610141200_1621_50ae5deb.jpg,FALSE,3
201610141500_1621_dda7d242.jpg,FALSE,3
201610141800_1621_07ff3f89.jpg,FALSE,3
201610142100_1621_8e003550.jpg,FALSE,3
201610150000_1621_b159b7d8.jpg,FALSE,4
201610150300_1621_a277ad0e.jpg,FALSE,4
201610150600_1621_bae4ef4c.jpg,FALSE,4
201610150900_1621_3114b3c2.jpg,FALSE,4
201610151200_1621_2f0b7064.jpg,FALSE,4
201610151500_1621_b715bc18.jpg,FALSE,4
201610151800_1621_85a4b5d3.jpg,FALSE,4
201610152100_1621_9694a7a5.jpg,FALSE,4
201610160000_1621_c7cf1278.jpg,FALSE,4
201610160300_1621_2b8a2feb.jpg,FALSE,4
201610160600_1621_0ab79834.jpg,FALSE,4
201610160900_1621_d15fdf9c.jpg,FALSE,4
201610161200_1621_eb892285.jpg,FALSE,4
201610161500_1621_8132c985.jpg,FALSE,4
201610161800_1621_4857fc6a.jpg,FALSE,4
201610162100_1621_43508c20.jpg,FALSE,4
201610170000_1621_9049e4c3.jpg,FALSE,3
201610170300_1621_dbc1aab8.jpg,FALSE,3
201610170600_1621_7433e45f.jpg,FALSE,3
201610170900_1621_a668b35b.jpg,FALSE,3
201610171200_1621_a2d8091b.jpg,FALSE,3
201610171500_1621_9167d283.jpg,FALSE,3
201610171800_1621_19ba526b.jpg,FALSE,3
201610172100_1621_3e7336e9.jpg,FALSE,3
201610180000_1621_46fce056.jpg,FALSE,3
201610180300_1621_678f9e5d.jpg,FALSE,3
201610180600_1621_03719ed8.jpg,FALSE,3
201610180900_1621_5f889146.jpg,FALSE,3
201610181200_1621_9c252f02.jpg,FALSE,2
201610181500_1621_d92295bf.jpg,FALSE,2
201610181800_1621_9995c8ef.jpg,FALSE,2
201610182100_1621_091b8559.jpg,FALSE,2
201610190000_1621_33435019.jpg,FALSE,2
201610190300_1621_a5ae6d30.jpg,FALSE,2
201610190600_1621_899534f7.jpg,FALSE,1
201610190900_1621_d7ebc0ea.jpg,FALSE,1
201610191200_1621_35d6e5e7.jpg,FALSE,1
201610191500_1621_47dbaa45.jpg,FALSE,1
201610191800_1621_523d9b47.jpg,FALSE,1
201610141200_1622_36667fd4.jpg,FALSE,1
201610141500_1622_d8b0b029.jpg,FALSE,1
201610141800_1622_a9f54fcf.jpg,FALSE,1
201610142100_1622_9604d7dc.jpg,FALSE,1
201610150000_1622_7b09dd36.jpg,FALSE,2
201610150300_1622_587a2706.jpg,FALSE,2
201610150600_1622_2a518664.jpg,FALSE,2
201610150900_1622_913c906c.jpg,FALSE,2
201610151200_1622_723720ed.jpg,FALSE,2
201610151500_1622_b87414f5.jpg,FALSE,2
201610151800_1622_85c59ada.jpg,FALSE,3
201610152100_1622_1a0cefc6.jpg,FALSE,3
201610160000_1622_f559f146.jpg,FALSE,3
201610160300_1622_7c9d18e3.jpg,FALSE,3
201610160600_1622_6ca00c0d.jpg,FALSE,4
201610160900_1622_f5356261.jpg,FALSE,4
201610161200_1622_342d0ebd.jpg,FALSE,4
201610161500_1622_c60bf8e5.jpg,FALSE,4
201610161800_1622_b92231c8.jpg,FALSE,4
201610162100_1622_928fc92f.jpg,FALSE,4
201610170000_1622_8beb9a41.jpg,FALSE,4
201610170300_1622_a9812815.jpg,FALSE,4
201610170600_1622_ddbe1ab2.jpg,FALSE,4
201610170900_1622_529d77f6.jpg,FALSE,4
201610171200_1622_5a08299c.jpg,FALSE,4
201610171500_1622_4e1fb73f.jpg,FALSE,4
201610171800_1622_0e1e2343.jpg,FALSE,4
201610172100_1622_bd27ce27.jpg,FALSE,4
201610180000_1622_b489377a.jpg,FALSE,4
201610180300_1622_79e76997.jpg,FALSE,4
201610180600_1622_fa479ca4.jpg,FALSE,4
201610180900_1622_c33d90f8.jpg,FALSE,4
201610181200_1622_4d79724d.jpg,FALSE,4
201610181500_1622_72cdc50f.jpg,FALSE,4
201610181800_1622_27a0ad12.jpg,FALSE,4
201610182100_1622_9dd92fb9.jpg,FALSE,4
201610190000_1622_856b3797.jpg,FALSE,4
201610190300_1622_d78b7b3d.jpg,FALSE,4
201610190600_1622_3422c4f9.jpg,FALSE,4
201610190900_1622_e8bde8cc.jpg,FALSE,4
201610191200_1622_4cfe6937.jpg,FALSE,4
201610191500_1622_052bd760.jpg,FALSE,4
201610191800_1622_18d00892.jpg,FALSE,4
201610192100_1622_fbb0e037.jpg,FALSE,4
201610200000_1622_900f4852.jpg,FALSE,4
201610200300_1622_95a5b06a.jpg,FALSE,4
201610200600_1622_b82da25b.jpg,FALSE,4
201610200900_1622_b186c58f.jpg,FALSE,4
201610201200_1622_ae7d7232.jpg,FALSE,4
201610201500_1622_b52bbe62.jpg,FALSE,4
201610201800_1622_ad2d12c7.jpg,FALSE,4
201610202100_1622_e3a281e3.jpg,FALSE,4
201610210000_1622_c628fb6f.jpg,FALSE,3
201610210300_1622_3b1c00d8.jpg,FALSE,3
201610210600_1622_c43bf405.jpg,FALSE,2
201610210900_1622_ac65c6f8.jpg,FALSE,2
201610211200_1622_339048f2.jpg,FALSE,2
201610211500_1622_dacfff0e.jpg,FALSE,2
201610211500_1622_ac5756d8.jpg,TRUE,
201610211800_1622_cfa3d6e2.jpg,FALSE,1
201610211800_1622_e69571d2.jpg,TRUE,
201610212100_1622_88a0f2a8.jpg,TRUE,
201610220000_1622_838df5f3.jpg,TRUE,
201610220300_1622_9e8fe154.jpg,TRUE,
201610220600_1622_82eb303f.jpg,TRUE,
201610220900_1622_ba8bc6c2.jpg,TRUE,
201610221200_1622_f3ee2721.jpg,TRUE,
201610221500_1622_29d23bf5.jpg,TRUE,
201610221800_1622_0e0b7b22.jpg,TRUE,
201610222100_1622_d4ff62fa.jpg,TRUE,
201610230000_1622_673b7358.jpg,TRUE,
201610230300_1622_f97c6d6c.jpg,TRUE,
201610230600_1622_7bcdd17b.jpg,TRUE,
201610230900_1622_357e85dd.jpg,TRUE,
201610231200_1622_798b4624.jpg,TRUE,
201610231500_1622_d4c44774.jpg,TRUE,
201610231800_1622_b46e3057.jpg,TRUE,
201610232100_1622_7e25fb39.jpg,TRUE,
201610240000_1622_c5620876.jpg,TRUE,
201610240300_1622_b1e67ee4.jpg,TRUE,
201610240600_1622_769dbbd7.jpg,TRUE,
201610240900_1622_f08c035a.jpg,TRUE,
201610241200_1622_e0b57101.jpg,TRUE,
201610241500_1622_d029d6d2.jpg,TRUE,
201610241800_1622_f1949625.jpg,TRUE,
201610242100_1622_d1fdd264.jpg,TRUE,
201610250000_1622_5fb9710e.jpg,TRUE,
201610250300_1622_d992b4de.jpg,TRUE,
201610250600_1622_74d8c63d.jpg,TRUE,
201610250900_1622_c071b800.jpg,TRUE,
201610251200_1622_212e7087.jpg,TRUE,
201610251500_1622_6470aca9.jpg,TRUE,
201610251800_1622_b0ac5a91.jpg,TRUE,
201610252100_1622_d78725a0.jpg,TRUE,
201610260000_1622_872507d9.jpg,TRUE,
201610260300_1622_8f71e020.jpg,TRUE,
201610260600_1622_c77501ab.jpg,TRUE,
201610301800_1623_051d1a41.jpg,FALSE,1
201610301800_1623_90fbbecc.jpg,TRUE,
201610302100_1623_285ea22e.jpg,FALSE,1
201610302100_1623_e8ddef71.jpg,TRUE,
201610310000_1623_d75f5852.jpg,FALSE,1
201610310000_1623_85c16d27.jpg,TRUE,
201610310300_1623_20762d4d.jpg,FALSE,1
201610310300_1623_20fdb231.jpg,TRUE,
201610310600_1623_25394274.jpg,FALSE,1
201610310600_1623_6c0a9a38.jpg,TRUE,
201610310900_1623_6fca8972.jpg,FALSE,1
201610310900_1623_1a7546a8.jpg,TRUE,
201610311200_1623_1d3751ab.jpg,FALSE,1
201610311200_1623_b260fbae.jpg,TRUE,
201610311500_1623_e867d9ec.jpg,FALSE,1
201610311500_1623_e62ca7f7.jpg,TRUE,
201610311800_1623_f12f5cf9.jpg,FALSE,1
201610311800_1623_27bdf839.jpg,TRUE,
201610312100_1623_7c1bb68a.jpg,FALSE,1
201610312100_1623_fe20780e.jpg,TRUE,
201611010000_1623_8eabf0e0.jpg,FALSE,1
201611010000_1623_fa1843f6.jpg,TRUE,
201611010300_1623_8d2f8814.jpg,FALSE,1
201611010300_1623_5d8211fa.jpg,TRUE,
201611010600_1623_9490e93c.jpg,FALSE,1
201611010600_1623_5f6d5396.jpg,TRUE,
201611010900_1623_6179584d.jpg,FALSE,1
201611010900_1623_51c43745.jpg,TRUE,
201611011200_1623_f67a6858.jpg,FALSE,1
201611011200_1623_35a92327.jpg,TRUE,
201611011500_1623_7433affe.jpg,FALSE,1
201611011500_1623_efdb0843.jpg,TRUE,
201611011800_1623_976472e5.jpg,FALSE,1
201611011800_1623_1cfdc994.jpg,TRUE,
201611012100_1623_b980cf37.jpg,FALSE,1
201611012100_1623_b2ac4d09.jpg,TRUE,
201611020000_1623_4ff7e3fc.jpg,FALSE,1
201611020000_1623_c8257086.jpg,TRUE,
201611020300_1623_885bbefe.jpg,FALSE,1
201611020600_1623_2d308ead.jpg,FALSE,1
201611020900_1623_a1f82451.jpg,FALSE,1
201611021200_1623_e7c24b49.jpg,FALSE,1
201611021500_1623_fd5c0b58.jpg,FALSE,1
201611021800_1623_55b0c402.jpg,FALSE,1
201611022100_1623_ce19b966.jpg,FALSE,1
201611030000_1623_c15c0ab2.jpg,FALSE,2
201611030300_1623_9198d3e3.jpg,FALSE,2
201611030600_1623_ecd69971.jpg,FALSE,2
201611030900_1623_30148e91.jpg,FALSE,2
201611031200_1623_d639dfa0.jpg,FALSE,2
201611031500_1623_adb01a41.jpg,FALSE,2
201611031800_1623_0278e0e4.jpg,FALSE,2
201611032100_1623_68ba253d.jpg,FALSE,2
201611032100_1623_9ffeccf9.jpg,TRUE,
201611040000_1623_8820c83e.jpg,FALSE,2
201611040000_1623_3ae7b67b.jpg,TRUE,
201611040300_1623_cce990b6.jpg,FALSE,2
201611040300_1623_869e0dd0.jpg,TRUE,
201611040600_1623_c9ad6f74.jpg,FALSE,3
201611040600_1623_d932043c.jpg,TRUE,
201611040900_1623_ed708af3.jpg,FALSE,3
201611040900_1623_4ab9e65a.jpg,TRUE,
201611041200_1623_ef4002f6.jpg,FALSE,3
201611041200_1623_3e8fc8b8.jpg,TRUE,
201611041500_1623_7f230939.jpg,FALSE,3
201611041500_1623_4614982c.jpg,TRUE,
201611041800_1623_8f47abf5.jpg,FALSE,3
201611041800_1623_e07bcbaa.jpg,TRUE,
201611042100_1623_f26b12fa.jpg,FALSE,3
201611042100_1623_699c4d7e.jpg,TRUE,
201611050000_1623_699b35ad.jpg,FALSE,4
201611050000_1623_542eabb1.jpg,TRUE,
201611050300_1623_e5f2e539.jpg,FALSE,4
201611050300_1623_f310ed66.jpg,TRUE,
201611050600_1623_b64785f4.jpg,FALSE,4
201611050600_1623_7eb832bf.jpg,TRUE,
201611050900_1623_f9c993ec.jpg,FALSE,4
201611050900_1623_c9c24876.jpg,TRUE,
201611051200_1623_1d61d4be.jpg,FALSE,4
201611051200_1623_b178b9d5.jpg,TRUE,
201611051500_1623_50273eb8.jpg,FALSE,4
201611051500_1623_c4ef8741.jpg,TRUE,
201611051800_1623_c548ec3f.jpg,FALSE,4
201611051800_1623_caefad69.jpg,TRUE,
201611052100_1623_c5cc9a17.jpg,FALSE,4
201611052100_1623_739b7ddc.jpg,TRUE,
201611060000_1623_ca0b1ebb.jpg,FALSE,4
201611060000_1623_01cd5f55.jpg,TRUE,
201611060300_1623_abf6e8ee.jpg,FALSE,4
201611060300_1623_c1edfc78.jpg,TRUE,
201611060600_1623_04a3d637.jpg,FALSE,4
201611060600_1623_b726b135.jpg,TRUE,
201611060900_1623_3b5aefea.jpg,FALSE,4
201611060900_1623_803b7ccb.jpg,TRUE,
201611061200_1623_fdd530a8.jpg,FALSE,4
201611061200_1623_916633a0.jpg,TRUE,
201611061500_1623_51d87031.jpg,FALSE,4
201611061500_1623_c5bad3d5.jpg,TRUE,
201611061800_1623_a5556121.jpg,FALSE,4
201611061800_1623_f11049e9.jpg,TRUE,
201611062100_1623_0e190880.jpg,FALSE,4
201611062100_1623_3525b8eb.jpg,TRUE,
201611070000_1623_1168b3d3.jpg,FALSE,4
201611070000_1623_2d8e4899.jpg,TRUE,
201611070300_1623_748816ee.jpg,TRUE,
201611070600_1623_bba9137d.jpg,TRUE,
201611070900_1623_fc98c503.jpg,TRUE,
201611071200_1623_fb9bfe99.jpg,TRUE,
201611071500_1623_62bb1489.jpg,TRUE,
201611071800_1623_fa648504.jpg,TRUE,
201611072100_1623_4470c500.jpg,TRUE,
201611080000_1623_22e41db9.jpg,TRUE,
201611080300_1623_f10c6172.jpg,TRUE,
201611080600_1623_a77ac0ec.jpg,TRUE,
201611080900_1623_c7c84f3d.jpg,TRUE,
201611081200_1623_ab8f4024.jpg,TRUE,
201611081500_1623_536fe431.jpg,TRUE,
201611081800_1623_f5b4e51e.jpg,TRUE,
201611082100_1623_ff31eaa5.jpg,TRUE,
201611090000_1623_9561828d.jpg,TRUE,
201611090300_1623_324d7e7c.jpg,TRUE,
201611090600_1623_dc389a76.jpg,TRUE,
201611090900_1623_470b0ec1.jpg,TRUE,
201611091200_1623_ef60d484.jpg,TRUE,
201611091500_1623_979f2036.jpg,TRUE,
201611091800_1623_29962725.jpg,TRUE,
201611081800_1624_132a07f7.jpg,FALSE,1
201611081800_1624_b35cf1ef.jpg,TRUE,
201611082100_1624_c68c26a3.jpg,FALSE,1
201611082100_1624_4a79dc20.jpg,TRUE,
201611090000_1624_31518d7f.jpg,FALSE,1
201611090000_1624_34467749.jpg,TRUE,
201611090300_1624_4eacc611.jpg,FALSE,1
201611090300_1624_4ce30997.jpg,TRUE,
201611090600_1624_8fd7fce9.jpg,FALSE,1
201611090600_1624_d307b08f.jpg,TRUE,
201611090900_1624_e368a826.jpg,FALSE,1
201611090900_1624_3b7ebe61.jpg,TRUE,
201611091200_1624_37210f17.jpg,FALSE,1
201611091200_1624_92cd7f30.jpg,TRUE,
201611091500_1624_5af1e9f8.jpg,FALSE,1
201611091500_1624_05c5cc94.jpg,TRUE,
201611091800_1624_4fb63619.jpg,FALSE,1
201611091800_1624_044ceda5.jpg,TRUE,
201611092100_1624_4edb8f00.jpg,FALSE,1
201611092100_1624_ee1b4a42.jpg,TRUE,
201611100000_1624_060f1adc.jpg,FALSE,2
201611100000_1624_4a537958.jpg,TRUE,
201611100300_1624_2c20eb65.jpg,FALSE,2
201611100300_1624_2bb95a58.jpg,TRUE,
201611100600_1624_7ee047d4.jpg,FALSE,2
201611100600_1624_989044bc.jpg,TRUE,
201611100900_1624_cc298a40.jpg,FALSE,2
201611100900_1624_1c7c279f.jpg,TRUE,
201611101200_1624_442a8569.jpg,FALSE,2
201611101200_1624_9e861e79.jpg,TRUE,
201611101500_1624_05d6c776.jpg,FALSE,2
201611101500_1624_b6d38838.jpg,TRUE,
201611101800_1624_1ea87797.jpg,FALSE,2
201611101800_1624_3d2ee98a.jpg,TRUE,
201611102100_1624_1f105b8a.jpg,FALSE,2
201611102100_1624_c1a4e03b.jpg,TRUE,
201611110000_1624_e3fd03a5.jpg,FALSE,2
201611110000_1624_71e91bd0.jpg,TRUE,
201611110300_1624_55e34388.jpg,FALSE,2
201611110300_1624_08a0d809.jpg,TRUE,
201611110600_1624_81e6c7ce.jpg,FALSE,2
201611110600_1624_10478295.jpg,TRUE,
201611110900_1624_b4fd6371.jpg,FALSE,2
201611110900_1624_bd4a6c6b.jpg,TRUE,
201611111200_1624_8ac3dc1f.jpg,FALSE,2
201611111200_1624_4d811e6f.jpg,TRUE,
201611111500_1624_aaecc9b1.jpg,FALSE,2
201611111500_1624_d5640950.jpg,TRUE,
201611111800_1624_c628d70d.jpg,FALSE,2
201611111800_1624_75647987.jpg,TRUE,
201611112100_1624_f49ff598.jpg,FALSE,2
201611112100_1624_82a8e75c.jpg,TRUE,
201611120000_1624_b834b01a.jpg,FALSE,1
201611120000_1624_647a6a4d.jpg,TRUE,
201611120300_1624_785d9141.jpg,FALSE,1
201611120300_1624_2ea29cc0.jpg,TRUE,
201611120600_1624_b40cda3a.jpg,FALSE,1
201611120600_1624_9b12ef5d.jpg,TRUE,
201611120900_1624_2fee1815.jpg,FALSE,1
201611120900_1624_870a7c2d.jpg,TRUE,
201611121200_1624_c5119147.jpg,FALSE,1
201611121200_1624_74397848.jpg,TRUE,
201611121500_1624_580393af.jpg,FALSE,1
201611121500_1624_2628d72f.jpg,TRUE,
201611121800_1624_c178615b.jpg,FALSE,1
201611121800_1624_36494c62.jpg,TRUE,
201611122100_1624_b2b606fe.jpg,FALSE,1
201611122100_1624_b3df0a68.jpg,TRUE,
201611130000_1624_b44651f5.jpg,FALSE,1
201611130000_1624_8f1d1d65.jpg,TRUE,
201611240000_1625_e916bff3.jpg,FALSE,1
201611240300_1625_26eff432.jpg,FALSE,1
201611240600_1625_1b822f29.jpg,FALSE,1
201611240900_1625_6071f897.jpg,FALSE,1
201611241200_1625_797cc3a6.jpg,FALSE,1
201611241500_1625_fad36e69.jpg,FALSE,1
201611241800_1625_7503a2ad.jpg,FALSE,1
201611242100_1625_1ef6112d.jpg,FALSE,1
201611250000_1625_99e4c9c9.jpg,FALSE,1
201611250300_1625_5de1eb5a.jpg,FALSE,1
201611250600_1625_c0e3daa6.jpg,FALSE,1
201611250900_1625_34e8d9c0.jpg,FALSE,1
201611251200_1625_77d26e24.jpg,FALSE,2
201611251500_1625_bf52ddbe.jpg,FALSE,2
201611251800_1625_b59195aa.jpg,FALSE,2
201611252100_1625_0d91e189.jpg,FALSE,2
201611260000_1625_3f1ed9b2.jpg,FALSE,3
201611260300_1625_ae1e8920.jpg,FALSE,3
201611260600_1625_25696344.jpg,FALSE,2
201611260900_1625_8736c06e.jpg,FALSE,2
201611261200_1625_44cedf27.jpg,FALSE,2
201611261500_1625_5333bfb6.jpg,FALSE,2
201611261800_1625_9788327e.jpg,FALSE,2
201611262100_1625_9e3b80d4.jpg,FALSE,2
201611270000_1625_d0a13279.jpg,FALSE,2
201611270300_1625_3b4cdbad.jpg,FALSE,2
201611270600_1625_612d0b8a.jpg,FALSE,2
201611270900_1625_326b4eb4.jpg,FALSE,2
201611271200_1625_71381a94.jpg,FALSE,2
201611271500_1625_ddf7933d.jpg,FALSE,2
201611271800_1625_eac309c7.jpg,FALSE,2
201611272100_1625_c648cd57.jpg,FALSE,2
201611280000_1625_8c852aa0.jpg,FALSE,1
201612201200_1626_0ed287cc.jpg,FALSE,1
201612201200_1626_b2f075fe.jpg,TRUE,
201612201500_1626_0967d3c7.jpg,FALSE,1
201612201500_1626_13fe79e4.jpg,TRUE,
201612201800_1626_6f10f55b.jpg,FALSE,1
201612201800_1626_1ffc792d.jpg,TRUE,
201612202100_1626_2e48cba1.jpg,FALSE,1
201612202100_1626_bc19774d.jpg,TRUE,
201612210000_1626_85eff531.jpg,FALSE,1
201612210000_1626_94a30165.jpg,TRUE,
201612210300_1626_dea0ed6f.jpg,FALSE,1
201612210300_1626_637df088.jpg,TRUE,
201612210600_1626_f36d4542.jpg,FALSE,1
201612210600_1626_4ec77b23.jpg,TRUE,
201612210900_1626_b0492625.jpg,FALSE,1
201612210900_1626_1933cd9a.jpg,TRUE,
201612211200_1626_4128fe33.jpg,FALSE,1
201612211200_1626_a6454c4c.jpg,TRUE,
201612211500_1626_21e7bb4f.jpg,FALSE,1
201612211500_1626_bcb311b0.jpg,TRUE,
201612211800_1626_ad4cbf86.jpg,FALSE,2
201612211800_1626_cf7496bd.jpg,TRUE,
201612212100_1626_ee2a3663.jpg,FALSE,2
201612212100_1626_c1ac89a6.jpg,TRUE,
201612220000_1626_d186c4c5.jpg,FALSE,2
201612220000_1626_e2f6c5bc.jpg,TRUE,
201612220300_1626_895c5921.jpg,FALSE,2
201612220300_1626_741c36ed.jpg,TRUE,
201612220600_1626_e27c7183.jpg,FALSE,2
201612220900_1626_ee54b0b6.jpg,FALSE,2
201612221200_1626_a61693e1.jpg,FALSE,2
201612221500_1626_0eee4b07.jpg,FALSE,2
201612221800_1626_ee10657b.jpg,FALSE,3
201612222100_1626_912d2d84.jpg,FALSE,3
201612230000_1626_646e3d19.jpg,FALSE,3
201612230300_1626_453e045c.jpg,FALSE,3
201612230600_1626_00a66955.jpg,FALSE,4
201612230900_1626_90cfe55c.jpg,FALSE,4
201612231200_1626_8fa2fb76.jpg,FALSE,4
201612231500_1626_df06a15a.jpg,FALSE,4
201612231800_1626_187367b0.jpg,FALSE,4
201612232100_1626_00f32942.jpg,FALSE,4
201612240000_1626_9f518a12.jpg,FALSE,4
201612240300_1626_b6f96948.jpg,FALSE,4
201612240600_1626_32c7ac89.jpg,FALSE,4
201612240900_1626_9536f760.jpg,FALSE,4
201612241200_1626_39c093e6.jpg,FALSE,4
201612241500_1626_fe70805a.jpg,FALSE,4
201612241800_1626_63a469c9.jpg,FALSE,4
201612242100_1626_70c2befb.jpg,FALSE,4
201612250000_1626_c6311217.jpg,FALSE,4
201612250300_1626_17c98c51.jpg,FALSE,4
201612250600_1626_9dee2255.jpg,FALSE,4
201612250900_1626_eeb97261.jpg,FALSE,4
201612251200_1626_def70222.jpg,FALSE,4
201612251500_1626_1072fe9b.jpg,FALSE,4
201612251800_1626_86083d00.jpg,FALSE,4
201612252100_1626_f7a3fd45.jpg,FALSE,4
201612260000_1626_7d31a6cf.jpg,FALSE,4
201612260300_1626_32a8ebda.jpg,FALSE,4
201612260600_1626_5564558f.jpg,FALSE,4
201612260900_1626_735ec7da.jpg,FALSE,4
201612261200_1626_98c9a573.jpg,FALSE,4
201612261500_1626_b298c4d0.jpg,FALSE,4
201612261800_1626_c904a30d.jpg,FALSE,4
201612262100_1626_ced26e65.jpg,FALSE,4
201612270000_1626_f94f295f.jpg,FALSE,3
201612270300_1626_f1062236.jpg,FALSE,3
201612270600_1626_ba3d6e77.jpg,FALSE,3
201612270900_1626_d67bd295.jpg,FALSE,3
201612271200_1626_deb9178b.jpg,FALSE,2
201612271500_1626_724dddb1.jpg,FALSE,2
201612271800_1626_61ce6413.jpg,FALSE,1
201612272100_1626_d899731f.jpg,FALSE,1
201612280000_1626_b13593ec.jpg,FALSE,1
201612280300_1626_687da410.jpg,FALSE,1
201612280600_1626_ff507fd5.jpg,FALSE,1
201612280900_1626_067df7b7.jpg,FALSE,1
201612281200_1626_e51489fb.jpg,FALSE,1
201704221800_1701_f0ed099c.jpg,FALSE,1
201704221800_1701_52972d4d.jpg,TRUE,
201704222100_1701_3ee48503.jpg,FALSE,1
201704222100_1701_e6f36c2b.jpg,TRUE,
201704230000_1701_3732f5e4.jpg,FALSE,1
201704230000_1701_dcb875d8.jpg,TRUE,
201704230300_1701_cf6779fe.jpg,FALSE,1
201704230300_1701_46ba5048.jpg,TRUE,
201704230600_1701_1072b365.jpg,FALSE,1
201704230600_1701_330f2edd.jpg,TRUE,
201704230900_1701_a0d9b8c7.jpg,FALSE,1
201704230900_1701_9a43a2de.jpg,TRUE,
201704231200_1701_78e7e902.jpg,FALSE,1
201704231200_1701_b11a6255.jpg,TRUE,
201704231500_1701_b97df160.jpg,FALSE,1
201704231500_1701_4f76456d.jpg,TRUE,
201704231800_1701_61ed3d52.jpg,FALSE,1
201704231800_1701_7beddc0f.jpg,TRUE,
201704232100_1701_9b1b5655.jpg,FALSE,1
201704232100_1701_35433019.jpg,TRUE,
201704240000_1701_daf8aba7.jpg,FALSE,1
201704240000_1701_b32e2a40.jpg,TRUE,
201704240300_1701_7a461ce3.jpg,FALSE,1
201704240300_1701_d57acfaf.jpg,TRUE,
201704240600_1701_8183818a.jpg,FALSE,1
201704240600_1701_c5b8f06b.jpg,TRUE,
201704240900_1701_303a937a.jpg,FALSE,1
201704240900_1701_42ac4f29.jpg,TRUE,
201704241200_1701_7ca7d528.jpg,FALSE,1
201704241200_1701_1a4b811a.jpg,TRUE,
201704241500_1701_fa55e3ff.jpg,FALSE,1
201704241800_1701_508941b8.jpg,FALSE,1
201704242100_1701_7b222ff3.jpg,FALSE,1
201704250000_1701_04573f3e.jpg,FALSE,1
201704250300_1701_d73a18dc.jpg,FALSE,1
201704250600_1701_0e8a2a32.jpg,FALSE,1
201704250900_1701_68afe407.jpg,FALSE,1
201704251200_1701_f18cfe9e.jpg,FALSE,1
201704251500_1701_396f110d.jpg,FALSE,1
201704251800_1701_2b30b6f7.jpg,FALSE,2
201704252100_1701_6f170c3e.jpg,FALSE,2
201704260000_1701_4c2c9386.jpg,FALSE,2
201704260300_1701_9a3acd2a.jpg,FALSE,2
201704260600_1701_bb6d8c3f.jpg,FALSE,2
201704260900_1701_d7132615.jpg,FALSE,2
201704261200_1701_c1536353.jpg,FALSE,2
201704261500_1701_f341a350.jpg,FALSE,2
201704261800_1701_dd9c7aa5.jpg,FALSE,2
201704262100_1701_0200cece.jpg,FALSE,2
201704270000_1701_b4b70460.jpg,FALSE,2
201704270300_1701_82eff15c.jpg,FALSE,2
201704270600_1701_c9adadb1.jpg,FALSE,1
201704270900_1701_1e085eae.jpg,FALSE,1
201704271200_1701_ed43cf8f.jpg,FALSE,1
201704271500_1701_d914f9a4.jpg,FALSE,1
201704271800_1701_b6f1e8ff.jpg,FALSE,1
201704272100_1701_71c51648.jpg,FALSE,1
201704280000_1701_04a7849c.jpg,FALSE,1
201704280300_1701_d58d3fb3.jpg,FALSE,1
201704280600_1701_2ba39af6.jpg,FALSE,1
201704280900_1701_ff6b166f.jpg,FALSE,1
201704281200_1701_1ac15342.jpg,FALSE,1
201704281500_1701_cdc7f6fb.jpg,FALSE,1
201704281500_1701_34fdbd31.jpg,TRUE,
201704281800_1701_35eaa12b.jpg,FALSE,1
201704281800_1701_486ecd5e.jpg,TRUE,
201704282100_1701_27158a0e.jpg,FALSE,1
201704282100_1701_82837cba.jpg,TRUE,
201704290000_1701_ab79b8b0.jpg,FALSE,1
201704290000_1701_b31b2f60.jpg,TRUE,
201704290300_1701_be2a5ad0.jpg,FALSE,1
201704290300_1701_fad6f2bf.jpg,TRUE,
201704290600_1701_bc65ad83.jpg,FALSE,1
201704290600_1701_ce6bf337.jpg,TRUE,
201706100000_1702_d6296b37.jpg,FALSE,1
201706100300_1702_dae47aa0.jpg,FALSE,1
201706100600_1702_5ef8f8b0.jpg,FALSE,1
201706100900_1702_97253729.jpg,FALSE,1
201706101200_1702_567f7612.jpg,FALSE,1
201706101500_1702_dea7334e.jpg,FALSE,1
201706101800_1702_b84cad1b.jpg,FALSE,1
201706102100_1702_d6c55980.jpg,FALSE,1
201706110000_1702_0070e794.jpg,FALSE,2
201706110300_1702_4e35cea4.jpg,FALSE,2
201706110600_1702_beaf4164.jpg,FALSE,2
201706110900_1702_4f99def3.jpg,FALSE,2
201706111200_1702_3e122509.jpg,FALSE,2
201706111500_1702_75e3f13c.jpg,FALSE,2
201706111800_1702_18566ad5.jpg,FALSE,2
201706112100_1702_aa2ff464.jpg,FALSE,2
201706120000_1702_f63fffb7.jpg,FALSE,2
201706120300_1702_2fd48430.jpg,FALSE,2
201706120600_1702_7fcc49d7.jpg,FALSE,3
201706120900_1702_b54871ff.jpg,FALSE,3
201706121200_1702_d4229dae.jpg,FALSE,3
201706121500_1702_80213ee5.jpg,FALSE,3
201706121800_1702_21d79686.jpg,FALSE,2
201706122100_1702_a5e0d5e6.jpg,FALSE,2
201706130000_1702_a1c7d61f.jpg,FALSE,1
201706130300_1702_be9f8da1.jpg,FALSE,1
201706130600_1702_40554284.jpg,FALSE,1
201706130600_1702_ce58c5cc.jpg,TRUE,
201707010600_1703_22845cdd.jpg,FALSE,1
201707010900_1703_479602b2.jpg,FALSE,1
201707011200_1703_7e1ff314.jpg,FALSE,1
201707011500_1703_024b9008.jpg,FALSE,1
201707011800_1703_fe970589.jpg,FALSE,1
201707012100_1703_a6c6a269.jpg,FALSE,1
201707020000_1703_218bb361.jpg,FALSE,2
201707020300_1703_28791d8d.jpg,FALSE,2
201707020600_1703_c3dc0f12.jpg,FALSE,2
201707020900_1703_826211d5.jpg,FALSE,2
201707021200_1703_dccf1406.jpg,FALSE,2
201707021500_1703_82189536.jpg,FALSE,2
201707021800_1703_fa8210f0.jpg,FALSE,3
201707022100_1703_2c7cc76a.jpg,FALSE,3
201707022100_1703_cd71e9f5.jpg,TRUE,
201707030000_1703_a3d0741e.jpg,FALSE,3
201707030000_1703_458cac7c.jpg,TRUE,
201707030300_1703_6db59697.jpg,FALSE,3
201707030300_1703_06a61615.jpg,TRUE,
201707030600_1703_e7e59e0c.jpg,FALSE,3
201707030600_1703_8b3950ce.jpg,TRUE,
201707030900_1703_e168fe86.jpg,FALSE,3
201707030900_1703_f1607bed.jpg,TRUE,
201707031200_1703_1def63ec.jpg,FALSE,3
201707031200_1703_8c7af3dc.jpg,TRUE,
201707031500_1703_e6bf7f42.jpg,FALSE,3
201707031500_1703_624827a7.jpg,TRUE,
201707031800_1703_4708f808.jpg,FALSE,3
201707031800_1703_7252444e.jpg,TRUE,
201707032100_1703_2dd53d20.jpg,FALSE,3
201707032100_1703_69e72536.jpg,TRUE,
201707040000_1703_a6fbaf23.jpg,FALSE,3
201707040000_1703_14e2ab77.jpg,TRUE,
201707040300_1703_1273e954.jpg,FALSE,3
201707040300_1703_ebdd3f7e.jpg,TRUE,
201707040600_1703_c6b20038.jpg,FALSE,3
201707040600_1703_0466565d.jpg,TRUE,
201707040900_1703_8c2febaf.jpg,FALSE,3
201707040900_1703_6253a531.jpg,TRUE,
201707041200_1703_55542e32.jpg,FALSE,3
201707041200_1703_8f221511.jpg,TRUE,
201707041500_1703_4f2735be.jpg,FALSE,3
201707041500_1703_cd6418d7.jpg,TRUE,
201707041800_1703_fc95487f.jpg,FALSE,3
201707041800_1703_593db2fc.jpg,TRUE,
201707042100_1703_e05d430a.jpg,TRUE,
201707050000_1703_b37f836a.jpg,TRUE,
201707050300_1703_074c8155.jpg,TRUE,
201707050600_1703_104b39b9.jpg,TRUE,
201707050900_1703_a263be84.jpg,TRUE,
201707051200_1703_d4fcef71.jpg,TRUE,
201707051500_1703_177d0442.jpg,TRUE,
201707051800_1703_5afc97c7.jpg,TRUE,
201707052100_1703_161ff991.jpg,TRUE,
201707060000_1703_ad507114.jpg,TRUE,
201707060300_1703_bc9b66b8.jpg,TRUE,
201707060600_1703_fc98e7fb.jpg,TRUE,
201707060900_1703_dde341c5.jpg,TRUE,
201707061200_1703_b3c9aa52.jpg,TRUE,
201707061500_1703_67c1c164.jpg,TRUE,
201707061800_1703_b9686c53.jpg,TRUE,
201707062100_1703_ab4ef763.jpg,TRUE,
201707070000_1703_b6cda431.jpg,TRUE,
201707070300_1703_e0edebbc.jpg,TRUE,
201707070600_1703_aafed703.jpg,TRUE,
201707070900_1703_183e00d6.jpg,TRUE,
201707071200_1703_eda9bab4.jpg,TRUE,
201707071500_1703_f830e2a7.jpg,TRUE,
201707071800_1703_62440d99.jpg,TRUE,
201707072100_1703_77204798.jpg,TRUE,
201707080000_1703_fdbadd89.jpg,TRUE,
201707080300_1703_bf7f4ddd.jpg,TRUE,
201707080600_1703_ce27e59d.jpg,TRUE,
201707080900_1703_f556aa86.jpg,TRUE,
201707081200_1703_8177d073.jpg,TRUE,
201707140000_1704_39ef146e.jpg,FALSE,1
201707140300_1704_4cbc01da.jpg,FALSE,1
201707140600_1704_cea06eb8.jpg,FALSE,1
201707140900_1704_f056b7a5.jpg,FALSE,1
201707141200_1704_9ee7dd16.jpg,FALSE,1
201707141500_1704_4aac9d74.jpg,FALSE,1
201707141800_1704_25629983.jpg,FALSE,1
201707142100_1704_71af1799.jpg,FALSE,1
201707150000_1704_228e7d26.jpg,FALSE,1
201707150300_1704_5b217af7.jpg,FALSE,1
201707150600_1704_774d6127.jpg,FALSE,2
201707150900_1704_35123d28.jpg,FALSE,2
201707151200_1704_de9219d1.jpg,FALSE,2
201707151500_1704_0a8b91ce.jpg,FALSE,2
201707151800_1704_f2b28e94.jpg,FALSE,2
201707152100_1704_e2f8f130.jpg,FALSE,2
201707160000_1704_667ba1eb.jpg,FALSE,2
201707160300_1704_3a8236ae.jpg,FALSE,2
201707160600_1704_77acc85f.jpg,FALSE,3
201707160900_1704_3f05f8ea.jpg,FALSE,3
201707161200_1704_2577dd3a.jpg,FALSE,3
201707161500_1704_952c5365.jpg,FALSE,3
201707161800_1704_316fc671.jpg,FALSE,3
201707162100_1704_490406d5.jpg,FALSE,3
201707170000_1704_e7911846.jpg,FALSE,2
201707170300_1704_1df9ff4d.jpg,FALSE,2
201707170600_1704_0181dc10.jpg,FALSE,2
201707170900_1704_bcaffb3d.jpg,FALSE,2
201707171200_1704_0dcebb95.jpg,FALSE,1
201707171500_1704_205e8944.jpg,FALSE,1
201707171800_1704_8dfaed03.jpg,FALSE,1
201707190600_1705_c73794aa.jpg,FALSE,1
201707190600_1705_151e1141.jpg,TRUE,
201707190900_1705_5d01fafe.jpg,FALSE,1
201707190900_1705_95cf8a4d.jpg,TRUE,
201707191200_1705_42f3edf7.jpg,FALSE,1
201707191200_1705_8e3edcae.jpg,TRUE,
201707191500_1705_a44da92d.jpg,FALSE,1
201707191500_1705_fd220164.jpg,TRUE,
201707191800_1705_3ba0a8fe.jpg,FALSE,1
201707191800_1705_b13019d5.jpg,TRUE,
201707192100_1705_465c243b.jpg,FALSE,1
201707192100_1705_b69a220a.jpg,TRUE,
201707200000_1705_12ead75a.jpg,FALSE,1
201707200000_1705_1a35a24d.jpg,TRUE,
201707200300_1705_2c66ac4f.jpg,FALSE,1
201707200300_1705_e4a18cbd.jpg,TRUE,
201707200600_1705_da359078.jpg,FALSE,1
201707200600_1705_ecfd6f4e.jpg,TRUE,
201707200900_1705_45fd5a1a.jpg,FALSE,1
201707200900_1705_f8648933.jpg,TRUE,
201707201200_1705_31a75140.jpg,FALSE,2
201707201200_1705_42237541.jpg,TRUE,
201707201500_1705_e44c3d0c.jpg,FALSE,2
201707201500_1705_a089f1dc.jpg,TRUE,
201707201800_1705_84d288ad.jpg,FALSE,2
201707201800_1705_3034d329.jpg,TRUE,
201707202100_1705_27ac4156.jpg,FALSE,2
201707202100_1705_f3ec3656.jpg,TRUE,
201707210000_1705_e10278da.jpg,FALSE,2
201707210300_1705_a8c2408f.jpg,FALSE,2
201707210600_1705_bb61f60e.jpg,FALSE,2
201707210900_1705_69583a3b.jpg,FALSE,2
201707211200_1705_a794e5d6.jpg,FALSE,2
201707211500_1705_eb5eef02.jpg,FALSE,2
201707211800_1705_ef92606c.jpg,FALSE,2
201707212100_1705_5e45c41a.jpg,FALSE,2
201707220000_1705_45fad8e1.jpg,FALSE,2
201707220300_1705_ae7bfb2f.jpg,FALSE,2
201707220600_1705_c65e06fc.jpg,FALSE,2
201707220900_1705_db272f41.jpg,FALSE,2
201707221200_1705_9fb52f99.jpg,FALSE,2
201707221500_1705_26818cf1.jpg,FALSE,2
201707221800_1705_b2a3705b.jpg,FALSE,3
201707222100_1705_64e50b81.jpg,FALSE,3
201707230000_1705_689f0f63.jpg,FALSE,3
201707230300_1705_ecf96914.jpg,FALSE,3
201707230600_1705_e8495819.jpg,FALSE,3
201707230900_1705_61a957e9.jpg,FALSE,3
201707231200_1705_4ff3e33d.jpg,FALSE,4
201707231500_1705_ee0ed0d1.jpg,FALSE,4
201707231800_1705_6c66fc24.jpg,FALSE,4
201707232100_1705_16a186d7.jpg,FALSE,4
201707240000_1705_ecbefc58.jpg,FALSE,4
201707240300_1705_ab4199bb.jpg,FALSE,4
201707240600_1705_b6945659.jpg,FALSE,4
201707240900_1705_9f3f58ec.jpg,FALSE,4
201707241200_1705_78075aa3.jpg,FALSE,4
201707241500_1705_f1c30270.jpg,FALSE,4
201707241800_1705_6ebac889.jpg,FALSE,4
201707242100_1705_429042c6.jpg,FALSE,4
201707250000_1705_1c4ea350.jpg,FALSE,4
201707250300_1705_824fc2d5.jpg,FALSE,4
201707250600_1705_890f62b2.jpg,FALSE,4
201707250900_1705_685273d0.jpg,FALSE,4
201707251200_1705_0d25ba48.jpg,FALSE,4
201707251500_1705_b79539a8.jpg,FALSE,4
201707251800_1705_2efe65c4.jpg,FALSE,4
201707252100_1705_f8c40991.jpg,FALSE,4
201707260000_1705_0da60583.jpg,FALSE,4
201707260300_1705_3735e7fb.jpg,FALSE,4
201707260600_1705_9b4c9eab.jpg,FALSE,4
201707260900_1705_d71a5e5b.jpg,FALSE,4
201707261200_1705_68c31c08.jpg,FALSE,4
201707261500_1705_717b7b5b.jpg,FALSE,4
201707261800_1705_abe0a011.jpg,FALSE,4
201707262100_1705_4008a991.jpg,FALSE,4
201707270000_1705_fe35972b.jpg,FALSE,4
201707270300_1705_dff5ddce.jpg,FALSE,4
201707270600_1705_a3e4d87f.jpg,FALSE,4
201707270900_1705_693088e8.jpg,FALSE,4
201707271200_1705_647f9251.jpg,FALSE,4
201707271500_1705_57e38f85.jpg,FALSE,4
201707271800_1705_ff8e4cda.jpg,FALSE,4
201707272100_1705_ce6f586f.jpg,FALSE,4
201707280000_1705_9d90d27e.jpg,FALSE,3
201707280300_1705_04800e58.jpg,FALSE,3
201707280600_1705_b15b0e6e.jpg,FALSE,3
201707280900_1705_463a90ef.jpg,FALSE,3
201707281200_1705_109747a7.jpg,FALSE,3
201707281500_1705_8b03a8bc.jpg,FALSE,3
201707281800_1705_2d183b89.jpg,FALSE,3
201707282100_1705_d0f399cd.jpg,FALSE,3
201707290000_1705_f8e73549.jpg,FALSE,3
201707290300_1705_ef181557.jpg,FALSE,3
201707290600_1705_a3be240f.jpg,FALSE,3
201707290900_1705_eeeafae5.jpg,FALSE,3
201707291200_1705_751bfcca.jpg,FALSE,3
201707291500_1705_55487343.jpg,FALSE,3
201707291800_1705_d7dc7295.jpg,FALSE,3
201707292100_1705_c5e27a87.jpg,FALSE,3
201707300000_1705_2bfcef42.jpg,FALSE,4
201707300300_1705_e559e6df.jpg,FALSE,4
201707300600_1705_7d335441.jpg,FALSE,4
201707300900_1705_4cdbe412.jpg,FALSE,4
201707301200_1705_546567fc.jpg,FALSE,4
201707301500_1705_202666df.jpg,FALSE,4
201707301800_1705_1f64a208.jpg,FALSE,4
201707302100_1705_28c9f16c.jpg,FALSE,4
201707302100_1705_f847f480.jpg,TRUE,
201707310000_1705_af994390.jpg,FALSE,4
201707310000_1705_c2350d26.jpg,TRUE,
201707310300_1705_20fa6fde.jpg,FALSE,4
201707310300_1705_a17e93bf.jpg,TRUE,
201707310600_1705_3aafd677.jpg,FALSE,4
201707310600_1705_6f15b9f4.jpg,TRUE,
201707310900_1705_1bb92361.jpg,FALSE,4
201707310900_1705_91ed271e.jpg,TRUE,
201707311200_1705_d574fbed.jpg,FALSE,4
201707311200_1705_7d0bb29d.jpg,TRUE,
201707311500_1705_1d9bf809.jpg,FALSE,4
201707311500_1705_57da81ec.jpg,TRUE,
201707311800_1705_46b0a88d.jpg,FALSE,4
201707311800_1705_29673473.jpg,TRUE,
201707312100_1705_ac77dacb.jpg,FALSE,4
201707312100_1705_e8d638e0.jpg,TRUE,
201708010000_1705_a61f7a0a.jpg,FALSE,4
201708010000_1705_7aded8e9.jpg,TRUE,
201708010300_1705_d272bdff.jpg,FALSE,4
201708010600_1705_25abf083.jpg,FALSE,4
201708010900_1705_fc59389e.jpg,FALSE,4
201708011200_1705_5f911163.jpg,FALSE,4
201708011500_1705_05fbb3f2.jpg,FALSE,4
201708011800_1705_09410f66.jpg,FALSE,4
201708012100_1705_853a56a1.jpg,FALSE,4
201708012100_1705_84ed07d2.jpg,TRUE,
201708020000_1705_83ee6da2.jpg,FALSE,4
201708020000_1705_4004bcd1.jpg,TRUE,
201708020300_1705_92f1125f.jpg,FALSE,4
201708020300_1705_aee917c5.jpg,TRUE,
201708020600_1705_e43a76c2.jpg,FALSE,4
201708020600_1705_bb3bee6a.jpg,TRUE,
201708020900_1705_11216510.jpg,FALSE,4
201708020900_1705_c1adf94c.jpg,TRUE,
201708021200_1705_6a31fb68.jpg,FALSE,4
201708021200_1705_d9e58257.jpg,TRUE,
201708021500_1705_f0ebfb7a.jpg,FALSE,4
201708021500_1705_ea8c39d4.jpg,TRUE,
201708021800_1705_f482ce12.jpg,FALSE,4
201708021800_1705_112b5ef5.jpg,TRUE,
201708022100_1705_bbc53a1b.jpg,FALSE,4
201708022100_1705_256892d5.jpg,TRUE,
201708030000_1705_06b60135.jpg,FALSE,4
201708030000_1705_1e0c15f6.jpg,TRUE,
201708030300_1705_6cf73961.jpg,FALSE,4
201708030300_1705_ac1a2282.jpg,TRUE,
201708030600_1705_d812a034.jpg,FALSE,4
201708030600_1705_16797a12.jpg,TRUE,
201708030900_1705_464702a0.jpg,FALSE,4
201708030900_1705_832be717.jpg,TRUE,
201708031200_1705_6b81c2c7.jpg,FALSE,4
201708031200_1705_c2d70b6b.jpg,TRUE,
201708031500_1705_7c538858.jpg,FALSE,4
201708031500_1705_10bde70c.jpg,TRUE,
201708031800_1705_2d8e671d.jpg,FALSE,4
201708031800_1705_22a34222.jpg,TRUE,
201708032100_1705_0904738d.jpg,FALSE,4
201708032100_1705_515fac51.jpg,TRUE,
201708040000_1705_c43e0bb1.jpg,FALSE,4
201708040000_1705_55c44371.jpg,TRUE,
201708040300_1705_d4dfc902.jpg,FALSE,4
201708040300_1705_48415234.jpg,TRUE,
201708040600_1705_b5519544.jpg,FALSE,4
201708040600_1705_6cb836ad.jpg,TRUE,
201708040900_1705_1f5ce6d4.jpg,FALSE,4
201708040900_1705_184f8b9a.jpg,TRUE,
201708041200_1705_3216f26b.jpg,FALSE,4
201708041200_1705_aa71c2cf.jpg,TRUE,
201708041500_1705_028012f8.jpg,FALSE,4
201708041500_1705_bacd69b5.jpg,TRUE,
201708041800_1705_c662cbe1.jpg,FALSE,4
201708041800_1705_b76805e9.jpg,TRUE,
201708042100_1705_fd118aaa.jpg,FALSE,4
201708042100_1705_f8e13ca0.jpg,TRUE,
201708050000_1705_198dbc26.jpg,FALSE,4
201708050000_1705_3278db0a.jpg,TRUE,
201708050300_1705_cf234171.jpg,FALSE,4
201708050300_1705_e7ca40a3.jpg,TRUE,
201708050600_1705_2f2a44e8.jpg,FALSE,4
201708050600_1705_5a1f8906.jpg,TRUE,
201708050900_1705_c876a286.jpg,FALSE,4
201708050900_1705_02737952.jpg,TRUE,
201708051200_1705_64b67691.jpg,FALSE,3
201708051200_1705_b8473162.jpg,TRUE,
201708051500_1705_1feaaf5b.jpg,FALSE,3
201708051500_1705_98c86ad7.jpg,TRUE,
201708051800_1705_17526653.jpg,FALSE,3
201708051800_1705_92a79684.jpg,TRUE,
201708052100_1705_0c7f8a2e.jpg,FALSE,3
201708052100_1705_6cbe08c0.jpg,TRUE,
201708060000_1705_90d95d3a.jpg,FALSE,3
201708060000_1705_6c319788.jpg,TRUE,
201708060300_1705_9ebe96a3.jpg,FALSE,3
201708060300_1705_232b41f3.jpg,TRUE,
201708060600_1705_e65486fa.jpg,FALSE,3
201708060600_1705_8258c10a.jpg,TRUE,
201708060900_1705_820c8402.jpg,FALSE,3
201708060900_1705_c0b1c27c.jpg,TRUE,
201708061200_1705_b64a8f0f.jpg,FALSE,3
201708061200_1705_73c43d62.jpg,TRUE,
201708061500_1705_99782914.jpg,FALSE,3
201708061500_1705_aede8eb2.jpg,TRUE,
201708061800_1705_78fb669a.jpg,FALSE,3
201708061800_1705_cb2242c4.jpg,TRUE,
201708062100_1705_7183f63b.jpg,FALSE,3
201708062100_1705_e30318c8.jpg,TRUE,
201708070000_1705_f41639a4.jpg,FALSE,3
201708070000_1705_70468c43.jpg,TRUE,
201708070300_1705_2bda3ef2.jpg,FALSE,3
201708070300_1705_0472f351.jpg,TRUE,
201708070600_1705_1b1b93a6.jpg,FALSE,3
201708070600_1705_f89bb795.jpg,TRUE,
201708070900_1705_4433b9b9.jpg,FALSE,3
201708070900_1705_a746d576.jpg,TRUE,
201708071200_1705_53b7d8db.jpg,FALSE,3
201708071200_1705_e8a64ae1.jpg,TRUE,
201708071500_1705_2338a89d.jpg,FALSE,2
201708071500_1705_adfd7313.jpg,TRUE,
201708071800_1705_5bb88972.jpg,FALSE,2
201708071800_1705_1ca1d5be.jpg,TRUE,
201708072100_1705_07c1bebd.jpg,FALSE,2
201708072100_1705_e544df49.jpg,TRUE,
201708080000_1705_3f7db4be.jpg,FALSE,2
201708080000_1705_f42d19bb.jpg,TRUE,
201708080300_1705_29bf56c9.jpg,FALSE,2
201708080300_1705_4ddd4958.jpg,TRUE,
201708080600_1705_e051eb7e.jpg,FALSE,2
201708080600_1705_f0825a44.jpg,TRUE,
201708080900_1705_e15dfd56.jpg,FALSE,2
201708080900_1705_23517c74.jpg,TRUE,
201708081200_1705_0ed983fe.jpg,TRUE,
201708081500_1705_13b75e5e.jpg,TRUE,
201708081800_1705_c3dba98a.jpg,TRUE,
201708082100_1705_df5bd6a7.jpg,TRUE,
201708090000_1705_df9437cf.jpg,TRUE,
201708090300_1705_58772fb0.jpg,TRUE,
201708090600_1705_30658dc9.jpg,TRUE,
201707200000_1706_984a868e.jpg,FALSE,1
201707200000_1706_24fe78c4.jpg,TRUE,
201707200300_1706_01b765d4.jpg,FALSE,1
201707200300_1706_12a264f3.jpg,TRUE,
201707200600_1706_018e63d4.jpg,FALSE,1
201707200600_1706_85a6850d.jpg,TRUE,
201707200900_1706_4baaa015.jpg,FALSE,1
201707200900_1706_7c8c7b49.jpg,TRUE,
201707201200_1706_cc739001.jpg,FALSE,1
201707201200_1706_245c9d21.jpg,TRUE,
201707201500_1706_c5b5529e.jpg,FALSE,1
201707201500_1706_a8aa31d8.jpg,TRUE,
201707201800_1706_030aaf12.jpg,FALSE,1
201707201800_1706_1c65bbf0.jpg,TRUE,
201707202100_1706_e6e2be03.jpg,FALSE,1
201707202100_1706_d843ebdb.jpg,TRUE,
201707210000_1706_1e3bc76b.jpg,FALSE,1
201707210300_1706_3293c652.jpg,FALSE,1
201707210600_1706_c7e5bcc4.jpg,FALSE,2
201707210900_1706_eade7648.jpg,FALSE,2
201707211200_1706_cff25fc8.jpg,FALSE,2
201707211500_1706_d13c7266.jpg,FALSE,2
201707211800_1706_6a5f4d87.jpg,FALSE,2
201707212100_1706_70bc0faa.jpg,FALSE,2
201707220000_1706_3bdcb0ff.jpg,FALSE,2
201707220300_1706_891a6f79.jpg,FALSE,2
201707220600_1706_80c0e93b.jpg,FALSE,2
201707220900_1706_9a16e050.jpg,FALSE,2
201707221200_1706_de30205e.jpg,FALSE,2
201707221500_1706_820de2e2.jpg,FALSE,2
201707221800_1706_c9ba7c2a.jpg,FALSE,2
201707222100_1706_8be3088d.jpg,FALSE,2
201707230000_1706_addef134.jpg,FALSE,2
201707230300_1706_f7b97cd4.jpg,FALSE,2
201707230600_1706_bebac276.jpg,FALSE,2
201707230900_1706_99e4b15c.jpg,FALSE,2
201707231200_1706_73665a1f.jpg,FALSE,2
201707231500_1706_81cc76fe.jpg,FALSE,2
201707231800_1706_47aead6e.jpg,FALSE,2
201707232100_1706_872324d0.jpg,FALSE,2
201707240000_1706_4c07bec9.jpg,FALSE,2
201707240300_1706_99d74f71.jpg,FALSE,2
201707240600_1706_f75f5ed4.jpg,FALSE,2
201707240900_1706_02f8527a.jpg,FALSE,2
201707241200_1706_534d6240.jpg,FALSE,2
201707241500_1706_de2b5f31.jpg,FALSE,2
201707241800_1706_79dae989.jpg,FALSE,2
201707242100_1706_eeac67c6.jpg,FALSE,2
201707250000_1706_99b0fcab.jpg,FALSE,2
201707250300_1706_837f70fb.jpg,FALSE,2
201707250600_1706_f78f6186.jpg,FALSE,2
201707250900_1706_4883b5fd.jpg,FALSE,2
201707251200_1706_e1df7321.jpg,FALSE,2
201707251500_1706_6f8f6683.jpg,FALSE,2
201707251800_1706_b40ff112.jpg,FALSE,1
201707252100_1706_272bbcd2.jpg,FALSE,1
201707260000_1706_329169f4.jpg,FALSE,1
201707260300_1706_b743bfea.jpg,FALSE,1
201707260600_1706_08467c90.jpg,FALSE,1
201707260900_1706_15aeaba7.jpg,FALSE,1
201707261200_1706_eda70218.jpg,FALSE,1
201707261500_1706_42558521.jpg,FALSE,1
201707261800_1706_8cd6c8c3.jpg,FALSE,1
201707262100_1706_bf119168.jpg,FALSE,1
201707270000_1706_bba9cf44.jpg,FALSE,1
201707270300_1706_02b392c5.jpg,FALSE,1
201707270600_1706_09c4aad7.jpg,FALSE,1
201707270900_1706_22332645.jpg,FALSE,1
201707271200_1706_71bc5b49.jpg,FALSE,1
201707271500_1706_e08d064c.jpg,FALSE,1
201707271800_1706_0b930af7.jpg,FALSE,1
201707272100_1706_8da85798.jpg,FALSE,1
201707280000_1706_fd00ab7f.jpg,FALSE,1
201707210600_1707_4c0aa2de.jpg,FALSE,1
201707210900_1707_b81ef9c1.jpg,FALSE,1
201707211200_1707_5529cff8.jpg,FALSE,1
201707211500_1707_dc024c2a.jpg,FALSE,1
201707211800_1707_78e78508.jpg,FALSE,1
201707212100_1707_b21601b2.jpg,FALSE,1
201707220000_1707_974d675e.jpg,FALSE,1
201707220300_1707_3018eb15.jpg,FALSE,1
201707220600_1707_2da668ed.jpg,FALSE,2
201707220900_1707_2fe99c65.jpg,FALSE,2
201707221200_1707_220c4b48.jpg,FALSE,2
201707221500_1707_481cbf89.jpg,FALSE,2
201707221800_1707_78f4b8dd.jpg,FALSE,2
201707222100_1707_929c7595.jpg,FALSE,2
201707230000_1707_698501d6.jpg,FALSE,2
201707230300_1707_62826398.jpg,FALSE,2
201707230600_1707_fa4f821e.jpg,FALSE,1
201707230900_1707_88fd18be.jpg,FALSE,1
201707231200_1707_446a5d00.jpg,FALSE,1
201707210000_1708_4d4eba36.jpg,FALSE,1
201707210300_1708_9252fd1e.jpg,FALSE,1
201707210600_1708_d8723eb7.jpg,FALSE,1
201707210900_1708_e02970bf.jpg,FALSE,1
201707211200_1708_706b8381.jpg,FALSE,1
201707211500_1708_f56d91ad.jpg,FALSE,1
201707211800_1708_67a31e01.jpg,FALSE,1
201707212100_1708_9286a1d6.jpg,FALSE,1
201707220000_1708_4dd45372.jpg,FALSE,1
201707220300_1708_0c43381c.jpg,FALSE,1
201707220600_1708_8990aedf.jpg,FALSE,1
201707220900_1708_445edd34.jpg,FALSE,1
201707221200_1708_daf85274.jpg,FALSE,1
201707221500_1708_3801ac5d.jpg,FALSE,1
201707221800_1708_30b85375.jpg,FALSE,1
201707222100_1708_45180603.jpg,FALSE,1
201707230000_1708_69bd4ad3.jpg,FALSE,2
201707230300_1708_954c53e0.jpg,FALSE,2
201707230600_1708_83346bf0.jpg,FALSE,2
201707230900_1708_6a2ff721.jpg,FALSE,2
201707231200_1708_a5c2de9a.jpg,FALSE,2
201707231500_1708_60bb4fbf.jpg,FALSE,2
201707231800_1708_ec44561d.jpg,FALSE,2
201707232100_1708_909b6406.jpg,FALSE,2
201707240000_1708_70ffdb33.jpg,FALSE,2
201707240300_1708_3f852e8e.jpg,FALSE,2
201707240600_1708_a9a58d45.jpg,FALSE,2
201707240900_1708_bd94358b.jpg,FALSE,2
201707241200_1708_cc8d0dcf.jpg,FALSE,2
201707241500_1708_7cc98665.jpg,FALSE,2
201707241800_1708_2b3a676a.jpg,FALSE,2
201707242100_1708_d79ea172.jpg,FALSE,2
201707250000_1708_8f4f79a0.jpg,FALSE,2
201707250300_1708_fe39f740.jpg,FALSE,2
201707250600_1708_1eb19d99.jpg,FALSE,2
201707250900_1708_0c4a9681.jpg,FALSE,2
201707251200_1708_6bdf945a.jpg,FALSE,1
201707251500_1708_6d836bc6.jpg,FALSE,1
201707251800_1708_bb32b715.jpg,FALSE,1
201707252100_1708_19f08030.jpg,FALSE,1
201707260000_1708_2f15be2e.jpg,FALSE,1
201707260300_1708_a2969e39.jpg,FALSE,1
201707260600_1708_4e344e00.jpg,FALSE,1
201707260900_1708_d0bab7bf.jpg,FALSE,1
201707261200_1708_90a1a955.jpg,FALSE,1
201707261500_1708_7d027075.jpg,FALSE,1
201707261800_1708_d24ba832.jpg,FALSE,1
201707262100_1708_ff4461c9.jpg,FALSE,1
201707270000_1708_ddd6aaf8.jpg,FALSE,1
201707270300_1708_e8095da0.jpg,FALSE,1
201707270600_1708_93d3ecc7.jpg,FALSE,1
201707270900_1708_d40802d9.jpg,FALSE,1
201707271200_1708_e1237750.jpg,FALSE,1
201707271500_1708_3974a955.jpg,FALSE,1
201707271800_1708_6baf1ca3.jpg,FALSE,1
201707272100_1708_142116fc.jpg,FALSE,1
201707280000_1708_2b520c3f.jpg,FALSE,1
201707280300_1708_80a97bc8.jpg,FALSE,1
201707280600_1708_14df9b53.jpg,FALSE,1
201707280900_1708_bc655754.jpg,FALSE,1
201707281200_1708_131e372d.jpg,FALSE,1
201707281500_1708_29957220.jpg,FALSE,1
201707281800_1708_ad29604b.jpg,FALSE,1
201707282100_1708_92dc5172.jpg,FALSE,1
201707290000_1708_e3153f5f.jpg,FALSE,1
201707290300_1708_9821d608.jpg,FALSE,1
201707290600_1708_777917f0.jpg,FALSE,1
201707290900_1708_ada67161.jpg,FALSE,1
201707291200_1708_d0c5c956.jpg,FALSE,1
201707250600_1709_66d135c1.jpg,FALSE,1
201707250900_1709_be3b2079.jpg,FALSE,1
201707251200_1709_cbd0d39b.jpg,FALSE,1
201707251500_1709_2e2b3012.jpg,FALSE,1
201707251800_1709_d8aeb621.jpg,FALSE,2
201707252100_1709_85221b01.jpg,FALSE,2
201707260000_1709_f9ef944a.jpg,FALSE,2
201707260300_1709_c4f2a029.jpg,FALSE,2
201707260600_1709_ad94b895.jpg,FALSE,2
201707260900_1709_0dd85e28.jpg,FALSE,2
201707261200_1709_0cda46ca.jpg,FALSE,2
201707261500_1709_a5463942.jpg,FALSE,2
201707261800_1709_1f8203ff.jpg,FALSE,2
201707262100_1709_2cc9e929.jpg,FALSE,2
201707270000_1709_2b7af212.jpg,FALSE,3
201707270300_1709_3e49f2a8.jpg,FALSE,3
201707270600_1709_b2f8b71d.jpg,FALSE,3
201707270900_1709_2cf0a752.jpg,FALSE,3
201707271200_1709_850383b9.jpg,FALSE,3
201707271500_1709_478611d9.jpg,FALSE,3
201707271800_1709_ce36d767.jpg,FALSE,3
201707272100_1709_0b2e9a97.jpg,FALSE,3
201707280000_1709_cb4da9a2.jpg,FALSE,3
201707280300_1709_aa512b60.jpg,FALSE,3
201707280600_1709_a509d81b.jpg,FALSE,4
201707280900_1709_a500347c.jpg,FALSE,4
201707281200_1709_ffec5f37.jpg,FALSE,4
201707281500_1709_63006a7b.jpg,FALSE,4
201707281800_1709_5da73ffb.jpg,FALSE,4
201707282100_1709_61ff658c.jpg,FALSE,4
201707290000_1709_e33e5203.jpg,FALSE,4
201707290300_1709_2f63f5bf.jpg,FALSE,4
201707290600_1709_2b4c4760.jpg,FALSE,4
201707290900_1709_ed117984.jpg,FALSE,4
201707291200_1709_0b6430b5.jpg,FALSE,4
201707291500_1709_0b4c9216.jpg,FALSE,4
201707291800_1709_ba86a2e3.jpg,FALSE,4
201707292100_1709_b9c6250e.jpg,FALSE,4
201707300000_1709_c6a8e863.jpg,FALSE,3
201707300300_1709_fb003b6c.jpg,FALSE,3
201707300600_1709_1ded257b.jpg,FALSE,2
201707300900_1709_1d37bb01.jpg,FALSE,2
201707301200_1709_8f39a188.jpg,FALSE,1
201707301500_1709_7db07b05.jpg,FALSE,1
201707301800_1709_c0a3deb2.jpg,FALSE,1
201707271200_1710_1181e39f.jpg,FALSE,1
201707271500_1710_60ff99f4.jpg,FALSE,1
201707271800_1710_a6b5bdc6.jpg,FALSE,1
201707272100_1710_af8611a2.jpg,FALSE,1
201707280000_1710_530d703a.jpg,FALSE,1
201707280300_1710_f0c04ed8.jpg,FALSE,1
201707280600_1710_97c88270.jpg,FALSE,1
201707280900_1710_664a5e65.jpg,FALSE,1
201707281200_1710_940ea8d8.jpg,FALSE,1
201707281500_1710_2830b74f.jpg,FALSE,1
201707281800_1710_f2a45f17.jpg,FALSE,2
201707282100_1710_ef4d9c52.jpg,FALSE,2
201707290000_1710_2fccf3ee.jpg,FALSE,2
201707290300_1710_87bd8f92.jpg,FALSE,2
201707290600_1710_6b98ce4d.jpg,FALSE,2
201707290900_1710_8a8f8add.jpg,FALSE,2
201707291200_1710_b45c1c54.jpg,FALSE,2
201707291500_1710_1fab1cb8.jpg,FALSE,2
201707291800_1710_8efc04fa.jpg,FALSE,2
201707292100_1710_60aa0eed.jpg,FALSE,2
201707300000_1710_7dfdc77c.jpg,FALSE,2
201707300300_1710_51a221c9.jpg,FALSE,2
201707300600_1710_2c38f000.jpg,FALSE,2
201707300900_1710_b37f1c21.jpg,FALSE,2
201707301200_1710_8e3f127c.jpg,FALSE,2
201707301500_1710_41a293c5.jpg,FALSE,2
201707301800_1710_99162083.jpg,FALSE,2
201707302100_1710_568ce469.jpg,FALSE,2
201707302100_1710_11b95ae4.jpg,TRUE,
201707310000_1710_a0c8eb5b.jpg,FALSE,2
201707310000_1710_dc8ce20a.jpg,TRUE,
201707310300_1710_b51d26c1.jpg,FALSE,2
201707310300_1710_bed2de6f.jpg,TRUE,
201707310600_1710_b030f2c9.jpg,FALSE,1
201707310600_1710_9f8999c5.jpg,TRUE,
201707310900_1710_9c691946.jpg,FALSE,1
201707310900_1710_0672d946.jpg,TRUE,
201707311200_1710_4a62e89d.jpg,FALSE,1
201707311200_1710_425500c5.jpg,TRUE,
201707311500_1710_c03705ab.jpg,FALSE,1
201707311500_1710_26a6d833.jpg,TRUE,
201707311800_1710_4a6000c7.jpg,FALSE,1
201707311800_1710_ea31b650.jpg,TRUE,
201707312100_1710_52caf4c6.jpg,FALSE,1
201707312100_1710_01c18ef9.jpg,TRUE,
201708010000_1710_28a9d654.jpg,FALSE,1
201708010000_1710_ecc3e9eb.jpg,TRUE,
201708012100_1710_f37711aa.jpg,TRUE,
201708020000_1710_12f96e24.jpg,TRUE,
201708020300_1710_9ec26975.jpg,TRUE,
201708020600_1710_db91e557.jpg,TRUE,
201708020900_1710_f4977be0.jpg,TRUE,
201708021200_1710_cdfaf1d7.jpg,TRUE,
201708021500_1710_8859af14.jpg,TRUE,
201708021800_1710_f3e47912.jpg,TRUE,
201707310600_1711_9a5e8d18.jpg,FALSE,1
201707310600_1711_04dbe469.jpg,TRUE,
201707310900_1711_fdbb89b4.jpg,FALSE,1
201707310900_1711_284fd2ad.jpg,TRUE,
201707311200_1711_d64d45f6.jpg,FALSE,1
201707311200_1711_4ed814db.jpg,TRUE,
201707311500_1711_ba225c2b.jpg,FALSE,1
201707311500_1711_8a462d27.jpg,TRUE,
201707311800_1711_37f87ca7.jpg,FALSE,1
201707311800_1711_4c1be290.jpg,TRUE,
201707312100_1711_8563f374.jpg,FALSE,1
201707312100_1711_f85bd2ef.jpg,TRUE,
201708010000_1711_1e0f07dd.jpg,FALSE,1
201708010000_1711_6f18499b.jpg,TRUE,
201708010300_1711_caf8c687.jpg,FALSE,1
201708010600_1711_73f5e638.jpg,FALSE,1
201708010900_1711_e4533aff.jpg,FALSE,1
201708011200_1711_317b7edb.jpg,FALSE,1
201708011500_1711_63934793.jpg,FALSE,1
201708011800_1711_8719e28a.jpg,FALSE,1
201708012100_1711_80957860.jpg,FALSE,1
201708012100_1711_b1c2b0d2.jpg,TRUE,
201708020000_1711_36784d9c.jpg,FALSE,2
201708020000_1711_1160ec79.jpg,TRUE,
201708020300_1711_89685840.jpg,FALSE,2
201708020300_1711_1576cb00.jpg,TRUE,
201708020600_1711_f5897c44.jpg,FALSE,2
201708020600_1711_ff8875a2.jpg,TRUE,
201708020900_1711_6f293595.jpg,FALSE,2
201708020900_1711_2d54cb92.jpg,TRUE,
201708021200_1711_cc7f329e.jpg,FALSE,2
201708021200_1711_c9d20663.jpg,TRUE,
201708021500_1711_c3d9659e.jpg,FALSE,2
201708021500_1711_d3f2b18e.jpg,TRUE,
201708021800_1711_6ac5afb4.jpg,FALSE,2
201708021800_1711_192137aa.jpg,TRUE,
201708022100_1711_ee873174.jpg,FALSE,2
201708022100_1711_0095766c.jpg,TRUE,
201708030000_1711_7d92bc02.jpg,FALSE,2
201708030000_1711_722ebaee.jpg,TRUE,
201708030300_1711_63b797cd.jpg,FALSE,2
201708030300_1711_6e63d71e.jpg,TRUE,
201708030600_1711_31e9e409.jpg,FALSE,2
201708030600_1711_4a04c33b.jpg,TRUE,
201708030900_1711_7b4ca843.jpg,FALSE,2
201708030900_1711_9950fc7a.jpg,TRUE,
201708031200_1711_82e0c1d7.jpg,FALSE,2
201708031200_1711_ec0f357d.jpg,TRUE,
201708031500_1711_fbdb5d1e.jpg,FALSE,2
201708031500_1711_13dab000.jpg,TRUE,
201708031800_1711_c43d7a43.jpg,FALSE,2
201708031800_1711_bb98f8fc.jpg,TRUE,
201708032100_1711_4a3fcc0b.jpg,FALSE,2
201708032100_1711_56fae6ed.jpg,TRUE,
201708040000_1711_83facb8c.jpg,FALSE,2
201708040000_1711_4ec658b6.jpg,TRUE,
201708040300_1711_89d83b09.jpg,FALSE,2
201708040300_1711_29be3b8d.jpg,TRUE,
201708040600_1711_f3fe427a.jpg,FALSE,2
201708040600_1711_509f8083.jpg,TRUE,
201708040900_1711_8c2903ba.jpg,FALSE,2
201708040900_1711_5d6aa8bb.jpg,TRUE,
201708041200_1711_b66a6f60.jpg,FALSE,2
201708041200_1711_f60f0473.jpg,TRUE,
201708041500_1711_85206458.jpg,FALSE,2
201708041500_1711_6511c616.jpg,TRUE,
201708041800_1711_99ed5186.jpg,FALSE,2
201708041800_1711_3ceb3b69.jpg,TRUE,
201708042100_1711_04207e1b.jpg,FALSE,2
201708042100_1711_050c0d0e.jpg,TRUE,
201708050000_1711_8fbe019b.jpg,FALSE,2
201708050000_1711_65183ae8.jpg,TRUE,
201708050300_1711_1a08f089.jpg,FALSE,2
201708050300_1711_24f99d83.jpg,TRUE,
201708050600_1711_3e783fd7.jpg,FALSE,2
201708050600_1711_32734a51.jpg,TRUE,
201708050900_1711_df63c99c.jpg,FALSE,2
201708050900_1711_f9010c2b.jpg,TRUE,
201708051200_1711_a4987720.jpg,FALSE,2
201708051200_1711_b72f3e17.jpg,TRUE,
201708051500_1711_5975e5a7.jpg,TRUE,
201708051800_1711_bf42e721.jpg,TRUE,
201708052100_1711_128051ee.jpg,TRUE,
201708060000_1711_8b45b7a2.jpg,TRUE,
201708060300_1711_ede3291b.jpg,TRUE,
201708060600_1711_3995bb64.jpg,TRUE,
201708060900_1711_4cae8e4a.jpg,TRUE,
201708061200_1711_a60fc20e.jpg,TRUE,
201708061500_1711_817f6acd.jpg,TRUE,
201708061800_1711_b4f74150.jpg,TRUE,
201708062100_1711_77da70ec.jpg,TRUE,
201708070000_1711_7cc0af24.jpg,TRUE,
201708070300_1711_e2bd473e.jpg,TRUE,
201708070600_1711_e1ddc32f.jpg,TRUE,
201708070900_1711_03baf1e3.jpg,TRUE,
201708071200_1711_6312c38e.jpg,TRUE,
201708071500_1711_bb3d14cc.jpg,TRUE,
201708071800_1711_67158867.jpg,TRUE,
201708072100_1711_a5133acb.jpg,TRUE,
201708080000_1711_97c52e3f.jpg,TRUE,
201708080300_1711_92707359.jpg,TRUE,
201708080600_1711_bcda368f.jpg,TRUE,
201708080900_1711_a457d9fe.jpg,TRUE,
201708081200_1711_fabe212a.jpg,TRUE,
201708081500_1711_9539ef2b.jpg,TRUE,
201708081800_1711_c458ff56.jpg,TRUE,
201708082100_1711_396f1ac1.jpg,TRUE,
201708090000_1711_2b653d9b.jpg,TRUE,
201708090300_1711_07044c0e.jpg,TRUE,
201708090600_1711_af589063.jpg,TRUE,
201708101800_1712_59e194e8.jpg,FALSE,1
201708101800_1712_6e689357.jpg,TRUE,
201708102100_1712_4bc4c73f.jpg,FALSE,1
201708102100_1712_39907876.jpg,TRUE,
201708110000_1712_5a163620.jpg,FALSE,1
201708110000_1712_06baf260.jpg,TRUE,
201708110300_1712_8bbc4592.jpg,FALSE,1
201708110300_1712_63b20644.jpg,TRUE,
201708110600_1712_4659132a.jpg,FALSE,1
201708110600_1712_0c479fad.jpg,TRUE,
201708110900_1712_e204fbd9.jpg,FALSE,1
201708110900_1712_7108f171.jpg,TRUE,
201708111200_1712_6612d87d.jpg,FALSE,2
201708111200_1712_5d2da353.jpg,TRUE,
201708111500_1712_51ac1336.jpg,FALSE,2
201708111500_1712_9879f341.jpg,TRUE,
201708111800_1712_aee3462f.jpg,FALSE,2
201708111800_1712_78e52d9a.jpg,TRUE,
201708112100_1712_ceac1ede.jpg,FALSE,2
201708112100_1712_b4c0d13b.jpg,TRUE,
201708120000_1712_b0b967bc.jpg,FALSE,3
201708120000_1712_6f98fc92.jpg,TRUE,
201708120300_1712_6ee84cb6.jpg,FALSE,3
201708120300_1712_71558b8a.jpg,TRUE,
201708120600_1712_5e7b5301.jpg,FALSE,3
201708120600_1712_d41ed85b.jpg,TRUE,
201708120900_1712_66aa94ea.jpg,FALSE,3
201708120900_1712_65236f00.jpg,TRUE,
201708121200_1712_6780c030.jpg,FALSE,4
201708121200_1712_f0682c9a.jpg,TRUE,
201708121500_1712_26f98cc2.jpg,FALSE,4
201708121500_1712_41380fc8.jpg,TRUE,
201708121800_1712_7614027d.jpg,FALSE,4
201708121800_1712_9eec2026.jpg,TRUE,
201708122100_1712_aa68431b.jpg,FALSE,4
201708122100_1712_429fe1a0.jpg,TRUE,
201708130000_1712_45e5d5ae.jpg,FALSE,4
201708130000_1712_2740d673.jpg,TRUE,
201708130300_1712_a0f8bfd4.jpg,FALSE,4
201708130300_1712_3292879a.jpg,TRUE,
201708130600_1712_3a10d617.jpg,FALSE,4
201708130600_1712_eca6fff0.jpg,TRUE,
201708130900_1712_a97c743c.jpg,FALSE,4
201708130900_1712_0806729e.jpg,TRUE,
201708131200_1712_fff81964.jpg,FALSE,4
201708131200_1712_d1f5d062.jpg,TRUE,
201708131500_1712_bfaaf4be.jpg,FALSE,4
201708131500_1712_1c3663bb.jpg,TRUE,
201708131800_1712_0715566a.jpg,FALSE,4
201708131800_1712_b95f1cb8.jpg,TRUE,
201708132100_1712_00a8a7b7.jpg,FALSE,4
201708132100_1712_5912c571.jpg,TRUE,
201708140000_1712_ed9b5af5.jpg,FALSE,4
201708140000_1712_b1cfb716.jpg,TRUE,
201708140300_1712_7d2f94a1.jpg,FALSE,4
201708140300_1712_c605c4b6.jpg,TRUE,
201708140600_1712_94a8c0d2.jpg,FALSE,4
201708140600_1712_335796b6.jpg,TRUE,
201708140900_1712_c3df74ba.jpg,FALSE,4
201708140900_1712_3d21aa2e.jpg,TRUE,
201708141200_1712_b83c5761.jpg,FALSE,4
201708141200_1712_c8c85eb3.jpg,TRUE,
201708141500_1712_23640e43.jpg,FALSE,4
201708141500_1712_65c0488a.jpg,TRUE,
201708141800_1712_5fba101f.jpg,FALSE,4
201708141800_1712_53fce375.jpg,TRUE,
201708142100_1712_85c43572.jpg,FALSE,4
201708142100_1712_9b19c702.jpg,TRUE,
201708150000_1712_26931d8d.jpg,FALSE,4
201708150000_1712_a128deae.jpg,TRUE,
201708150300_1712_d53a2821.jpg,FALSE,4
201708150300_1712_354f755b.jpg,TRUE,
201708150600_1712_8655dc3d.jpg,FALSE,4
201708150600_1712_227a2871.jpg,TRUE,
201708150900_1712_e9f3e499.jpg,FALSE,4
201708150900_1712_12fd97ea.jpg,TRUE,
201708151200_1712_5a0a278f.jpg,FALSE,3
201708151200_1712_40197096.jpg,TRUE,
201708151500_1712_52e7190d.jpg,FALSE,3
201708151500_1712_6c40dc29.jpg,TRUE,
201708151800_1712_5037cd32.jpg,FALSE,3
201708151800_1712_3620b268.jpg,TRUE,
201708152100_1712_635f2835.jpg,FALSE,3
201708152100_1712_8a396ba9.jpg,TRUE,
201708160000_1712_fc215941.jpg,FALSE,3
201708160000_1712_7ae14d5a.jpg,TRUE,
201708160300_1712_4d188a99.jpg,FALSE,3
201708160300_1712_1603de49.jpg,TRUE,
201708160600_1712_59989c8d.jpg,FALSE,3
201708160600_1712_ce7f5252.jpg,TRUE,
201708160900_1712_ed562602.jpg,FALSE,3
201708160900_1712_dcd68c41.jpg,TRUE,
201708161200_1712_fd492cdb.jpg,FALSE,3
201708161200_1712_d88875bb.jpg,TRUE,
201708161500_1712_fb342b84.jpg,FALSE,3
201708161500_1712_58f94bbc.jpg,TRUE,
201708161800_1712_d10ec5cf.jpg,FALSE,3
201708161800_1712_3665bc7f.jpg,TRUE,
201708162100_1712_4f6ed4f5.jpg,FALSE,3
201708162100_1712_9fe48f61.jpg,TRUE,
201708170000_1712_c22e8898.jpg,FALSE,2
201708170000_1712_226c9168.jpg,TRUE,
201708170300_1712_bed52951.jpg,TRUE,
201708170600_1712_1b7c61e2.jpg,TRUE,
201708170900_1712_f1de141f.jpg,TRUE,
201708171200_1712_3794497d.jpg,TRUE,
201708171500_1712_f65d1279.jpg,TRUE,
201708171800_1712_72f3be01.jpg,TRUE,
201708172100_1712_f65439bc.jpg,TRUE,
201708180000_1712_e569b8e5.jpg,TRUE,
201708191200_1713_30cf2c2a.jpg,FALSE,1
201708191500_1713_70ead0e1.jpg,FALSE,1
201708191800_1713_26d457ac.jpg,FALSE,1
201708192100_1713_2a4291ef.jpg,FALSE,1
201708200000_1713_257e2b28.jpg,FALSE,1
201708200300_1713_6c9443d5.jpg,FALSE,1
201708200600_1713_b7d07c05.jpg,FALSE,1
201708200900_1713_0b2ff817.jpg,FALSE,1
201708201200_1713_0b67421d.jpg,FALSE,2
201708201500_1713_15c73877.jpg,FALSE,2
201708201800_1713_6abefe74.jpg,FALSE,2
201708202100_1713_5c1b889e.jpg,FALSE,2
201708210000_1713_2093f2fe.jpg,FALSE,2
201708210300_1713_44188efa.jpg,FALSE,2
201708210600_1713_d7c053c1.jpg,FALSE,2
201708210900_1713_e43180b4.jpg,FALSE,2
201708211200_1713_5ffe50e2.jpg,FALSE,2
201708211500_1713_7cc08b0f.jpg,FALSE,2
201708211800_1713_bf5e33e0.jpg,FALSE,2
201708212100_1713_9763abf5.jpg,FALSE,2
201708220000_1713_93fd1e52.jpg,FALSE,2
201708220300_1713_7317b6b1.jpg,FALSE,2
201708220600_1713_5aee85d7.jpg,FALSE,3
201708220900_1713_6d65fab6.jpg,FALSE,3
201708221200_1713_05ae3ce1.jpg,FALSE,3
201708221500_1713_937dbe6d.jpg,FALSE,3
201708221800_1713_c11f09b6.jpg,FALSE,4
201708222100_1713_868e21f4.jpg,FALSE,4
201708230000_1713_8ebf5b19.jpg,FALSE,4
201708230300_1713_79b71104.jpg,FALSE,4
201708230600_1713_e469df8c.jpg,FALSE,4
201708230900_1713_2e2ef361.jpg,FALSE,4
201708231200_1713_018deac2.jpg,FALSE,3
201708231500_1713_e24adc6a.jpg,FALSE,3
201708231800_1713_6d2be3aa.jpg,FALSE,2
201708232100_1713_5941629d.jpg,FALSE,2
201708240000_1713_d5b39982.jpg,FALSE,2
201708240300_1713_586d91b2.jpg,FALSE,2
201708240600_1713_f159feff.jpg,FALSE,2
201708240900_1713_79663f4c.jpg,FALSE,2
201708241200_1713_7663147c.jpg,FALSE,1
201708241500_1713_002757bb.jpg,FALSE,1
201708241800_1713_975ac59f.jpg,FALSE,1
201708242100_1713_5b92304f.jpg,FALSE,1
201708250000_1713_6cdc3bac.jpg,FALSE,1
201708240000_1714_9390576c.jpg,FALSE,1
201708240300_1714_e52dcb78.jpg,FALSE,1
201708240600_1714_7d90d288.jpg,FALSE,1
201708240900_1714_bd98e833.jpg,FALSE,1
201708241200_1714_4bf86375.jpg,FALSE,1
201708241500_1714_ff459e36.jpg,FALSE,1
201708241800_1714_c9c9af54.jpg,FALSE,2
201708242100_1714_64b0ad18.jpg,FALSE,2
201708250000_1714_fc8f7783.jpg,FALSE,2
201708250300_1714_d8fb0c54.jpg,FALSE,2
201708250600_1714_788036db.jpg,FALSE,2
201708250900_1714_02fe62d7.jpg,FALSE,2
201708251200_1714_1d4c807e.jpg,FALSE,2
201708251500_1714_db25d9ab.jpg,FALSE,2
201708251800_1714_f6db2d11.jpg,FALSE,2
201708252100_1714_48ff27d5.jpg,FALSE,2
201708260000_1714_10303e10.jpg,FALSE,2
201708260300_1714_bb6dd860.jpg,FALSE,2
201708260600_1714_2e878959.jpg,FALSE,2
201708260900_1714_a9470e59.jpg,FALSE,2
201708261200_1714_f8693533.jpg,FALSE,2
201708261500_1714_a2ca4c5e.jpg,FALSE,2
201708261800_1714_e0e491bc.jpg,FALSE,3
201708262100_1714_ea29dd70.jpg,FALSE,3
201708270000_1714_4200e0dd.jpg,FALSE,3
201708270300_1714_eed59d5e.jpg,FALSE,3
201708270600_1714_71c7b006.jpg,FALSE,2
201708270900_1714_240d9232.jpg,FALSE,2
201708271200_1714_df141a97.jpg,FALSE,2
201708271500_1714_b3bbf846.jpg,FALSE,2
201708271800_1714_49fc3e7b.jpg,FALSE,1
201708272100_1714_2236a28d.jpg,FALSE,1
201708280000_1714_1913c0f8.jpg,FALSE,1
201708261800_1715_5a2f442f.jpg,FALSE,1
201708262100_1715_8462e232.jpg,FALSE,1
201708270000_1715_338d7294.jpg,FALSE,1
201708270300_1715_894b4210.jpg,FALSE,1
201708270600_1715_f32e1229.jpg,FALSE,1
201708270900_1715_296d5f03.jpg,FALSE,1
201708271200_1715_9254b8ca.jpg,FALSE,1
201708271500_1715_8d9bc3fb.jpg,FALSE,1
201708271800_1715_f9256352.jpg,FALSE,1
201708272100_1715_072ffff7.jpg,FALSE,1
201708280000_1715_7eac127b.jpg,FALSE,1
201708280300_1715_1f29b263.jpg,FALSE,1
201708280300_1715_9a21a01c.jpg,TRUE,
201708280600_1715_3ad000cc.jpg,FALSE,2
201708280600_1715_f831f46f.jpg,TRUE,
201708280900_1715_076c0257.jpg,FALSE,2
201708280900_1715_19bbc714.jpg,TRUE,
201708281200_1715_1e920dc2.jpg,FALSE,2
201708281200_1715_d246a6ee.jpg,TRUE,
201708281500_1715_6bef76b1.jpg,FALSE,2
201708281500_1715_7bb42d79.jpg,TRUE,
201708281800_1715_bca641f7.jpg,FALSE,2
201708281800_1715_52e6a80d.jpg,TRUE,
201708282100_1715_8a9b23cd.jpg,FALSE,2
201708282100_1715_cad66f2e.jpg,TRUE,
201708290000_1715_4e05fe44.jpg,FALSE,2
201708290000_1715_fddc0ce9.jpg,TRUE,
201708290300_1715_ea88edce.jpg,FALSE,2
201708290300_1715_60aede15.jpg,TRUE,
201708290600_1715_edf932ff.jpg,FALSE,2
201708290600_1715_0c70edec.jpg,TRUE,
201708290900_1715_81a26dd9.jpg,FALSE,2
201708290900_1715_f7c99c6a.jpg,TRUE,
201708291200_1715_2408ac84.jpg,FALSE,2
201708291200_1715_b7591a01.jpg,TRUE,
201708291500_1715_2197d999.jpg,FALSE,2
201708291500_1715_6f96d4db.jpg,TRUE,
201708291800_1715_650a4089.jpg,FALSE,2
201708291800_1715_45f32e5d.jpg,TRUE,
201708292100_1715_911befa9.jpg,FALSE,2
201708292100_1715_5549da06.jpg,TRUE,
201708300000_1715_4d5655d8.jpg,FALSE,3
201708300000_1715_59a45444.jpg,TRUE,
201708300300_1715_14b9fc9c.jpg,FALSE,3
201708300300_1715_0067faac.jpg,TRUE,
201708300600_1715_b2f94b24.jpg,FALSE,3
201708300900_1715_8b85e0ec.jpg,FALSE,3
201708301200_1715_2e150330.jpg,FALSE,3
201708301500_1715_3e888dd1.jpg,FALSE,3
201708301800_1715_616f4508.jpg,FALSE,3
201708302100_1715_e82061a5.jpg,FALSE,3
201708310000_1715_79977fe5.jpg,FALSE,3
201708310300_1715_783abfaa.jpg,FALSE,3
201708310600_1715_69ec7e82.jpg,FALSE,3
201708310900_1715_03df145f.jpg,FALSE,3
201708311200_1715_7bf85388.jpg,FALSE,4
201708311500_1715_c466f4a7.jpg,FALSE,4
201708311800_1715_c351071e.jpg,FALSE,4
201708312100_1715_59243afe.jpg,FALSE,4
201709010000_1715_482c25a8.jpg,FALSE,4
201709010300_1715_18a39965.jpg,FALSE,4
201709010600_1715_f36ca47d.jpg,FALSE,4
201709010900_1715_679772d3.jpg,FALSE,4
201709011200_1715_626ed167.jpg,FALSE,4
201709011500_1715_388bfb0c.jpg,FALSE,4
201709011800_1715_e887b55d.jpg,FALSE,4
201709012100_1715_f1bd29e0.jpg,FALSE,4
201709020000_1715_3a8a929a.jpg,FALSE,4
201709020300_1715_71e34419.jpg,FALSE,4
201709020600_1715_92ea8577.jpg,FALSE,4
201709020900_1715_a0344c6c.jpg,FALSE,4
201709021200_1715_7918377d.jpg,FALSE,4
201709021500_1715_05c7fcad.jpg,FALSE,4
201709021800_1715_6443bf23.jpg,FALSE,4
201709022100_1715_94608a9b.jpg,FALSE,4
201709030000_1715_fa3a03bb.jpg,FALSE,4
201709030300_1715_24c5f5d7.jpg,FALSE,4
201709030600_1715_fc198527.jpg,FALSE,4
201708300600_1716_61850883.jpg,FALSE,1
201708300900_1716_75767aa6.jpg,FALSE,1
201708301200_1716_26f45ba0.jpg,FALSE,1
201708301500_1716_83aab8b8.jpg,FALSE,1
201708301800_1716_620580f7.jpg,FALSE,1
201708302100_1716_d3bfa79d.jpg,FALSE,1
201708310000_1716_5ecdd918.jpg,FALSE,1
201708310300_1716_11e5d2a0.jpg,FALSE,1
201708310600_1716_d6560783.jpg,FALSE,1
201708310900_1716_0b61f9f9.jpg,FALSE,1
201708311200_1716_3e714dfb.jpg,FALSE,1
201708311500_1716_203a893b.jpg,FALSE,1
201708311800_1716_f350156f.jpg,FALSE,2
201708312100_1716_1d13e2e3.jpg,FALSE,2
201709010000_1716_68aea6f5.jpg,FALSE,2
201709010300_1716_cfcc3f6b.jpg,FALSE,2
201709010600_1716_da275f6d.jpg,FALSE,2
201709010900_1716_8f713c60.jpg,FALSE,2
201709011200_1716_4c408340.jpg,FALSE,2
201709011500_1716_6ae13dc2.jpg,FALSE,2
201709011800_1716_59019bea.jpg,FALSE,2
201709012100_1716_a7887a6d.jpg,FALSE,2
201709020000_1716_e2b5f816.jpg,FALSE,3
201709020300_1716_a3dd3c3e.jpg,FALSE,3
201709020600_1716_42ea242c.jpg,FALSE,3
201709020900_1716_75bc52b3.jpg,FALSE,3
201709021200_1716_cff31d53.jpg,FALSE,3
201709021500_1716_e8580963.jpg,FALSE,3
201709021800_1716_add8f684.jpg,FALSE,3
201709022100_1716_404df5cc.jpg,FALSE,3
201709030000_1716_b9047319.jpg,FALSE,3
201709030300_1716_a26d3e4d.jpg,FALSE,3
201709030600_1716_55c9ec29.jpg,FALSE,3
201709030900_1716_ef54d375.jpg,FALSE,3
201709031200_1716_5af67b2c.jpg,FALSE,2
201709031500_1716_9a7c8e76.jpg,FALSE,2
201709031800_1716_e4360878.jpg,FALSE,2
201709032100_1716_548fe8d7.jpg,FALSE,2
201709040000_1716_57ef6723.jpg,FALSE,1
201709040300_1716_8d7f4822.jpg,FALSE,1
201709040600_1716_cd2e673a.jpg,FALSE,1
201709031200_1717_a5adbb57.jpg,FALSE,1
201709031500_1717_bfcee144.jpg,FALSE,1
201709031800_1717_83756e5d.jpg,FALSE,1
201709032100_1717_29f24a84.jpg,FALSE,1
201709040000_1717_f8f24d12.jpg,FALSE,1
201709040300_1717_0768bf9d.jpg,FALSE,1
201709040600_1717_ae5a93aa.jpg,FALSE,1
201709040900_1717_5a2af01b.jpg,FALSE,1
201709041200_1717_d340eec4.jpg,FALSE,1
201709041500_1717_868724d2.jpg,FALSE,1
201709041800_1717_0ace3692.jpg,FALSE,1
201709042100_1717_bad58d71.jpg,FALSE,1
201709050000_1717_3a3da48c.jpg,FALSE,1
201709050300_1717_c3735e99.jpg,FALSE,1
201709050600_1717_3fde0fb8.jpg,FALSE,1
201709050900_1717_52bd47b4.jpg,FALSE,1
201709051200_1717_5bf09d85.jpg,FALSE,1
201709051500_1717_ba8ff29b.jpg,FALSE,1
201709051800_1717_75328485.jpg,FALSE,2
201709052100_1717_d4f283c3.jpg,FALSE,2
201709060000_1717_838d8a4b.jpg,FALSE,2
201709060300_1717_5ff29811.jpg,FALSE,2
201709060600_1717_20b24bd7.jpg,FALSE,2
201709060900_1717_55ce0765.jpg,FALSE,2
201709061200_1717_733f7da6.jpg,FALSE,2
201709061500_1717_871b83e7.jpg,FALSE,2
201709061800_1717_d5f21a7d.jpg,FALSE,1
201709062100_1717_a9587221.jpg,FALSE,1
201709070000_1717_96ebd4ec.jpg,FALSE,1
201709070300_1717_41c6a2d7.jpg,FALSE,1
201709070600_1717_8f841e6f.jpg,FALSE,1
201709070900_1717_3942cf33.jpg,FALSE,1
201709071200_1717_602ac55e.jpg,FALSE,1
201709081200_1718_4b3c8cde.jpg,FALSE,1
201709081200_1718_6ebfa228.jpg,TRUE,
201709081500_1718_718804cc.jpg,FALSE,1
201709081500_1718_a1221a2e.jpg,TRUE,
201709081800_1718_cde9c5f9.jpg,FALSE,1
201709081800_1718_dc334d25.jpg,TRUE,
201709082100_1718_2083697d.jpg,FALSE,1
201709082100_1718_6d0bc03b.jpg,TRUE,
201709090000_1718_294a7b0c.jpg,FALSE,1
201709090000_1718_03fc385f.jpg,TRUE,
201709090300_1718_bc12f2a1.jpg,FALSE,1
201709090300_1718_71b52391.jpg,TRUE,
201709090600_1718_ddc35d97.jpg,FALSE,1
201709090600_1718_a40115d1.jpg,TRUE,
201709090900_1718_6abf9111.jpg,FALSE,1
201709090900_1718_e78c4432.jpg,TRUE,
201709091200_1718_f1026cd4.jpg,FALSE,2
201709091200_1718_82771051.jpg,TRUE,
201709091500_1718_cbcbd594.jpg,FALSE,2
201709091500_1718_4b825852.jpg,TRUE,
201709091800_1718_fa63d823.jpg,FALSE,2
201709091800_1718_28044e87.jpg,TRUE,
201709092100_1718_c8888da2.jpg,FALSE,2
201709092100_1718_ea530016.jpg,TRUE,
201709100000_1718_062204c6.jpg,FALSE,2
201709100300_1718_f49e139a.jpg,FALSE,2
201709100600_1718_d9ee9db7.jpg,FALSE,2
201709100900_1718_31af30a1.jpg,FALSE,2
201709101200_1718_3b83e878.jpg,FALSE,2
201709101500_1718_63f59cee.jpg,FALSE,2
201709101800_1718_f4031d37.jpg,FALSE,3
201709102100_1718_1bfe3ea6.jpg,FALSE,3
201709110000_1718_2a80372a.jpg,FALSE,3
201709110300_1718_62ca0b03.jpg,FALSE,3
201709110600_1718_68e85cba.jpg,FALSE,3
201709110900_1718_76be1ba7.jpg,FALSE,3
201709111200_1718_61dfaf8d.jpg,FALSE,3
201709111500_1718_7c57712f.jpg,FALSE,3
201709111800_1718_c3eb7ee0.jpg,FALSE,4
201709112100_1718_5afc1679.jpg,FALSE,4
201709120000_1718_ac495e84.jpg,FALSE,4
201709120300_1718_b09eb1c6.jpg,FALSE,4
201709120600_1718_625f0b92.jpg,FALSE,4
201709120900_1718_8bb76524.jpg,FALSE,4
201709121200_1718_b7e4d2cd.jpg,FALSE,4
201709121500_1718_7d55e006.jpg,FALSE,4
201709121800_1718_dda45472.jpg,FALSE,4
201709122100_1718_9e9023f7.jpg,FALSE,4
201709130000_1718_c1174874.jpg,FALSE,4
201709130300_1718_bb6fadbb.jpg,FALSE,4
201709130600_1718_379c54f3.jpg,FALSE,4
201709130900_1718_e30678bd.jpg,FALSE,4
201709131200_1718_38db5a5b.jpg,FALSE,4
201709131500_1718_886daf42.jpg,FALSE,4
201709131800_1718_2f8a7bec.jpg,FALSE,4
201709132100_1718_73672966.jpg,FALSE,4
201709140000_1718_ba879a7b.jpg,FALSE,4
201709140300_1718_bbd64ee1.jpg,FALSE,4
201709140600_1718_2b581e5f.jpg,FALSE,4
201709140900_1718_57becb11.jpg,FALSE,4
201709141200_1718_3946219f.jpg,FALSE,4
201709141500_1718_bf10865d.jpg,FALSE,4
201709141800_1718_fe331c0e.jpg,FALSE,4
201709142100_1718_78153acd.jpg,FALSE,4
201709150000_1718_91ccb37d.jpg,FALSE,4
201709150300_1718_a0d46dc3.jpg,FALSE,4
201709150600_1718_28d806cb.jpg,FALSE,4
201709150900_1718_66d46f6f.jpg,FALSE,4
201709151200_1718_3c512091.jpg,FALSE,4
201709151500_1718_8bef1008.jpg,FALSE,4
201709151800_1718_92a06583.jpg,FALSE,4
201709152100_1718_a6a80811.jpg,FALSE,4
201709160000_1718_05eca7b2.jpg,FALSE,4
201709160300_1718_b2000ff7.jpg,FALSE,4
201709160300_1718_83482d92.jpg,TRUE,
201709160600_1718_ac10fe3d.jpg,FALSE,4
201709160600_1718_4107ef8a.jpg,TRUE,
201709160900_1718_381062a4.jpg,FALSE,4
201709160900_1718_f099e242.jpg,TRUE,
201709161200_1718_8468d7c5.jpg,FALSE,4
201709161200_1718_f9d8ca94.jpg,TRUE,
201709161500_1718_e56f8846.jpg,FALSE,4
201709161500_1718_bff9272d.jpg,TRUE,
201709161800_1718_2bccef69.jpg,FALSE,4
201709161800_1718_3cfee732.jpg,TRUE,
201709162100_1718_478e0fe8.jpg,FALSE,3
201709162100_1718_966c18b7.jpg,TRUE,
201709170000_1718_7c25397a.jpg,FALSE,3
201709170000_1718_14b5dff2.jpg,TRUE,
201709170300_1718_d125dd8e.jpg,FALSE,3
201709170300_1718_620ee591.jpg,TRUE,
201709170600_1718_6e79e548.jpg,FALSE,3
201709170600_1718_758096e6.jpg,TRUE,
201709170900_1718_bd14f1fc.jpg,FALSE,3
201709170900_1718_72f267fd.jpg,TRUE,
201709171200_1718_b8b49cbc.jpg,FALSE,3
201709171200_1718_65a95907.jpg,TRUE,
201709171500_1718_ae2764e3.jpg,FALSE,3
201709171500_1718_eea3823b.jpg,TRUE,
201709171800_1718_b7c59d8e.jpg,TRUE,
201709172100_1718_6acfca3c.jpg,TRUE,
201709180000_1718_966f74b8.jpg,TRUE,
201709180300_1718_509199b9.jpg,TRUE,
201709180600_1718_a75d4eda.jpg,TRUE,
201709180900_1718_da956680.jpg,TRUE,
201709181200_1718_10d32e1b.jpg,TRUE,
201709181500_1718_5f2faf97.jpg,TRUE,
201709181800_1718_af495e12.jpg,TRUE,
201709182100_1718_8bc0cb9d.jpg,TRUE,
201709190000_1718_3957ae03.jpg,TRUE,
201709190300_1718_bd411e9f.jpg,TRUE,
201709190600_1718_431919e6.jpg,TRUE,
201709190900_1718_59f78459.jpg,TRUE,
201709191200_1718_d5407a34.jpg,TRUE,
201709191500_1718_964ff6fe.jpg,TRUE,
201709191800_1718_5808efa6.jpg,TRUE,
201709192100_1718_9d7289e8.jpg,TRUE,
201709200000_1718_5cbb2b60.jpg,TRUE,
201709200300_1718_a9e8d0de.jpg,TRUE,
201709200600_1718_6bbda007.jpg,TRUE,
201709200900_1718_a21237f4.jpg,TRUE,
201709201200_1718_ecdade9b.jpg,TRUE,
201709201500_1718_6b66c1da.jpg,TRUE,
201709201800_1718_5b586c2a.jpg,TRUE,
201709202100_1718_8e8f5f85.jpg,TRUE,
201709210000_1718_802608a2.jpg,TRUE,
201709210300_1718_b12e96ea.jpg,TRUE,
201709210600_1718_c0e4c355.jpg,TRUE,
201709210900_1718_04033e43.jpg,TRUE,
201709211200_1718_502a3fb7.jpg,TRUE,
201709211500_1718_2a5f5801.jpg,TRUE,
201709211800_1718_1e9c3223.jpg,TRUE,
201709212100_1718_753d4980.jpg,TRUE,
201709220000_1718_2a8a0292.jpg,TRUE,
201709220300_1718_cb739cd6.jpg,TRUE,
201709220600_1718_2ca00815.jpg,TRUE,
201709220900_1718_21b406b3.jpg,TRUE,
201709221200_1718_4e2845de.jpg,TRUE,
201709221500_1718_2006dbbe.jpg,TRUE,
201709221800_1718_ee62b7f6.jpg,TRUE,
201709100000_1719_5803c41f.jpg,FALSE,1
201709100300_1719_2c6e81dc.jpg,FALSE,1
201709100600_1719_c507be16.jpg,FALSE,1
201709100900_1719_c0051408.jpg,FALSE,1
201709101200_1719_5fe38df4.jpg,FALSE,1
201709101500_1719_b414c2c9.jpg,FALSE,1
201709101800_1719_d19ce806.jpg,FALSE,1
201709102100_1719_7710db24.jpg,FALSE,1
201709110000_1719_29a65efd.jpg,FALSE,1
201709110300_1719_23e41994.jpg,FALSE,1
201709110600_1719_663644af.jpg,FALSE,1
201709110900_1719_4d4d08e1.jpg,FALSE,1
201709111200_1719_7b0878d4.jpg,FALSE,1
201709111500_1719_2251e2ec.jpg,FALSE,1
201709111800_1719_4feb7d7c.jpg,FALSE,1
201709112100_1719_18febd98.jpg,FALSE,1
201709120000_1719_3d9ef281.jpg,FALSE,1
201709120300_1719_39e2d87c.jpg,FALSE,1
201709120600_1719_fb7d4aa1.jpg,FALSE,1
201709120900_1719_512f2c6a.jpg,FALSE,1
201709121200_1719_940603fc.jpg,FALSE,2
201709121500_1719_f8218e9b.jpg,FALSE,2
201709121800_1719_491827b7.jpg,FALSE,2
201709122100_1719_bb07f254.jpg,FALSE,2
201709130000_1719_f886a1f2.jpg,FALSE,2
201709130300_1719_85e8e454.jpg,FALSE,2
201709130600_1719_61c9dc4a.jpg,FALSE,2
201709130900_1719_0b7d7cad.jpg,FALSE,2
201709131200_1719_87eacc1f.jpg,FALSE,2
201709131500_1719_869885e8.jpg,FALSE,2
201709131800_1719_e3524920.jpg,FALSE,3
201709132100_1719_dce5b3fb.jpg,FALSE,3
201709140000_1719_35d97378.jpg,FALSE,3
201709140300_1719_42164332.jpg,FALSE,3
201709140600_1719_ad96dc03.jpg,FALSE,4
201709140900_1719_1113971b.jpg,FALSE,4
201709141200_1719_352c940f.jpg,FALSE,4
201709141500_1719_6f2cc60e.jpg,FALSE,4
201709141800_1719_5a796a57.jpg,FALSE,4
201709142100_1719_eaeb7c7c.jpg,FALSE,4
201709150000_1719_6891c9be.jpg,FALSE,4
201709150300_1719_7a4bd72c.jpg,FALSE,4
201709150600_1719_df74706d.jpg,FALSE,4
201709150900_1719_6b5c63a9.jpg,FALSE,4
201709151200_1719_03fae3bb.jpg,FALSE,3
201709151500_1719_59063466.jpg,FALSE,3
201709151800_1719_6f9360d1.jpg,FALSE,2
201709152100_1719_aff6c8c5.jpg,FALSE,2
201709160000_1719_f55248e9.jpg,FALSE,1
201710110000_1720_2dd79a88.jpg,FALSE,1
201710110300_1720_f5ed4782.jpg,FALSE,1
201710110600_1720_31586599.jpg,FALSE,1
201710110900_1720_78ec6e13.jpg,FALSE,1
201710111200_1720_90be10bc.jpg,FALSE,1
201710111500_1720_20fbd179.jpg,FALSE,1
201710111800_1720_9e038be7.jpg,FALSE,1
201710112100_1720_ca9a99d3.jpg,FALSE,1
201710120000_1720_ccf858db.jpg,FALSE,1
201710120300_1720_7c18cce9.jpg,FALSE,1
201710120600_1720_8fc330bc.jpg,FALSE,1
201710120900_1720_8976beb3.jpg,FALSE,1
201710121200_1720_642a72b6.jpg,FALSE,2
201710121500_1720_caf393e8.jpg,FALSE,2
201710121800_1720_c1ab2d5c.jpg,FALSE,2
201710122100_1720_abb69591.jpg,FALSE,2
201710130000_1720_8a6f2673.jpg,FALSE,2
201710130300_1720_097dd6e6.jpg,FALSE,2
201710130600_1720_2126c7f7.jpg,FALSE,2
201710130900_1720_52861427.jpg,FALSE,2
201710131200_1720_f7db17fc.jpg,FALSE,2
201710131500_1720_0434a06b.jpg,FALSE,2
201710131800_1720_4694a7c4.jpg,FALSE,3
201710132100_1720_eb201f90.jpg,FALSE,3
201710140000_1720_f50ed84c.jpg,FALSE,3
201710140300_1720_fe247294.jpg,FALSE,3
201710140600_1720_8b3aa1e3.jpg,FALSE,3
201710140900_1720_01473c19.jpg,FALSE,3
201710141200_1720_bcc7bd5e.jpg,FALSE,3
201710141500_1720_3721c06d.jpg,FALSE,3
201710141800_1720_a7797139.jpg,FALSE,4
201710142100_1720_676c1ea1.jpg,FALSE,4
201710150000_1720_feba90bd.jpg,FALSE,4
201710150300_1720_8c2f77b2.jpg,FALSE,4
201710150600_1720_af0ca003.jpg,FALSE,4
201710150900_1720_8849f362.jpg,FALSE,4
201710151200_1720_018eee1e.jpg,FALSE,3
201710151500_1720_e2d398ac.jpg,FALSE,3
201710151800_1720_944ea834.jpg,FALSE,2
201710152100_1720_ef650bea.jpg,FALSE,2
201710160000_1720_141906a4.jpg,FALSE,1
201710160300_1720_740bd099.jpg,FALSE,1
201710160600_1720_27610a45.jpg,FALSE,1
201710150600_1721_248c7a53.jpg,FALSE,1
201710150900_1721_e4547703.jpg,FALSE,1
201710151200_1721_036fcbee.jpg,FALSE,1
201710151500_1721_2b4b70f3.jpg,FALSE,1
201710151800_1721_17d56c64.jpg,FALSE,2
201710152100_1721_843b7190.jpg,FALSE,2
201710160000_1721_8956f7a4.jpg,FALSE,2
201710160300_1721_e11e1b75.jpg,FALSE,2
201710160600_1721_788d95ca.jpg,FALSE,2
201710160900_1721_4164bd75.jpg,FALSE,2
201710161200_1721_26454824.jpg,FALSE,2
201710161500_1721_4357f64e.jpg,FALSE,2
201710161800_1721_705a7723.jpg,FALSE,2
201710162100_1721_33a03ad0.jpg,FALSE,2
201710170000_1721_0bfb1232.jpg,FALSE,2
201710170300_1721_18038e10.jpg,FALSE,2
201710170600_1721_85c92ba8.jpg,FALSE,3
201710170900_1721_03f99872.jpg,FALSE,3
201710171200_1721_69761a93.jpg,FALSE,3
201710171500_1721_ad93ca44.jpg,FALSE,3
201710171800_1721_3bec6fbf.jpg,FALSE,4
201710172100_1721_e550ba1c.jpg,FALSE,4
201710180000_1721_a878fd41.jpg,FALSE,4
201710180300_1721_1ae513f2.jpg,FALSE,4
201710180600_1721_82ed2a24.jpg,FALSE,4
201710180900_1721_1d1b8a9b.jpg,FALSE,4
201710181200_1721_421d782c.jpg,FALSE,4
201710181500_1721_a10629e9.jpg,FALSE,4
201710181800_1721_9bfc0f88.jpg,FALSE,4
201710182100_1721_27549ded.jpg,FALSE,4
201710190000_1721_f337611e.jpg,FALSE,4
201710190300_1721_1a6b48e6.jpg,FALSE,4
201710190600_1721_6e8cd7e5.jpg,FALSE,4
201710190900_1721_eaaa146a.jpg,FALSE,4
201710191200_1721_fd82922e.jpg,FALSE,4
201710191500_1721_e99f1f54.jpg,FALSE,4
201710191800_1721_e5654787.jpg,FALSE,4
201710192100_1721_bca87808.jpg,FALSE,4
201710200000_1721_3c998277.jpg,FALSE,4
201710200300_1721_d3cba192.jpg,FALSE,4
201710200600_1721_778cd637.jpg,FALSE,4
201710200900_1721_70391049.jpg,FALSE,4
201710201200_1721_abb9d845.jpg,FALSE,4
201710201500_1721_0ef0caa0.jpg,FALSE,4
201710201800_1721_cc33ade4.jpg,FALSE,4
201710202100_1721_e980560a.jpg,FALSE,4
201710210000_1721_6f884929.jpg,FALSE,4
201710210300_1721_951af9df.jpg,FALSE,4
201710210600_1721_8bdcd2a6.jpg,FALSE,4
201710210900_1721_bbfc2dcb.jpg,FALSE,4
201710211200_1721_bae4c0ef.jpg,FALSE,4
201710211500_1721_e39cf6e7.jpg,FALSE,4
201710211800_1721_206b9aee.jpg,FALSE,4
201710211800_1721_751ef45a.jpg,TRUE,
201710212100_1721_e8a85c63.jpg,FALSE,4
201710212100_1721_c3a3fb1f.jpg,TRUE,
201710220000_1721_8c787d5f.jpg,FALSE,4
201710220000_1721_c19055c4.jpg,TRUE,
201710220300_1721_5a9bd18d.jpg,FALSE,4
201710220300_1721_c12cd45f.jpg,TRUE,
201710220600_1721_975fdee2.jpg,FALSE,4
201710220600_1721_85cd4991.jpg,TRUE,
201710220900_1721_ebeb4482.jpg,FALSE,4
201710220900_1721_3cc04dab.jpg,TRUE,
201710221200_1721_3ad91d88.jpg,FALSE,4
201710221200_1721_74537a5c.jpg,TRUE,
201710221500_1721_3361ea30.jpg,FALSE,4
201710221500_1721_337d510c.jpg,TRUE,
201710221800_1721_92940868.jpg,FALSE,4
201710221800_1721_78752188.jpg,TRUE,
201710222100_1721_01989a70.jpg,FALSE,4
201710222100_1721_eaf0b5ec.jpg,TRUE,
201710230000_1721_0e473cba.jpg,TRUE,
201710230300_1721_2c8efb1e.jpg,TRUE,
201710230600_1721_bc9b8832.jpg,TRUE,
201710230900_1721_8bafdf03.jpg,TRUE,
201710231200_1721_40e39e3f.jpg,TRUE,
201710231500_1721_e8c8ceb4.jpg,TRUE,
201710231800_1721_fb52536b.jpg,TRUE,
201710220600_1722_2c95df44.jpg,FALSE,1
201710220600_1722_ee702148.jpg,TRUE,
201710220900_1722_798d6faa.jpg,FALSE,1
201710220900_1722_f80b2ae2.jpg,TRUE,
201710221200_1722_1734d87f.jpg,FALSE,1
201710221200_1722_c3dec845.jpg,TRUE,
201710221500_1722_2ade3405.jpg,FALSE,1
201710221500_1722_d0857c6d.jpg,TRUE,
201710221800_1722_5b5f0023.jpg,FALSE,1
201710221800_1722_73d9077e.jpg,TRUE,
201710222100_1722_5e4d06c2.jpg,FALSE,1
201710222100_1722_f3a78eeb.jpg,TRUE,
201710230000_1722_84fb9077.jpg,FALSE,1
201710230000_1722_acd7f61a.jpg,TRUE,
201710230300_1722_83a3e340.jpg,FALSE,1
201710230300_1722_094ab956.jpg,TRUE,
201710230600_1722_dce74056.jpg,FALSE,1
201710230600_1722_9999bba0.jpg,TRUE,
201710230900_1722_913fe703.jpg,FALSE,1
201710230900_1722_150bbba0.jpg,TRUE,
201710231200_1722_012ae67e.jpg,FALSE,1
201710231200_1722_763e27be.jpg,TRUE,
201710231500_1722_6ed9e4c9.jpg,FALSE,1
201710231500_1722_db254ff9.jpg,TRUE,
201710231800_1722_7731f090.jpg,FALSE,1
201710231800_1722_4018f3c0.jpg,TRUE,
201710232100_1722_0eb0168e.jpg,FALSE,1
201710232100_1722_85f767d2.jpg,TRUE,
201710240000_1722_ad3a7c77.jpg,FALSE,1
201710240000_1722_b3bffccf.jpg,TRUE,
201710240300_1722_c3b64046.jpg,FALSE,1
201710240300_1722_522c0cd5.jpg,TRUE,
201710240600_1722_af558093.jpg,FALSE,1
201710240600_1722_2d5f846c.jpg,TRUE,
201710240900_1722_1cec1e32.jpg,FALSE,1
201710240900_1722_8888d509.jpg,TRUE,
201710241200_1722_8fee8b39.jpg,FALSE,2
201710241200_1722_234e4019.jpg,TRUE,
201710241500_1722_6b25ffe4.jpg,FALSE,2
201710241500_1722_fb063c25.jpg,TRUE,
201710241800_1722_815ac532.jpg,FALSE,2
201710242100_1722_69e943ec.jpg,FALSE,2
201710250000_1722_cfbaf498.jpg,FALSE,2
201710250300_1722_c518063f.jpg,FALSE,2
201710250600_1722_94e08d05.jpg,FALSE,2
201710250900_1722_dbe03fca.jpg,FALSE,2
201710251200_1722_37bd903f.jpg,FALSE,2
201710251500_1722_5c9321af.jpg,FALSE,2
201710251800_1722_54fca34a.jpg,FALSE,2
201710252100_1722_b4d4c9b5.jpg,FALSE,2
201710260000_1722_7d7b35c6.jpg,FALSE,2
201710260300_1722_637e0faa.jpg,FALSE,2
201710260600_1722_2b7759c8.jpg,FALSE,2
201710260900_1722_0c73cc24.jpg,FALSE,2
201710261200_1722_797bf342.jpg,FALSE,2
201710261500_1722_366c7801.jpg,FALSE,2
201710261800_1722_dc688fff.jpg,FALSE,2
201710262100_1722_ac62327b.jpg,FALSE,2
201710270000_1722_fe27a599.jpg,FALSE,3
201710270300_1722_ecc2581f.jpg,FALSE,3
201710270600_1722_c7e11203.jpg,FALSE,3
201710270900_1722_80407176.jpg,FALSE,3
201710271200_1722_b3a23929.jpg,FALSE,3
201710271500_1722_09cac5df.jpg,FALSE,3
201710271800_1722_c1d07f9a.jpg,FALSE,3
201710272100_1722_daf10810.jpg,FALSE,3
201710280000_1722_040eab62.jpg,FALSE,3
201710280000_1722_e2ba68e4.jpg,TRUE,
201710280300_1722_21d37e89.jpg,FALSE,3
201710280300_1722_978bb120.jpg,TRUE,
201710280600_1722_473bdf96.jpg,FALSE,3
201710280600_1722_fb6eec45.jpg,TRUE,
201710280900_1722_69928746.jpg,FALSE,3
201710280900_1722_7e7806d2.jpg,TRUE,
201710281200_1722_df96db2d.jpg,FALSE,3
201710281200_1722_67140354.jpg,TRUE,
201710281500_1722_468b0f13.jpg,FALSE,3
201710281500_1722_295a2717.jpg,TRUE,
201710281800_1722_fc3c6cfb.jpg,FALSE,3
201710281800_1722_076f71c0.jpg,TRUE,
201710282100_1722_77c2d87f.jpg,FALSE,3
201710282100_1722_85381ff1.jpg,TRUE,
201710290000_1722_a4efd7b0.jpg,FALSE,3
201710290000_1722_ebb2eed4.jpg,TRUE,
201710290300_1722_2215fe9b.jpg,FALSE,3
201710290300_1722_9ca4c39e.jpg,TRUE,
201710290600_1722_d1f0130c.jpg,FALSE,3
201710290600_1722_f3392725.jpg,TRUE,
201710290900_1722_c97252cb.jpg,FALSE,3
201710290900_1722_68a93614.jpg,TRUE,
201710291200_1722_809fc4c0.jpg,TRUE,
201710310000_1723_e22572cf.jpg,FALSE,1
201710310300_1723_337c7b2b.jpg,FALSE,1
201710310600_1723_38ef8def.jpg,FALSE,1
201710310900_1723_eb00fdfd.jpg,FALSE,1
201710311200_1723_41e3cff6.jpg,FALSE,1
201710311500_1723_f6f27b10.jpg,FALSE,1
201710311800_1723_7a7f2c80.jpg,FALSE,1
201710312100_1723_0fff890e.jpg,FALSE,1
201711010000_1723_c03d93c0.jpg,FALSE,1
201711010300_1723_f5b2548b.jpg,FALSE,1
201711010600_1723_5393dc41.jpg,FALSE,1
201711010900_1723_3e49decc.jpg,FALSE,1
201711011200_1723_5c9b5de6.jpg,FALSE,1
201711011500_1723_26a1272b.jpg,FALSE,1
201711011800_1723_22ae063b.jpg,FALSE,1
201711012100_1723_eb977228.jpg,FALSE,1
201711020000_1723_7264acf0.jpg,FALSE,2
201711020300_1723_ae1725cf.jpg,FALSE,2
201711020600_1723_b399b203.jpg,FALSE,2
201711020900_1723_54111428.jpg,FALSE,2
201711021200_1723_1c90ea9c.jpg,FALSE,2
201711021500_1723_49a98f30.jpg,FALSE,2
201711021800_1723_22f77095.jpg,FALSE,3
201711022100_1723_674844a8.jpg,FALSE,3
201711030000_1723_d7dc5862.jpg,FALSE,4
201711030300_1723_621070d3.jpg,FALSE,4
201711030600_1723_7cf6096a.jpg,FALSE,4
201711030900_1723_3929c77e.jpg,FALSE,4
201711031200_1723_27a28f8b.jpg,FALSE,4
201711031500_1723_5508e59c.jpg,FALSE,4
201711031800_1723_78f8af86.jpg,FALSE,4
201711032100_1723_37084adc.jpg,FALSE,4
201711040000_1723_4d201d81.jpg,FALSE,4
201711040300_1723_2aee2535.jpg,FALSE,4
201711040600_1723_587792ad.jpg,FALSE,3
201711040900_1723_142100f9.jpg,FALSE,3
201711041200_1723_486d1bd4.jpg,FALSE,2
201711041500_1723_d8a531db.jpg,FALSE,2
201711041800_1723_4358b939.jpg,FALSE,1
201711071200_1724_f2c9d279.jpg,FALSE,1
201711071500_1724_886cf193.jpg,FALSE,1
201711071800_1724_e9c4d7de.jpg,FALSE,1
201711072100_1724_74e5ddb6.jpg,FALSE,1
201711080000_1724_bf2b9ab7.jpg,FALSE,1
201711080300_1724_bd1d5076.jpg,FALSE,1
201711080600_1724_407ef676.jpg,FALSE,1
201711080900_1724_d30f72b9.jpg,FALSE,1
201711081200_1724_126c4707.jpg,FALSE,1
201711081500_1724_c8df43cf.jpg,FALSE,1
201711081800_1724_d71a4083.jpg,FALSE,1
201711082100_1724_79b98cf1.jpg,FALSE,1
201711090000_1724_84426633.jpg,FALSE,1
201711090300_1724_030aa709.jpg,FALSE,1
201711090600_1724_7285a1bd.jpg,FALSE,1
201711090900_1724_d1525ced.jpg,FALSE,1
201711091200_1724_9c859443.jpg,FALSE,1
201711091500_1724_0873e16c.jpg,FALSE,1
201711091800_1724_d981bf52.jpg,FALSE,1
201711092100_1724_adf0b236.jpg,FALSE,1
201711100000_1724_1a73901f.jpg,FALSE,2
201711100300_1724_89777745.jpg,FALSE,2
201711100600_1724_323ef902.jpg,FALSE,2
201711100900_1724_dc42d94b.jpg,FALSE,2
201711101200_1724_03847359.jpg,FALSE,2
201711101500_1724_0a1072c4.jpg,FALSE,2
201711101800_1724_bd1a7a36.jpg,FALSE,2
201711102100_1724_eecc30da.jpg,FALSE,2
201711110000_1724_79115c02.jpg,FALSE,2
201711110300_1724_3ec8e2e5.jpg,FALSE,2
201711110600_1724_0490791c.jpg,FALSE,2
201711110900_1724_d120e253.jpg,FALSE,2
201711111200_1724_66e4192a.jpg,FALSE,2
201711111500_1724_c54e1349.jpg,FALSE,2
201711111800_1724_e62655e6.jpg,FALSE,2
201711112100_1724_1c6a7b27.jpg,FALSE,2
201711120000_1724_b0601b28.jpg,FALSE,2
201711120300_1724_26ed73af.jpg,FALSE,2
201711120600_1724_61cc0008.jpg,FALSE,1
201711120900_1724_3def7b53.jpg,FALSE,1
201711121200_1724_c30a7c7d.jpg,FALSE,1
201711121500_1724_06ab60de.jpg,FALSE,1
201711121800_1724_c8db17f0.jpg,FALSE,1
201711122100_1724_5de0df2e.jpg,FALSE,1
201711130000_1724_83df1328.jpg,FALSE,1
201711161200_1725_83a4ec03.jpg,FALSE,1
201711161500_1725_dc22fd91.jpg,FALSE,1
201711161800_1725_b3e5e70a.jpg,FALSE,1
201711162100_1725_aa19d371.jpg,FALSE,1
201711170000_1725_19dad10d.jpg,FALSE,1
201711170300_1725_0b72478b.jpg,FALSE,1
201711170600_1725_90cf0c01.jpg,FALSE,1
201711170900_1725_6a071a77.jpg,FALSE,1
201711171200_1725_e3d5e46b.jpg,FALSE,1
201711171500_1725_aa496f12.jpg,FALSE,1
201711171800_1725_13101c8e.jpg,FALSE,1
201711172100_1725_524274d2.jpg,FALSE,1
201711180000_1725_cb583898.jpg,FALSE,2
201711180300_1725_58cb7a90.jpg,FALSE,2
201711180600_1725_650ed29d.jpg,FALSE,2
201711180900_1725_155aad6c.jpg,FALSE,2
201711181200_1725_3187af05.jpg,FALSE,2
201711181500_1725_e728591e.jpg,FALSE,2
201711181800_1725_79beab8a.jpg,FALSE,2
201711182100_1725_a8ccb9a1.jpg,FALSE,2
201711190000_1725_ccb9f8fa.jpg,FALSE,1
201711190300_1725_1493402f.jpg,FALSE,1
201711190600_1725_e3ca46e8.jpg,FALSE,1
201712131800_1726_4566f869.jpg,FALSE,1
201712132100_1726_68a07627.jpg,FALSE,1
201712140000_1726_14fa8ace.jpg,FALSE,2
201712140300_1726_acab1223.jpg,FALSE,2
201712140600_1726_56c7188f.jpg,FALSE,2
201712140900_1726_63892b13.jpg,FALSE,2
201712141200_1726_ee0f59ac.jpg,FALSE,2
201712141500_1726_6e4dbcad.jpg,FALSE,2
201712141800_1726_f00ebb1b.jpg,FALSE,2
201712142100_1726_371971a3.jpg,FALSE,2
201712150000_1726_438be4ec.jpg,FALSE,2
201712150300_1726_aed8207e.jpg,FALSE,2
201712150600_1726_2219d475.jpg,FALSE,2
201712150900_1726_cf300f81.jpg,FALSE,2
201712151200_1726_c52a464a.jpg,FALSE,2
201712151500_1726_72c530e8.jpg,FALSE,2
201712151800_1726_02cf04d8.jpg,FALSE,2
201712152100_1726_db0fa1ef.jpg,FALSE,2
201712160000_1726_1fd76034.jpg,FALSE,2
201712160300_1726_4f111980.jpg,FALSE,2
201712160600_1726_e6a4d51c.jpg,FALSE,2
201712160900_1726_2a797295.jpg,FALSE,2
201712161200_1726_fd1cfae0.jpg,FALSE,1
201712161500_1726_639195fc.jpg,FALSE,1
201712161800_1726_9ff7d0a0.jpg,FALSE,1
201712162100_1726_217a8093.jpg,FALSE,1
201712170000_1726_ea9efab9.jpg,FALSE,1
201712170300_1726_68b24c09.jpg,FALSE,1
201712170600_1726_4b04167b.jpg,FALSE,1
201712170900_1726_b6ee1c38.jpg,FALSE,1
201712171200_1726_a2425798.jpg,FALSE,1
201712171500_1726_995ee37a.jpg,FALSE,1
201712171800_1726_2c29afed.jpg,FALSE,1
201712172100_1726_ccfb2af3.jpg,FALSE,1
201712180000_1726_d2073596.jpg,FALSE,1
201712180300_1726_97711a20.jpg,FALSE,1
201712180600_1726_e4a8bb97.jpg,FALSE,1
201712180900_1726_10edff3f.jpg,FALSE,1
201712181200_1726_9b98a3d1.jpg,FALSE,1
201712181500_1726_2e2d1296.jpg,FALSE,1
201712181800_1726_04fa29a3.jpg,FALSE,1
201712182100_1726_a39c90f5.jpg,FALSE,1
201712190000_1726_e2c21a3e.jpg,FALSE,1
201712190300_1726_73c1c0b8.jpg,FALSE,1
201712190600_1726_801a3f33.jpg,FALSE,1
201712190900_1726_a7a4e004.jpg,FALSE,1
201712191200_1726_7cb72307.jpg,FALSE,1
201712191500_1726_80221189.jpg,FALSE,1
201712191800_1726_06bdfaa5.jpg,FALSE,1
201712192100_1726_24229833.jpg,FALSE,1
201712200000_1726_e40eb712.jpg,FALSE,2
201712200300_1726_a5b99bd6.jpg,FALSE,2
201712200600_1726_e6f47b16.jpg,FALSE,2
201712200900_1726_56dcad84.jpg,FALSE,2
201712201200_1726_d5d15d2b.jpg,FALSE,2
201712201500_1726_8401fa07.jpg,FALSE,2
201712201800_1726_3bbb9831.jpg,FALSE,2
201712202100_1726_1454740b.jpg,FALSE,2
201712210000_1726_cfd9f0c1.jpg,FALSE,2
201712210300_1726_aaeadd81.jpg,FALSE,2
201712210600_1726_6becc22d.jpg,FALSE,2
201712210900_1726_b81f5e49.jpg,FALSE,2
201712211200_1726_ba4ae294.jpg,FALSE,1
201712211500_1726_b79a9151.jpg,FALSE,1
201712211800_1726_caf6eede.jpg,FALSE,1
201712212100_1726_9564cfa2.jpg,FALSE,1
201712220000_1726_2cac17ba.jpg,FALSE,1
201712220300_1726_43b88f58.jpg,FALSE,1
201712220600_1726_d47edeb6.jpg,FALSE,1
201712220900_1726_64aa1ee9.jpg,FALSE,1
201712221200_1726_03cf4dc0.jpg,FALSE,1
201712221500_1726_4d18ef71.jpg,FALSE,1
201712221800_1726_3dc28f04.jpg,FALSE,1
201712222100_1726_d15f20b1.jpg,FALSE,1
201712230000_1726_a2aa082b.jpg,FALSE,1
201712230300_1726_9ed51a63.jpg,FALSE,1
201712230600_1726_67db4d8b.jpg,FALSE,1
201712230900_1726_b7124612.jpg,FALSE,1
201712231200_1726_f2e21cee.jpg,FALSE,1
201712231500_1726_c7bc3d1b.jpg,FALSE,1
201712231800_1726_ac33515e.jpg,FALSE,1
201712200000_1727_60c1119a.jpg,FALSE,1
201712200300_1727_5c43ee69.jpg,FALSE,1
201712200600_1727_225e27af.jpg,FALSE,1
201712200900_1727_dfdea52b.jpg,FALSE,1
201712201200_1727_9751fe14.jpg,FALSE,1
201712201500_1727_657f0794.jpg,FALSE,1
201712201800_1727_3a3c61f6.jpg,FALSE,2
201712202100_1727_e46aef5f.jpg,FALSE,2
201712210000_1727_f9335fe6.jpg,FALSE,2
201712210300_1727_f228baef.jpg,FALSE,2
201712210600_1727_816b4528.jpg,FALSE,2
201712210900_1727_d945106b.jpg,FALSE,2
201712211200_1727_9f21183c.jpg,FALSE,2
201712211500_1727_c4849303.jpg,FALSE,2
201712211800_1727_f71e41d1.jpg,FALSE,3
201712212100_1727_7f954ae3.jpg,FALSE,3
201712220000_1727_349deb99.jpg,FALSE,2
201712220300_1727_041de242.jpg,FALSE,2
201712220600_1727_a04b983d.jpg,FALSE,2
201712220900_1727_3ac3b5df.jpg,FALSE,2
201712221200_1727_3f1d5cf2.jpg,FALSE,2
201712221500_1727_30cea7c7.jpg,FALSE,2
201712221800_1727_8791c54a.jpg,FALSE,3
201712222100_1727_2be916a9.jpg,FALSE,3
201712230000_1727_5439b15e.jpg,FALSE,3
201712230300_1727_fe4b404f.jpg,FALSE,3
201712230600_1727_1f72e272.jpg,FALSE,3
201712230900_1727_cef6c4af.jpg,FALSE,3
201712231200_1727_574fd0dc.jpg,FALSE,4
201712231500_1727_da33fd90.jpg,FALSE,4
201712231800_1727_77e1aeea.jpg,FALSE,4
201712232100_1727_1d8e9199.jpg,FALSE,4
201712240000_1727_d7b28a9c.jpg,FALSE,4
201712240300_1727_5e04bd6e.jpg,FALSE,4
201712240600_1727_2f28fe62.jpg,FALSE,4
201712240900_1727_48f4d459.jpg,FALSE,4
201712241200_1727_0361b12d.jpg,FALSE,4
201712241500_1727_4cf1155b.jpg,FALSE,4
201712241800_1727_2a3fe085.jpg,FALSE,3
201712242100_1727_dd736b22.jpg,FALSE,3
201712250000_1727_689d7f83.jpg,FALSE,2
201712250300_1727_f5e7dd6d.jpg,FALSE,2
201712250600_1727_f9174df0.jpg,FALSE,2
201712250900_1727_b03d9ecd.jpg,FALSE,2
201712251200_1727_ed0c9982.jpg,FALSE,1
201712251500_1727_3fe0d613.jpg,FALSE,1
201712251800_1727_bfe147fb.jpg,FALSE,1
201712252100_1727_08aadadc.jpg,FALSE,1
201712260000_1727_ed8a0ae8.jpg,FALSE,1
201712260300_1727_768477aa.jpg,FALSE,1
201712260600_1727_edc01c9f.jpg,FALSE,1
201712291800_1801_46454a17.jpg,FALSE,1
201712292100_1801_21352744.jpg,FALSE,1
201712300000_1801_730e7955.jpg,FALSE,1
201712300300_1801_b5382c50.jpg,FALSE,1
201712300600_1801_7a44ed6e.jpg,FALSE,1
201712300900_1801_e1b81155.jpg,FALSE,1
201712301200_1801_8d10e3a5.jpg,FALSE,1
201712301500_1801_e30ccfa0.jpg,FALSE,1
201712301800_1801_6756d3fc.jpg,FALSE,1
201712302100_1801_68a088f0.jpg,FALSE,1
201712310000_1801_2060a4a3.jpg,FALSE,1
201712310300_1801_11f4e2cb.jpg,FALSE,1
201712310600_1801_fb44fd27.jpg,FALSE,1
201712310900_1801_5f6f3c19.jpg,FALSE,1
201712311200_1801_e623fd05.jpg,FALSE,1
201712311500_1801_d25633fb.jpg,FALSE,1
201712311800_1801_5ad28a75.jpg,FALSE,1
201712312100_1801_c2c89af1.jpg,FALSE,1
201801010000_1801_dd466b5b.jpg,FALSE,1
201801010300_1801_1a4dd5d8.jpg,FALSE,1
201801010600_1801_51e57c6f.jpg,FALSE,1
201801010900_1801_65afa676.jpg,FALSE,1
201801011200_1801_3a3f341f.jpg,FALSE,1
201801011500_1801_218ec716.jpg,FALSE,1
201801011800_1801_b5172aad.jpg,FALSE,1
201801012100_1801_a3b56f28.jpg,FALSE,1
201801020000_1801_0ff149da.jpg,FALSE,1
201801020300_1801_4eca4df7.jpg,FALSE,1
201801020600_1801_32b7a45a.jpg,FALSE,1
201801020900_1801_07229b2b.jpg,FALSE,1
201801021200_1801_f0902a4d.jpg,FALSE,1
201801021500_1801_475b2765.jpg,FALSE,1
201801021800_1801_1cb7042a.jpg,FALSE,1
201801022100_1801_27c8f217.jpg,FALSE,1
201801030000_1801_cbcefb96.jpg,FALSE,2
201801030300_1801_9fbcd37f.jpg,FALSE,2
201801030600_1801_99e9a523.jpg,FALSE,2
201801030900_1801_e6b0a14e.jpg,FALSE,2
201801031200_1801_1515483f.jpg,FALSE,2
201801031500_1801_17d3f984.jpg,FALSE,2
201801031800_1801_e21be615.jpg,FALSE,2
201801032100_1801_a4c093c6.jpg,FALSE,2
201801040000_1801_02b6c74f.jpg,FALSE,1
201801040300_1801_35dd5f62.jpg,FALSE,1
201801040600_1801_1a8c7a63.jpg,FALSE,1
201802080000_1802_f6cd554b.jpg,FALSE,1
201802080000_1802_30fc54c4.jpg,TRUE,
201802080300_1802_d3526976.jpg,FALSE,1
201802080300_1802_10b55c6c.jpg,TRUE,
201802080600_1802_9445d40a.jpg,FALSE,1
201802080600_1802_7c39dbac.jpg,TRUE,
201802080900_1802_fcd8c40e.jpg,FALSE,1
201802080900_1802_e896f75c.jpg,TRUE,
201802081200_1802_3a01e8bd.jpg,FALSE,1
201802081200_1802_7a185ec4.jpg,TRUE,
201802081500_1802_02ae66ec.jpg,FALSE,1
201802081500_1802_7b31e9d6.jpg,TRUE,
201802081800_1802_2c4de564.jpg,FALSE,1
201802081800_1802_68fd3c70.jpg,TRUE,
201802082100_1802_4690af55.jpg,FALSE,1
201802082100_1802_86f66373.jpg,TRUE,
201802090000_1802_b4681feb.jpg,FALSE,1
201802090000_1802_b0c2cb45.jpg,TRUE,
201802090300_1802_35b85085.jpg,FALSE,1
201802090300_1802_82b02355.jpg,TRUE,
201802090600_1802_499fc361.jpg,FALSE,1
201802090600_1802_b7a0358d.jpg,TRUE,
201802090900_1802_2486d194.jpg,FALSE,1
201802090900_1802_e90056f6.jpg,TRUE,
201802091200_1802_a6e3a66a.jpg,FALSE,1
201802091200_1802_e1ee456f.jpg,TRUE,
201802091500_1802_191ab997.jpg,FALSE,1
201802091500_1802_352f29b5.jpg,TRUE,
201802091800_1802_6ba79053.jpg,FALSE,1
201802091800_1802_c3b99ebf.jpg,TRUE,
201802092100_1802_05a4bd59.jpg,FALSE,1
201802092100_1802_7a3cac6e.jpg,TRUE,
201802100000_1802_72310e07.jpg,FALSE,1
201802100000_1802_e3498b83.jpg,TRUE,
201802100300_1802_84d9f7dd.jpg,FALSE,1
201802100300_1802_8c252231.jpg,TRUE,
201802100600_1802_466690df.jpg,FALSE,1
201802100600_1802_396857ae.jpg,TRUE,
201802100900_1802_857686cc.jpg,FALSE,1
201802100900_1802_8d35e65c.jpg,TRUE,
201802101200_1802_38325aac.jpg,FALSE,1
201802101200_1802_eadf6520.jpg,TRUE,
201802101500_1802_c802c968.jpg,FALSE,1
201802101500_1802_be485d0b.jpg,TRUE,
201802101800_1802_319613a4.jpg,FALSE,1
201802101800_1802_7aed532e.jpg,TRUE,
201802102100_1802_3c03f575.jpg,FALSE,1
201802102100_1802_65ea62c7.jpg,TRUE,
201802110000_1802_4fcb9728.jpg,FALSE,1
201802110300_1802_57664a22.jpg,FALSE,1
201802110600_1802_aa38e53d.jpg,FALSE,2
201802110900_1802_1aa5774c.jpg,FALSE,2
201802111200_1802_a7ae0323.jpg,FALSE,2
201802111500_1802_66d92efa.jpg,FALSE,2
201802111800_1802_65ca6e02.jpg,FALSE,2
201802112100_1802_bb10430c.jpg,FALSE,2
201802120000_1802_48ad7791.jpg,FALSE,2
201802120300_1802_f33386af.jpg,FALSE,2
201802120600_1802_39554d8e.jpg,FALSE,2
201802120900_1802_c2213263.jpg,FALSE,2
201802121200_1802_e97b2b18.jpg,FALSE,2
201802121500_1802_2d73e849.jpg,FALSE,2
201802121800_1802_d4b42b17.jpg,FALSE,2
201802122100_1802_63262d8b.jpg,FALSE,2
201802130000_1802_d143806c.jpg,FALSE,2
201802130300_1802_3d36bae2.jpg,FALSE,2
201802130600_1802_20f10053.jpg,FALSE,1
201802130900_1802_2fbee71e.jpg,FALSE,1
201802131200_1802_91b03dc0.jpg,FALSE,1
201802131500_1802_788c4148.jpg,FALSE,1
201802131800_1802_6b4da068.jpg,FALSE,1
201802132100_1802_2990f419.jpg,FALSE,1
201802140000_1802_3ac2dbfa.jpg,FALSE,1
201802140300_1802_8cf3d35a.jpg,FALSE,1
201802140600_1802_6e23b3c3.jpg,FALSE,1
201802140900_1802_94fa425d.jpg,FALSE,1
201802141200_1802_71bb25c5.jpg,FALSE,1
201802141500_1802_5411cb78.jpg,FALSE,1
201802141800_1802_d69c91b1.jpg,FALSE,1
201802142100_1802_df3c9030.jpg,FALSE,1
201802150000_1802_734d0679.jpg,FALSE,1
201802150300_1802_0e97693d.jpg,FALSE,1
201802150600_1802_816a6da1.jpg,FALSE,1
201802150900_1802_818def23.jpg,FALSE,1
201802151200_1802_f69a7d24.jpg,FALSE,1
201802151500_1802_864ed2be.jpg,FALSE,1
201802151800_1802_ce59cab6.jpg,FALSE,1
201802152100_1802_ca8f5a07.jpg,FALSE,1
201802160000_1802_cd6e7056.jpg,FALSE,1
201802160300_1802_d6291fd6.jpg,FALSE,1
201802160600_1802_d30edbaa.jpg,FALSE,1
201803241800_1803_16f0c503.jpg,FALSE,1
201803241800_1803_1bb5a7cb.jpg,TRUE,
201803242100_1803_7fd0209b.jpg,FALSE,1
201803242100_1803_b8d9e146.jpg,TRUE,
201803250000_1803_29ad4b28.jpg,FALSE,1
201803250000_1803_448057d4.jpg,TRUE,
201803250300_1803_210f6fe9.jpg,FALSE,1
201803250300_1803_f24188f4.jpg,TRUE,
201803250600_1803_2c2dedc1.jpg,FALSE,2
201803250600_1803_25894ab7.jpg,TRUE,
201803250900_1803_34a93fb5.jpg,FALSE,2
201803250900_1803_28e7ebaa.jpg,TRUE,
201803251200_1803_2a175770.jpg,FALSE,2
201803251200_1803_1f5984bf.jpg,TRUE,
201803251500_1803_dabf67c5.jpg,FALSE,2
201803251500_1803_16bd63c5.jpg,TRUE,
201803251800_1803_93c35be3.jpg,FALSE,2
201803251800_1803_02cad467.jpg,TRUE,
201803252100_1803_7a31e306.jpg,FALSE,2
201803252100_1803_4ee39443.jpg,TRUE,
201803260000_1803_e8c084ee.jpg,FALSE,2
201803260300_1803_260fdc28.jpg,FALSE,2
201803260600_1803_c64a3289.jpg,FALSE,2
201803260900_1803_e9ae6208.jpg,FALSE,2
201803261200_1803_462f7b17.jpg,FALSE,2
201803261500_1803_7ee38c91.jpg,FALSE,2
201803261800_1803_832f4aa7.jpg,FALSE,2
201803262100_1803_393b1a41.jpg,FALSE,2
201803270000_1803_8189a435.jpg,FALSE,2
201803270300_1803_1bb11af5.jpg,FALSE,2
201803270600_1803_8ec58440.jpg,FALSE,2
201803270900_1803_5e664918.jpg,FALSE,2
201803271200_1803_3801d2db.jpg,FALSE,2
201803271500_1803_6bce50fa.jpg,FALSE,2
201803271800_1803_899bc9e2.jpg,FALSE,2
201803272100_1803_4565404e.jpg,FALSE,2
201803280000_1803_d7c65602.jpg,FALSE,2
201803280300_1803_594a926c.jpg,FALSE,2
201803280600_1803_9bf54a70.jpg,FALSE,3
201803280900_1803_490d80c4.jpg,FALSE,3
201803281200_1803_0c6b1a7f.jpg,FALSE,3
201803281500_1803_f91d9419.jpg,FALSE,3
201803281800_1803_0a3b2911.jpg,FALSE,3
201803282100_1803_7d7e9ebf.jpg,FALSE,3
201803290000_1803_a5726b9a.jpg,FALSE,4
201803290300_1803_7b269c36.jpg,FALSE,4
201803290600_1803_21092a10.jpg,FALSE,4
201803290900_1803_8109512e.jpg,FALSE,4
201803291200_1803_e278c640.jpg,FALSE,4
201803291500_1803_b6d7c37f.jpg,FALSE,4
201803291800_1803_59a770e3.jpg,FALSE,4
201803292100_1803_3a532100.jpg,FALSE,4
201803300000_1803_86dbfb77.jpg,FALSE,4
201803300300_1803_dd3a6e13.jpg,FALSE,4
201803300600_1803_a16c7b11.jpg,FALSE,4
201803300600_1803_636966d7.jpg,TRUE,
201803300900_1803_e9743b4e.jpg,FALSE,4
201803300900_1803_b961c387.jpg,TRUE,
201803301200_1803_7242160f.jpg,FALSE,4
201803301200_1803_a4ce22fa.jpg,TRUE,
201803301500_1803_b728cd7a.jpg,FALSE,4
201803301500_1803_5ff9d91e.jpg,TRUE,
201803301800_1803_f2f0fa9e.jpg,FALSE,4
201803301800_1803_2fe64de9.jpg,TRUE,
201803302100_1803_f76217fb.jpg,FALSE,4
201803302100_1803_d1d9dda5.jpg,TRUE,
201803310000_1803_6647adc9.jpg,FALSE,4
201803310000_1803_e758d6df.jpg,TRUE,
201803310300_1803_1f2cef07.jpg,FALSE,4
201803310300_1803_01a1c6b8.jpg,TRUE,
201803310600_1803_320ec506.jpg,FALSE,4
201803310600_1803_b4e00b8b.jpg,TRUE,
201803310900_1803_2dd97f8a.jpg,FALSE,4
201803310900_1803_87d80a54.jpg,TRUE,
201803311200_1803_0484c4bc.jpg,FALSE,4
201803311200_1803_f9a6f40f.jpg,TRUE,
201803311500_1803_758dc216.jpg,FALSE,4
201803311500_1803_ca1cc839.jpg,TRUE,
201803311800_1803_2f75042b.jpg,FALSE,2
201803311800_1803_285d2d0f.jpg,TRUE,
201803312100_1803_a7aa4eef.jpg,FALSE,2
201803312100_1803_d6724cf6.jpg,TRUE,
201804010000_1803_3f2e32e7.jpg,FALSE,1
201804010000_1803_6fba430a.jpg,TRUE,
201804010300_1803_e9cce8d5.jpg,FALSE,1
201804010300_1803_14020a85.jpg,TRUE,
201804010600_1803_ec8b5b26.jpg,FALSE,1
201804010600_1803_04faa4bd.jpg,TRUE,
201806021800_1804_be8efbb7.jpg,FALSE,1
201806022100_1804_6cecc9e3.jpg,FALSE,1
201806030000_1804_0cf612f8.jpg,FALSE,1
201806030300_1804_faf06a18.jpg,FALSE,1
201806030600_1804_2f68baa2.jpg,FALSE,1
201806030900_1804_d648ea9d.jpg,FALSE,1
201806031200_1804_ec6bf09e.jpg,FALSE,1
201806031500_1804_b15fbefb.jpg,FALSE,1
201806031800_1804_f3eb1310.jpg,FALSE,1
201806032100_1804_7d585617.jpg,FALSE,1
201806040000_1804_7262ed9d.jpg,FALSE,1
201806040300_1804_026e8a2d.jpg,FALSE,1
201806040600_1804_0fe435ef.jpg,FALSE,1
201806040900_1804_bdec1654.jpg,FALSE,1
201806041200_1804_f02807ac.jpg,FALSE,1
201806041500_1804_30266438.jpg,FALSE,1
201806041800_1804_90c0a19c.jpg,FALSE,1
201806042100_1804_ebbcb726.jpg,FALSE,1
201806050000_1804_9730105a.jpg,FALSE,2
201806050300_1804_10e65462.jpg,FALSE,2
201806050600_1804_f0664e82.jpg,FALSE,2
201806050900_1804_dd3d4266.jpg,FALSE,2
201806051200_1804_b5e1a353.jpg,FALSE,2
201806051500_1804_e72fc816.jpg,FALSE,2
201806051800_1804_49934f54.jpg,FALSE,2
201806052100_1804_b298e34a.jpg,FALSE,2
201806060000_1804_abaff118.jpg,FALSE,2
201806060300_1804_96720130.jpg,FALSE,2
201806060600_1804_f1938785.jpg,FALSE,2
201806060900_1804_3ef715f0.jpg,FALSE,2
201806061200_1804_ec72c2aa.jpg,FALSE,2
201806061500_1804_76e32184.jpg,FALSE,2
201806061800_1804_16a765c8.jpg,FALSE,2
201806062100_1804_c94e5b23.jpg,FALSE,2
201806070000_1804_8f9258ea.jpg,FALSE,2
201806070300_1804_4307a3ba.jpg,FALSE,2
201806070600_1804_94f0b8ce.jpg,FALSE,2
201806070900_1804_5adb8401.jpg,FALSE,2
201806071200_1804_264e3b72.jpg,FALSE,2
201806071500_1804_368a7e94.jpg,FALSE,2
201806071800_1804_88e7309c.jpg,FALSE,2
201806072100_1804_e01f4ac7.jpg,FALSE,2
201806080000_1804_52465664.jpg,FALSE,2
201806080300_1804_c9e6fb37.jpg,FALSE,2
201806080600_1804_b6969f80.jpg,FALSE,2
201806080900_1804_0750c5b4.jpg,FALSE,2
201806081200_1804_98d31515.jpg,FALSE,2
201806081500_1804_a86a1f23.jpg,FALSE,2
201806081800_1804_13652cb5.jpg,FALSE,1
201806082100_1804_15d7e443.jpg,FALSE,1
201806090000_1804_638f8892.jpg,FALSE,1
201806090300_1804_8ef48c7d.jpg,FALSE,1
201806090600_1804_c2926007.jpg,FALSE,1
201806090900_1804_6b344632.jpg,FALSE,1
201806091200_1804_524b31df.jpg,FALSE,1
201806091500_1804_c8e6dca4.jpg,FALSE,1
201806091800_1804_dfca899c.jpg,FALSE,1
201806092100_1804_c4687e80.jpg,FALSE,1
201806100000_1804_456ab9c4.jpg,FALSE,1
201806100300_1804_10fe63e3.jpg,FALSE,1
201806100600_1804_1430b5b5.jpg,FALSE,1
201806100900_1804_a56efbcd.jpg,FALSE,1
201806101200_1804_dd517b39.jpg,FALSE,1
201806101500_1804_68e07865.jpg,FALSE,1
201806101800_1804_d940a399.jpg,FALSE,1
201806102100_1804_2130c0a7.jpg,FALSE,1
201806110000_1804_4cc53551.jpg,FALSE,1
201806110300_1804_b3d22d19.jpg,FALSE,1
201806110600_1804_7d441984.jpg,FALSE,1
201806031800_1805_08bc7624.jpg,FALSE,1
201806032100_1805_69c17080.jpg,FALSE,1
201806040000_1805_54e59a2b.jpg,FALSE,1
201806040300_1805_145988d0.jpg,FALSE,1
201806040600_1805_f53efd39.jpg,FALSE,1
201806040900_1805_9e1c8313.jpg,FALSE,1
201806041200_1805_b9228d31.jpg,FALSE,1
201806041500_1805_b10715de.jpg,FALSE,1
201806041800_1805_1e8b90c2.jpg,FALSE,1
201806042100_1805_99689350.jpg,FALSE,1
201806050000_1805_38e9d97f.jpg,FALSE,1
201806050300_1805_03c85d15.jpg,FALSE,1
201806050600_1805_76dc1938.jpg,FALSE,1
201806050900_1805_8c244335.jpg,FALSE,1
201806051200_1805_10c43621.jpg,FALSE,1
201806051500_1805_62df6e0d.jpg,FALSE,1
201806051800_1805_6f244084.jpg,FALSE,1
201806052100_1805_5bee2173.jpg,FALSE,1
201806060000_1805_fc4f8a26.jpg,FALSE,1
201806060300_1805_33cdf24e.jpg,FALSE,1
201806060600_1805_6f1ec227.jpg,FALSE,1
201806060900_1805_72436e2b.jpg,FALSE,1
201806061200_1805_0e612f93.jpg,FALSE,1
201806061500_1805_0199a7e6.jpg,FALSE,1
201806061800_1805_93dea80a.jpg,FALSE,1
201806062100_1805_017f0d6a.jpg,FALSE,1
201806070000_1805_decea293.jpg,FALSE,1
201806070300_1805_c69b6f06.jpg,FALSE,1
201806070600_1805_4bcfc652.jpg,FALSE,1
201806070900_1805_e346e44e.jpg,FALSE,1
201806071200_1805_5bf3a6af.jpg,FALSE,1
201806071500_1805_3b1801e5.jpg,FALSE,1
201806071800_1805_9dd2e462.jpg,FALSE,2
201806072100_1805_0b942b6c.jpg,FALSE,2
201806080000_1805_3c163b90.jpg,FALSE,2
201806080300_1805_8c5d73fd.jpg,FALSE,2
201806080600_1805_3c3f25af.jpg,FALSE,2
201806080900_1805_22df3daa.jpg,FALSE,2
201806081200_1805_48671a25.jpg,FALSE,2
201806081500_1805_08204755.jpg,FALSE,2
201806081800_1805_71100207.jpg,FALSE,2
201806082100_1805_ce0db3d0.jpg,FALSE,2
201806090000_1805_69a55b7a.jpg,FALSE,2
201806090300_1805_4a4440b2.jpg,FALSE,2
201806090600_1805_fdde88c5.jpg,FALSE,3
201806090900_1805_6751e9b0.jpg,FALSE,3
201806091200_1805_b698c8de.jpg,FALSE,3
201806091500_1805_07fa3f87.jpg,FALSE,3
201806091800_1805_8fe422b1.jpg,FALSE,3
201806092100_1805_9b013048.jpg,FALSE,3
201806100000_1805_ddefdbb0.jpg,FALSE,3
201806100300_1805_42f42247.jpg,FALSE,3
201806100600_1805_b49c589e.jpg,FALSE,3
201806100900_1805_9a951895.jpg,FALSE,3
201806101200_1805_8d1727e0.jpg,FALSE,3
201806101500_1805_0a087288.jpg,FALSE,3
201806101800_1805_039970d9.jpg,FALSE,3
201806102100_1805_71f996a0.jpg,FALSE,3
201806110000_1805_fc95f71e.jpg,FALSE,3
201806110300_1805_c0344b06.jpg,FALSE,3
201806110600_1805_c52c147f.jpg,FALSE,3
201806110900_1805_6720ec6d.jpg,FALSE,3
201806110900_1805_927a3842.jpg,TRUE,
201806111200_1805_9d33544f.jpg,FALSE,3
201806111200_1805_7fc6c580.jpg,TRUE,
201806111500_1805_8c4f29ef.jpg,TRUE,
201806111800_1805_6978ae72.jpg,TRUE,
201806112100_1805_1206cc71.jpg,TRUE,
201806120000_1805_4e75b5d5.jpg,TRUE,
201806120300_1805_32768ca4.jpg,TRUE,
201806120600_1805_42c00835.jpg,TRUE,
201806120900_1805_cc6117fa.jpg,TRUE,
201806121200_1805_2348fe5a.jpg,TRUE,
201806121500_1805_8dcf820c.jpg,TRUE,
201806121800_1805_ae6b4fff.jpg,TRUE,
201806131200_1806_403e30c7.jpg,FALSE,1
201806131500_1806_771f04cc.jpg,FALSE,1
201806131800_1806_8cb8dd3c.jpg,FALSE,1
201806132100_1806_0b0d9f62.jpg,FALSE,1
201806140000_1806_14b31e11.jpg,FALSE,1
201806140300_1806_35b1a17b.jpg,FALSE,1
201806140600_1806_feb82f45.jpg,FALSE,1
201806140900_1806_7c292d1b.jpg,FALSE,1
201806141200_1806_ac85f556.jpg,FALSE,1
201806141500_1806_36c428fa.jpg,FALSE,1
201806141800_1806_121e1501.jpg,FALSE,1
201806142100_1806_50148ccd.jpg,FALSE,1
201806150000_1806_f25b8e4d.jpg,FALSE,2
201806150300_1806_0ae842fa.jpg,FALSE,2
201806150600_1806_8f5cb720.jpg,FALSE,2
201806150900_1806_c0bcd447.jpg,FALSE,2
201806151200_1806_0fb774b3.jpg,FALSE,2
201806151500_1806_73e190da.jpg,FALSE,2
201806151500_1806_5713d46c.jpg,TRUE,
201806151800_1806_7b807037.jpg,FALSE,2
201806151800_1806_f4a0db91.jpg,TRUE,
201806152100_1806_08c486e4.jpg,FALSE,2
201806152100_1806_68b35e77.jpg,TRUE,
201806160000_1806_345328d5.jpg,FALSE,2
201806160000_1806_15541dec.jpg,TRUE,
201806160300_1806_0c967269.jpg,FALSE,2
201806160300_1806_b26fad20.jpg,TRUE,
201806160600_1806_35a8f83f.jpg,FALSE,2
201806160600_1806_cf846cc3.jpg,TRUE,
201806160900_1806_90a9c89c.jpg,FALSE,2
201806160900_1806_7bd4fc03.jpg,TRUE,
201806161200_1806_67af786a.jpg,FALSE,2
201806161200_1806_ca4388bb.jpg,TRUE,
201806161500_1806_8d4696ec.jpg,FALSE,2
201806161500_1806_d3e67f6d.jpg,TRUE,
201806161800_1806_0c8acaaa.jpg,FALSE,2
201806161800_1806_022499e4.jpg,TRUE,
201806162100_1806_2a7cbcfa.jpg,TRUE,
201806170000_1806_943c9da5.jpg,TRUE,
201806170300_1806_21be31c2.jpg,TRUE,
201806170600_1806_3bb96507.jpg,TRUE,
201806170900_1806_25d2d061.jpg,TRUE,
201806171200_1806_30b3b87c.jpg,TRUE,
201806171500_1806_1cbd95e9.jpg,TRUE,
201806171800_1806_07860686.jpg,TRUE,
201806172100_1806_ef882d9c.jpg,TRUE,
201806180000_1806_89c91e89.jpg,TRUE,
201806180300_1806_e1124d93.jpg,TRUE,
201806180600_1806_c315a429.jpg,TRUE,
201806180900_1806_b1e9684c.jpg,TRUE,
201806181200_1806_144330d4.jpg,TRUE,
201806181500_1806_49354cca.jpg,TRUE,
201806181800_1806_a3131cf6.jpg,TRUE,
201806182100_1806_ab4a11be.jpg,TRUE,
201806190000_1806_5f178f16.jpg,TRUE,
201806190300_1806_9b0096dd.jpg,TRUE,
201806190600_1806_5a50ee30.jpg,TRUE,
201806190900_1806_d73a9deb.jpg,TRUE,
201806191200_1806_6587e11a.jpg,TRUE,
201806191500_1806_0f29ef30.jpg,TRUE,
201806191800_1806_2eeb81d4.jpg,TRUE,
201806192100_1806_51ffe64f.jpg,TRUE,
201806200000_1806_63e0bf6a.jpg,TRUE,
201806200300_1806_1ae6ebc7.jpg,TRUE,
201806200600_1806_4ba8c0b0.jpg,TRUE,
201806200900_1806_0bd34625.jpg,TRUE,
201806201200_1806_08957afa.jpg,TRUE,
201806201500_1806_914a13a5.jpg,TRUE,
201806201800_1806_0afbe9b3.jpg,TRUE,
201806202100_1806_d4e9368f.jpg,TRUE,
201806210000_1806_40a0b883.jpg,TRUE,
201806210300_1806_1747d8ae.jpg,TRUE,
201806210600_1806_f44e3830.jpg,TRUE,
201806210900_1806_f339e03d.jpg,TRUE,
201806211200_1806_27124cbe.jpg,TRUE,
201806280000_1807_d0de4253.jpg,FALSE,1
201806280300_1807_1b15620e.jpg,FALSE,1
201806280600_1807_219f8f81.jpg,FALSE,1
201806280900_1807_17800908.jpg,FALSE,1
201806281200_1807_df7b145e.jpg,FALSE,1
201806281500_1807_376eed58.jpg,FALSE,1
201806281800_1807_40384dcc.jpg,FALSE,1
201806282100_1807_da1d1eb0.jpg,FALSE,1
201806290000_1807_07b869e7.jpg,FALSE,2
201806290300_1807_2cdea388.jpg,FALSE,2
201806290600_1807_2365ce91.jpg,FALSE,2
201806290900_1807_a2231942.jpg,FALSE,2
201806291200_1807_6f50fe53.jpg,FALSE,2
201806291500_1807_ad98bd21.jpg,FALSE,2
201806291800_1807_5376edcd.jpg,FALSE,2
201806292100_1807_78db5615.jpg,FALSE,2
201806300000_1807_c5a70155.jpg,FALSE,2
201806300300_1807_cd870c5b.jpg,FALSE,2
201806300600_1807_82fe6bf8.jpg,FALSE,2
201806300900_1807_64281eb6.jpg,FALSE,2
201806301200_1807_c667ac36.jpg,FALSE,2
201806301500_1807_d9f9c7cf.jpg,FALSE,2
201806301800_1807_237ce713.jpg,FALSE,2
201806302100_1807_b5467b7a.jpg,FALSE,2
201807010000_1807_12a6d7e5.jpg,FALSE,3
201807010300_1807_25d378ff.jpg,FALSE,3
201807010600_1807_175abcea.jpg,FALSE,3
201807010900_1807_a807ad8a.jpg,FALSE,3
201807010900_1807_c0ca0c24.jpg,TRUE,
201807011200_1807_641456fb.jpg,FALSE,3
201807011200_1807_5fcf73a0.jpg,TRUE,
201807011500_1807_edf762e0.jpg,FALSE,3
201807011500_1807_9efc689a.jpg,TRUE,
201807011800_1807_2a81d29f.jpg,FALSE,3
201807011800_1807_e9b4da4f.jpg,TRUE,
201807012100_1807_12a8d316.jpg,FALSE,3
201807012100_1807_89c3561f.jpg,TRUE,
201807020000_1807_68fd6119.jpg,FALSE,4
201807020000_1807_64839712.jpg,TRUE,
201807020300_1807_a01cbefb.jpg,FALSE,4
201807020300_1807_5479eb34.jpg,TRUE,
201807020600_1807_96f630f4.jpg,FALSE,4
201807020600_1807_0e6c5506.jpg,TRUE,
201807020900_1807_d31aa6b7.jpg,FALSE,4
201807020900_1807_6d79f998.jpg,TRUE,
201807021200_1807_726601d4.jpg,FALSE,4
201807021200_1807_489e5022.jpg,TRUE,
201807021500_1807_30243c49.jpg,FALSE,4
201807021500_1807_e9d1a363.jpg,TRUE,
201807021800_1807_4469fb1c.jpg,FALSE,4
201807021800_1807_c3af840b.jpg,TRUE,
201807022100_1807_6211a138.jpg,FALSE,4
201807022100_1807_31bf7804.jpg,TRUE,
201807030000_1807_7a2e614b.jpg,FALSE,3
201807030000_1807_7e15ebde.jpg,TRUE,
201807030300_1807_83396dc1.jpg,FALSE,3
201807030300_1807_5f4e67bb.jpg,TRUE,
201807030600_1807_2b48c4ce.jpg,FALSE,3
201807030600_1807_610a1f86.jpg,TRUE,
201807030900_1807_08e51431.jpg,FALSE,3
201807030900_1807_66b16e6a.jpg,TRUE,
201807031200_1807_b7b8476e.jpg,FALSE,3
201807031200_1807_73a7ebfe.jpg,TRUE,
201807031500_1807_13391289.jpg,FALSE,3
201807031500_1807_42a23cf0.jpg,TRUE,
201807031800_1807_bf77f398.jpg,FALSE,3
201807031800_1807_2982e738.jpg,TRUE,
201807032100_1807_3c9068d9.jpg,FALSE,3
201807032100_1807_8bce632b.jpg,TRUE,
201807040000_1807_2e836817.jpg,FALSE,2
201807040000_1807_2ecac2f8.jpg,TRUE,
201807040300_1807_5247cfdb.jpg,TRUE,
201807040600_1807_7d813c07.jpg,TRUE,
201807040900_1807_3ec9611f.jpg,TRUE,
201807041200_1807_f0a5d8bf.jpg,TRUE,
201807041500_1807_1016051a.jpg,TRUE,
201807041800_1807_8b0c1c73.jpg,TRUE,
201807042100_1807_c28427bc.jpg,TRUE,
201807050000_1807_429cea0a.jpg,TRUE,
201807050300_1807_1fa1002f.jpg,TRUE,
201807050600_1807_5fcb3db0.jpg,TRUE,
201807030000_1808_87829ff2.jpg,FALSE,1
201807030000_1808_18db18ba.jpg,TRUE,
201807030300_1808_0468eb5b.jpg,FALSE,1
201807030300_1808_daf68631.jpg,TRUE,
201807030600_1808_f375ef75.jpg,FALSE,1
201807030600_1808_e1a5cc5d.jpg,TRUE,
201807030900_1808_91613ff7.jpg,FALSE,1
201807030900_1808_23271056.jpg,TRUE,
201807031200_1808_0dc783d5.jpg,FALSE,1
201807031200_1808_cf90ddf3.jpg,TRUE,
201807031500_1808_52a5a784.jpg,FALSE,1
201807031500_1808_ceb0d411.jpg,TRUE,
201807031800_1808_91fa6879.jpg,FALSE,1
201807031800_1808_7248f2dc.jpg,TRUE,
201807032100_1808_19941e9c.jpg,FALSE,1
201807032100_1808_43557220.jpg,TRUE,
201807040000_1808_58862fea.jpg,FALSE,1
201807040000_1808_06972296.jpg,TRUE,
201807040300_1808_7d2de971.jpg,FALSE,1
201807040300_1808_a6978cde.jpg,TRUE,
201807040600_1808_5d15e07a.jpg,FALSE,1
201807040600_1808_a4efdc47.jpg,TRUE,
201807040900_1808_64d3ac65.jpg,FALSE,1
201807040900_1808_058dfc44.jpg,TRUE,
201807041200_1808_6e2033fe.jpg,FALSE,2
201807041200_1808_3f1af9c2.jpg,TRUE,
201807041500_1808_77562d05.jpg,FALSE,2
201807041500_1808_8d23f8c1.jpg,TRUE,
201807041800_1808_f93e59a8.jpg,FALSE,2
201807041800_1808_2c70fba6.jpg,TRUE,
201807042100_1808_cf007796.jpg,FALSE,2
201807042100_1808_bdc83697.jpg,TRUE,
201807050000_1808_e5ffc20e.jpg,FALSE,3
201807050000_1808_b94fd506.jpg,TRUE,
201807050300_1808_f8d8a1c7.jpg,FALSE,3
201807050300_1808_487d77b0.jpg,TRUE,
201807050600_1808_fc1318f8.jpg,FALSE,3
201807050600_1808_97d839e5.jpg,TRUE,
201807050900_1808_6d3fdae0.jpg,FALSE,3
201807050900_1808_5f93fa8f.jpg,TRUE,
201807051200_1808_ebed17a4.jpg,FALSE,4
201807051200_1808_98dbfc3c.jpg,TRUE,
201807051500_1808_cfe057e4.jpg,FALSE,4
201807051500_1808_6bd81e10.jpg,TRUE,
201807051800_1808_0d710f29.jpg,FALSE,4
201807051800_1808_1a888c2a.jpg,TRUE,
201807052100_1808_87077a4f.jpg,FALSE,4
201807052100_1808_535c0e64.jpg,TRUE,
201807060000_1808_3643f555.jpg,FALSE,4
201807060000_1808_6ef3110b.jpg,TRUE,
201807060300_1808_192a7f91.jpg,FALSE,4
201807060300_1808_c7cd5d01.jpg,TRUE,
201807060600_1808_81d25040.jpg,FALSE,4
201807060600_1808_94a55793.jpg,TRUE,
201807060900_1808_68c9a5b4.jpg,FALSE,4
201807060900_1808_882bdbf6.jpg,TRUE,
201807061200_1808_51788034.jpg,FALSE,4
201807061200_1808_44827d8a.jpg,TRUE,
201807061500_1808_3a5e3b34.jpg,FALSE,4
201807061500_1808_602e1918.jpg,TRUE,
201807061800_1808_fb4df191.jpg,FALSE,4
201807061800_1808_3551c5fc.jpg,TRUE,
201807062100_1808_4e553b98.jpg,FALSE,4
201807062100_1808_c04352f3.jpg,TRUE,
201807070000_1808_55ed3cac.jpg,FALSE,4
201807070000_1808_819f9fb0.jpg,TRUE,
201807070300_1808_8a23ac58.jpg,FALSE,4
201807070300_1808_93d9f5df.jpg,TRUE,
201807070600_1808_cf202dff.jpg,FALSE,4
201807070600_1808_a9adb9ee.jpg,TRUE,
201807070900_1808_09268e45.jpg,FALSE,4
201807070900_1808_6e98e3fa.jpg,TRUE,
201807071200_1808_c55a6b52.jpg,FALSE,4
201807071200_1808_bd6cd40c.jpg,TRUE,
201807071500_1808_9cde56cb.jpg,FALSE,4
201807071500_1808_6c568d33.jpg,TRUE,
201807071800_1808_f8d0d918.jpg,FALSE,4
201807071800_1808_be58f55f.jpg,TRUE,
201807072100_1808_cdf9a5d0.jpg,FALSE,4
201807072100_1808_b0649e1c.jpg,TRUE,
201807080000_1808_27a8f868.jpg,FALSE,4
201807080000_1808_68f2a980.jpg,TRUE,
201807080300_1808_ab93d8c0.jpg,FALSE,4
201807080300_1808_085282f5.jpg,TRUE,
201807080600_1808_53170c63.jpg,FALSE,4
201807080900_1808_2fdd1d43.jpg,FALSE,4
201807081200_1808_cc3cf1cc.jpg,FALSE,4
201807081500_1808_2987221a.jpg,FALSE,4
201807081800_1808_634f77c9.jpg,FALSE,4
201807082100_1808_a08d392d.jpg,FALSE,4
201807090000_1808_09014969.jpg,FALSE,4
201807090300_1808_6b486a61.jpg,FALSE,4
201807090600_1808_c16cc0b8.jpg,FALSE,4
201807090900_1808_214d33f5.jpg,FALSE,4
201807091200_1808_ab015799.jpg,FALSE,4
201807091500_1808_5d3445aa.jpg,FALSE,4
201807091800_1808_4e50766e.jpg,FALSE,4
201807092100_1808_85e52adc.jpg,FALSE,4
201807100000_1808_e8f3d241.jpg,FALSE,4
201807100300_1808_9d4b9c7a.jpg,FALSE,4
201807100600_1808_e11fd6ec.jpg,FALSE,4
201807100900_1808_84a049d8.jpg,FALSE,4
201807100900_1808_477c1baf.jpg,TRUE,
201807101200_1808_0c3959e6.jpg,FALSE,4
201807101200_1808_bcb613a6.jpg,TRUE,
201807101500_1808_293b05bf.jpg,FALSE,4
201807101500_1808_53f94b98.jpg,TRUE,
201807101800_1808_95c5d1ab.jpg,FALSE,4
201807101800_1808_8976b62a.jpg,TRUE,
201807102100_1808_c728ed3f.jpg,FALSE,4
201807102100_1808_8564c3bc.jpg,TRUE,
201807110000_1808_47b73c5f.jpg,FALSE,4
201807110000_1808_2570fa71.jpg,TRUE,
201807110300_1808_58d49e73.jpg,FALSE,4
201807110300_1808_0d7d7e49.jpg,TRUE,
201807110600_1808_08a10229.jpg,FALSE,4
201807110600_1808_7df7205d.jpg,TRUE,
201807110900_1808_cdef2c0b.jpg,FALSE,4
201807110900_1808_5aaa90ae.jpg,TRUE,
201807111200_1808_ce7b064b.jpg,FALSE,2
201807111200_1808_81907998.jpg,TRUE,
201807111500_1808_268eb244.jpg,FALSE,2
201807111500_1808_d13b4315.jpg,TRUE,
201807111800_1808_d541116f.jpg,FALSE,1
201807111800_1808_2ca96e63.jpg,TRUE,
201807112100_1808_c379aeb0.jpg,FALSE,1
201807112100_1808_e0ff2a38.jpg,TRUE,
201807120000_1808_3748322e.jpg,FALSE,1
201807120000_1808_8f35ddeb.jpg,TRUE,
201807120300_1808_7cfecb36.jpg,FALSE,1
201807120300_1808_ae1326fa.jpg,TRUE,
201807120600_1808_bb5d46af.jpg,FALSE,1
201807120600_1808_f0227f3e.jpg,TRUE,
201807120900_1808_79cafd04.jpg,FALSE,1
201807120900_1808_a74329af.jpg,TRUE,
201807121200_1808_37e27f38.jpg,FALSE,1
201807121200_1808_2b53c97a.jpg,TRUE,
201807121500_1808_52e315a5.jpg,FALSE,1
201807121500_1808_22ff9cc1.jpg,TRUE,
201807121800_1808_86d57ec8.jpg,FALSE,1
201807121800_1808_deeb040d.jpg,TRUE,
201807160000_1809_79094762.jpg,FALSE,1
201807160300_1809_264843f6.jpg,FALSE,1
201807160600_1809_d33abfbc.jpg,FALSE,1
201807160900_1809_cc13c5ba.jpg,FALSE,1
201807161200_1809_4feda564.jpg,FALSE,1
201807161500_1809_15f793ca.jpg,FALSE,1
201807161800_1809_eac45d77.jpg,FALSE,1
201807162100_1809_7ec00de4.jpg,FALSE,1
201807170000_1809_bbc1fd0f.jpg,FALSE,2
201807170300_1809_406f0817.jpg,FALSE,2
201807170600_1809_3e5da20c.jpg,FALSE,2
201807170900_1809_2739c87c.jpg,FALSE,2
201807171200_1809_f0ece354.jpg,FALSE,2
201807171500_1809_abd0f6b3.jpg,FALSE,2
201807171800_1809_29952f1b.jpg,FALSE,2
201807172100_1809_b79984de.jpg,FALSE,2
201807180000_1809_623ad9f5.jpg,FALSE,2
201807180300_1809_d8cd2a93.jpg,FALSE,2
201807180600_1809_ad0c35aa.jpg,FALSE,2
201807180900_1809_6b66a30f.jpg,FALSE,2
201807181200_1809_735d857c.jpg,FALSE,2
201807181500_1809_0ffbe2ee.jpg,FALSE,2
201807181800_1809_0675105f.jpg,FALSE,2
201807182100_1809_340b3ec3.jpg,FALSE,2
201807190000_1809_6f6fc5d8.jpg,FALSE,1
201807190300_1809_23cf0863.jpg,FALSE,1
201807190600_1809_8d5ed18e.jpg,FALSE,1
201807190900_1809_09a6d64d.jpg,FALSE,1
201807191200_1809_29c8d869.jpg,FALSE,1
201807191500_1809_51120988.jpg,FALSE,1
201807191800_1809_e1e15cb4.jpg,FALSE,1
201807192100_1809_d2e625ca.jpg,FALSE,1
201807200000_1809_ca1a7980.jpg,FALSE,1
201807200300_1809_356bc90e.jpg,FALSE,1
201807200600_1809_60b119b9.jpg,FALSE,1
201807200900_1809_f895aa5f.jpg,FALSE,1
201807201200_1809_4616e0a4.jpg,FALSE,1
201807201500_1809_1230a66b.jpg,FALSE,1
201807201800_1809_ce1c6ee4.jpg,FALSE,1
201807202100_1809_d688180a.jpg,FALSE,1
201807210000_1809_849b0d9e.jpg,FALSE,1
201807210300_1809_763a9d68.jpg,FALSE,1
201807210600_1809_77b31a55.jpg,FALSE,1
201807210900_1809_a37dcb1b.jpg,FALSE,1
201807211200_1809_fe8b1c0a.jpg,FALSE,1
201807211500_1809_f2fa3d83.jpg,FALSE,1
201807211800_1809_0a98e5a0.jpg,FALSE,1
201807212100_1809_7637ce98.jpg,FALSE,1
201807220000_1809_6743d754.jpg,FALSE,1
201807220300_1809_2888862e.jpg,FALSE,1
201807220600_1809_bf0a3476.jpg,FALSE,1
201807220900_1809_35a092d6.jpg,FALSE,1
201807221200_1809_20c53ad8.jpg,FALSE,1
201807221500_1809_6964bec8.jpg,FALSE,1
201807221800_1809_88bc4883.jpg,FALSE,1
201807222100_1809_5a63d619.jpg,FALSE,1
201807230000_1809_7336f2b8.jpg,FALSE,1
201807230300_1809_275ea237.jpg,FALSE,1
201807230600_1809_26a8a969.jpg,FALSE,1
201807230900_1809_a5955b84.jpg,FALSE,1
201807231200_1809_7f953884.jpg,FALSE,1
201807231500_1809_743fcb0e.jpg,FALSE,1
201807231800_1809_8dc83827.jpg,FALSE,1
201807232100_1809_fc9b29b9.jpg,FALSE,1
201807240000_1809_22fdcfb0.jpg,FALSE,1
201807240300_1809_d5ba1e4a.jpg,FALSE,1
201807240600_1809_fca315db.jpg,FALSE,1
201807240900_1809_4594dc99.jpg,FALSE,1
201807241200_1809_e14848e0.jpg,FALSE,1
201807241500_1809_87b6cdbf.jpg,FALSE,1
201807241800_1809_9898bbb6.jpg,FALSE,1
201807171200_1810_d4288bfb.jpg,FALSE,1
201807171500_1810_140a9420.jpg,FALSE,1
201807171800_1810_d92232b1.jpg,FALSE,1
201807172100_1810_db614322.jpg,FALSE,1
201807180000_1810_3a3311e7.jpg,FALSE,1
201807180300_1810_d0b9523b.jpg,FALSE,1
201807180600_1810_38a5fb12.jpg,FALSE,1
201807180900_1810_01d41682.jpg,FALSE,1
201807181200_1810_e1fec00b.jpg,FALSE,2
201807181500_1810_a83303b9.jpg,FALSE,2
201807181800_1810_4cf95798.jpg,FALSE,2
201807182100_1810_ff355289.jpg,FALSE,2
201807190000_1810_79a2e73f.jpg,FALSE,2
201807190300_1810_bdfe818c.jpg,FALSE,2
201807190600_1810_486a8825.jpg,FALSE,2
201807190900_1810_6847c7f8.jpg,FALSE,2
201807191200_1810_0a23c11a.jpg,FALSE,2
201807191500_1810_befc003d.jpg,FALSE,2
201807191800_1810_99abd3e0.jpg,FALSE,3
201807192100_1810_111e6e0b.jpg,FALSE,3
201807200000_1810_964b89a5.jpg,FALSE,3
201807200300_1810_08eb806b.jpg,FALSE,3
201807200600_1810_e234cde1.jpg,FALSE,3
201807200900_1810_c17a184f.jpg,FALSE,3
201807201200_1810_ccb89ed2.jpg,FALSE,3
201807201500_1810_3e2d61d0.jpg,FALSE,3
201807201800_1810_9ee826be.jpg,FALSE,3
201807202100_1810_babec578.jpg,FALSE,3
201807210000_1810_9222746b.jpg,FALSE,3
201807210300_1810_ff93ddb3.jpg,FALSE,3
201807210600_1810_8c90726a.jpg,FALSE,3
201807210900_1810_de7e5d83.jpg,FALSE,3
201807211200_1810_594336de.jpg,FALSE,3
201807211500_1810_fe2c2afd.jpg,FALSE,3
201807211800_1810_98e3c66d.jpg,FALSE,3
201807212100_1810_dcf16945.jpg,FALSE,3
201807220000_1810_989aaf22.jpg,FALSE,2
201807220300_1810_3d21905d.jpg,FALSE,2
201807220600_1810_b58ea040.jpg,FALSE,2
201807220900_1810_e1e81cd8.jpg,FALSE,2
201807221200_1810_301decee.jpg,FALSE,2
201807221500_1810_d7ba4c9a.jpg,FALSE,2
201807221800_1810_2e321cce.jpg,FALSE,2
201807222100_1810_5d646628.jpg,FALSE,2
201807230000_1810_7036950b.jpg,FALSE,2
201807230300_1810_a5f53e31.jpg,FALSE,2
201807230600_1810_b1a48943.jpg,FALSE,2
201807230900_1810_a5c797ca.jpg,FALSE,2
201807231200_1810_bb4ebc1e.jpg,FALSE,1
201807231500_1810_adea7c0d.jpg,FALSE,1
201807231800_1810_a559f208.jpg,FALSE,1
201807232100_1810_a3d71999.jpg,FALSE,1
201807240000_1810_526ce3ab.jpg,FALSE,1
201807240300_1810_e7832758.jpg,FALSE,1
201807240600_1810_28b1e6b0.jpg,FALSE,1
201807240900_1810_7f4b873d.jpg,FALSE,1
201807241200_1810_433d34bc.jpg,FALSE,1
201807241500_1810_946601d1.jpg,FALSE,1
201807241800_1810_659d1daf.jpg,FALSE,1
201807260000_1810_88d3a749.jpg,TRUE,
201807260300_1810_5c8095c1.jpg,TRUE,
201807260600_1810_992ba2fd.jpg,TRUE,
201807220000_1811_ab4ab0a0.jpg,FALSE,1
201807220300_1811_48d93cd3.jpg,FALSE,1
201807220600_1811_f190e175.jpg,FALSE,1
201807220900_1811_699ec2ac.jpg,FALSE,1
201807221200_1811_aec9cfc5.jpg,FALSE,1
201807221500_1811_83a4a4ea.jpg,FALSE,1
201807221800_1811_b80b1c11.jpg,FALSE,1
201807222100_1811_43c705a5.jpg,FALSE,1
201807230000_1811_71cf22da.jpg,FALSE,1
201807230300_1811_96959482.jpg,FALSE,1
201807230600_1811_cc1e0830.jpg,FALSE,1
201807230900_1811_a1194a07.jpg,FALSE,1
201807231200_1811_665b70a7.jpg,FALSE,2
201807231500_1811_411c0233.jpg,FALSE,2
201807231800_1811_e42a1a3d.jpg,FALSE,2
201807232100_1811_a03be569.jpg,FALSE,2
201807240000_1811_1f7633b2.jpg,FALSE,2
201807240300_1811_33f60cab.jpg,FALSE,2
201807240600_1811_038b6ad5.jpg,FALSE,2
201807240900_1811_adf704cd.jpg,FALSE,2
201807241200_1811_bff7afda.jpg,FALSE,2
201807241500_1811_b08ee1c2.jpg,FALSE,2
201807241800_1811_d4d216f5.jpg,FALSE,2
201807242100_1811_9dfb1066.jpg,FALSE,2
201807250000_1811_1b56e96c.jpg,FALSE,3
201807250300_1811_d0f809cb.jpg,FALSE,3
201807250600_1811_5300ba20.jpg,FALSE,3
201807250900_1811_47ffbdd6.jpg,FALSE,3
201807251200_1811_12d34e8e.jpg,FALSE,3
201807251500_1811_b667dcfa.jpg,FALSE,3
201807251800_1811_58acc7d8.jpg,FALSE,2
201807252100_1811_5a158087.jpg,FALSE,2
201807260000_1811_d3852860.jpg,FALSE,2
201807260000_1811_22b9de1e.jpg,TRUE,
201807260300_1811_897b6fb2.jpg,FALSE,2
201807260300_1811_aed093eb.jpg,TRUE,
201807260600_1811_4f5d1bdb.jpg,FALSE,2
201807260600_1811_7d75b6e5.jpg,TRUE,
201807260900_1811_82167a58.jpg,FALSE,2
201807260900_1811_f32dd278.jpg,TRUE,
201807261200_1811_141044ab.jpg,FALSE,2
201807261200_1811_f8b9c62d.jpg,TRUE,
201807261500_1811_1641880f.jpg,FALSE,2
201807261500_1811_60256517.jpg,TRUE,
201807261800_1811_c015e84e.jpg,FALSE,2
201807261800_1811_c27c2cf9.jpg,TRUE,
201807262100_1811_f9e77eb6.jpg,TRUE,
201807270000_1811_f3f09e2b.jpg,TRUE,
201807270300_1811_e48c1996.jpg,TRUE,
201807270600_1811_13257533.jpg,TRUE,
201807270900_1811_66beec74.jpg,TRUE,
201807271200_1811_431e9ec1.jpg,TRUE,
201807231800_1812_eda54e48.jpg,FALSE,1
201807232100_1812_84e90993.jpg,FALSE,1
201807240000_1812_84c11289.jpg,FALSE,1
201807240300_1812_5a6664bc.jpg,FALSE,1
201807240600_1812_b10320ab.jpg,FALSE,1
201807240900_1812_96f9c68f.jpg,FALSE,1
201807241200_1812_6a699827.jpg,FALSE,2
201807241500_1812_5a600d88.jpg,FALSE,2
201807241800_1812_735806e7.jpg,FALSE,2
201807242100_1812_56e150e3.jpg,FALSE,2
201807250000_1812_118d1b85.jpg,FALSE,2
201807250300_1812_171723b7.jpg,FALSE,2
201807250600_1812_73f94f9d.jpg,FALSE,2
201807250900_1812_5b988ff8.jpg,FALSE,2
201807251200_1812_33aa594a.jpg,FALSE,3
201807251500_1812_e3a59ede.jpg,FALSE,3
201807251800_1812_bc2f83fd.jpg,FALSE,3
201807252100_1812_82d12c11.jpg,FALSE,3
201807260000_1812_9a70c95d.jpg,FALSE,3
201807260000_1812_a77d9ff8.jpg,TRUE,
201807260300_1812_541ff0c7.jpg,FALSE,3
201807260300_1812_a2bd50a6.jpg,TRUE,
201807260600_1812_2f89bf78.jpg,FALSE,3
201807260600_1812_06a8d49f.jpg,TRUE,
201807260900_1812_f91f845b.jpg,FALSE,3
201807260900_1812_ca501a4b.jpg,TRUE,
201807261200_1812_85f6b365.jpg,FALSE,3
201807261200_1812_9a93561e.jpg,TRUE,
201807261500_1812_d215c34c.jpg,FALSE,3
201807261500_1812_633b87ae.jpg,TRUE,
201807261800_1812_115935a8.jpg,FALSE,4
201807261800_1812_3d273bbc.jpg,TRUE,
201807262100_1812_5535c603.jpg,FALSE,4
201807262100_1812_a2c4a233.jpg,TRUE,
201807270000_1812_12c446e3.jpg,FALSE,4
201807270000_1812_933adebd.jpg,TRUE,
201807270300_1812_0d0cbcdf.jpg,FALSE,4
201807270300_1812_e1397630.jpg,TRUE,
201807270600_1812_9c0499ac.jpg,FALSE,4
201807270600_1812_fb32f51e.jpg,TRUE,
201807270900_1812_79436806.jpg,FALSE,4
201807270900_1812_32c463ac.jpg,TRUE,
201807271200_1812_efdda985.jpg,FALSE,4
201807271200_1812_53e1dbc8.jpg,TRUE,
201807271500_1812_3de5f91b.jpg,FALSE,4
201807271500_1812_159d6048.jpg,TRUE,
201807271800_1812_04eaf80f.jpg,FALSE,4
201807271800_1812_f3803157.jpg,TRUE,
201807272100_1812_f983371d.jpg,FALSE,4
201807272100_1812_913580fc.jpg,TRUE,
201807280000_1812_d9e4a2f0.jpg,FALSE,4
201807280000_1812_e7a92e4d.jpg,TRUE,
201807280300_1812_21a07916.jpg,FALSE,4
201807280300_1812_64507110.jpg,TRUE,
201807280600_1812_6df070dc.jpg,FALSE,4
201807280600_1812_4a855bb3.jpg,TRUE,
201807280900_1812_436bcd72.jpg,FALSE,4
201807280900_1812_5c47307e.jpg,TRUE,
201807281200_1812_9e62f299.jpg,FALSE,4
201807281200_1812_8a3db4e1.jpg,TRUE,
201807281500_1812_a31cbdb0.jpg,FALSE,4
201807281500_1812_0d6af1ed.jpg,TRUE,
201807281800_1812_7e0e83dd.jpg,FALSE,3
201807281800_1812_c54dd3c9.jpg,TRUE,
201807282100_1812_208d9a81.jpg,FALSE,3
201807282100_1812_b6d24531.jpg,TRUE,
201807290000_1812_cdc3fd2c.jpg,FALSE,2
201807290000_1812_79852998.jpg,TRUE,
201807290300_1812_ea90fd02.jpg,FALSE,2
201807290300_1812_18d9bd04.jpg,TRUE,
201807290600_1812_7f8d7a6d.jpg,FALSE,2
201807290600_1812_90471168.jpg,TRUE,
201807290900_1812_88ce6f1b.jpg,FALSE,2
201807290900_1812_dacc74c5.jpg,TRUE,
201807291200_1812_7627575f.jpg,FALSE,2
201807291200_1812_37831118.jpg,TRUE,
201807291500_1812_c8a47e51.jpg,FALSE,2
201807291500_1812_1e28a12d.jpg,TRUE,
201807291800_1812_969964dc.jpg,FALSE,2
201807291800_1812_ec81629f.jpg,TRUE,
201807292100_1812_3b3f832e.jpg,FALSE,2
201807292100_1812_8492ae79.jpg,TRUE,
201807300000_1812_7800accd.jpg,FALSE,2
201807300000_1812_f4603006.jpg,TRUE,
201807300300_1812_fcaf5385.jpg,FALSE,2
201807300300_1812_5755909f.jpg,TRUE,
201807300600_1812_388c7f79.jpg,FALSE,2
201807300600_1812_a51041ac.jpg,TRUE,
201807300900_1812_1aea7025.jpg,FALSE,2
201807300900_1812_0ef22599.jpg,TRUE,
201807301200_1812_c6633978.jpg,FALSE,1
201807301200_1812_2c8fb321.jpg,TRUE,
201807301500_1812_ccb0d4b6.jpg,FALSE,1
201807301500_1812_02f5a2cb.jpg,TRUE,
201807301800_1812_211b2599.jpg,FALSE,1
201807301800_1812_26c3f10e.jpg,TRUE,
201807302100_1812_95674bdf.jpg,FALSE,1
201807302100_1812_4b00b6d6.jpg,TRUE,
201807310000_1812_6218f616.jpg,FALSE,2
201807310000_1812_42140800.jpg,TRUE,
201807310300_1812_8bef9ecf.jpg,FALSE,2
201807310300_1812_1333fff4.jpg,TRUE,
201807310600_1812_5b1a54f8.jpg,FALSE,2
201807310600_1812_a8db5180.jpg,TRUE,
201807310900_1812_e7e20b90.jpg,FALSE,2
201807310900_1812_d59e8892.jpg,TRUE,
201807311200_1812_564789e1.jpg,FALSE,2
201807311200_1812_0c65c455.jpg,TRUE,
201807311500_1812_8bfd03be.jpg,FALSE,2
201807311500_1812_5a922ad5.jpg,TRUE,
201807311800_1812_9df02fed.jpg,FALSE,2
201807311800_1812_66a326d7.jpg,TRUE,
201807312100_1812_e11c84a1.jpg,FALSE,2
201807312100_1812_aeb6de35.jpg,TRUE,
201808010000_1812_3588008e.jpg,FALSE,2
201808010000_1812_82c5d71b.jpg,TRUE,
201808010300_1812_f6ae335a.jpg,FALSE,2
201808010300_1812_5e38ab11.jpg,TRUE,
201808010600_1812_36a74448.jpg,FALSE,2
201808010600_1812_79df0d84.jpg,TRUE,
201808010900_1812_325941bd.jpg,FALSE,2
201808010900_1812_a593f74b.jpg,TRUE,
201808011200_1812_94e59e05.jpg,FALSE,2
201808011200_1812_8a505e6c.jpg,TRUE,
201808011500_1812_14894832.jpg,FALSE,2
201808011500_1812_d2ed5744.jpg,TRUE,
201808011800_1812_6f14684e.jpg,FALSE,2
201808011800_1812_75aa2d75.jpg,TRUE,
201808012100_1812_621a8546.jpg,FALSE,2
201808012100_1812_31db9bff.jpg,TRUE,
201808020000_1812_ed75c7f9.jpg,FALSE,2
201808020000_1812_68e01843.jpg,TRUE,
201808020300_1812_39505879.jpg,FALSE,2
201808020300_1812_a162ae5c.jpg,TRUE,
201808020600_1812_399720f0.jpg,FALSE,2
201808020600_1812_04fcb384.jpg,TRUE,
201808020900_1812_ef3705fe.jpg,FALSE,2
201808020900_1812_c806cf2e.jpg,TRUE,
201808021200_1812_55002884.jpg,FALSE,2
201808021200_1812_e99e569b.jpg,TRUE,
201808021500_1812_a1355bfb.jpg,FALSE,2
201808021500_1812_fe7a33a4.jpg,TRUE,
201808021800_1812_f31a426e.jpg,FALSE,2
201808021800_1812_545ba570.jpg,TRUE,
201808022100_1812_24740e02.jpg,FALSE,2
201808022100_1812_9ba8a54b.jpg,TRUE,
201808030000_1812_a3a61b64.jpg,FALSE,1
201808030000_1812_e3a2451c.jpg,TRUE,
201808030300_1812_603aefbb.jpg,FALSE,1
201808030300_1812_6c55d703.jpg,TRUE,
201808030600_1812_ac6b01e9.jpg,FALSE,1
201808030600_1812_24ad8a0e.jpg,TRUE,
201808030900_1812_01f4bac5.jpg,FALSE,1
201808030900_1812_6ff9905c.jpg,TRUE,
201808031200_1812_bf71e869.jpg,FALSE,1
201808031200_1812_c013f242.jpg,TRUE,
201808031500_1812_46694899.jpg,FALSE,1
201808031500_1812_a2b214f6.jpg,TRUE,
201808031800_1812_1137a3ba.jpg,FALSE,1
201808031800_1812_ca4795ec.jpg,TRUE,
201808032100_1812_3abc7da9.jpg,FALSE,1
201808032100_1812_bde4eb10.jpg,TRUE,
201808040000_1812_02243d7b.jpg,FALSE,1
201808040000_1812_6fea5b1c.jpg,TRUE,
201808040300_1812_1bf045ad.jpg,FALSE,1
201808040300_1812_ec7bcaff.jpg,TRUE,
201808040600_1812_3176479e.jpg,FALSE,1
201808040600_1812_00b893d8.jpg,TRUE,
201808040900_1812_be3d0ec5.jpg,FALSE,1
201808040900_1812_a8b5243e.jpg,TRUE,
201808041200_1812_55e35c35.jpg,FALSE,1
201808041200_1812_ff45648f.jpg,TRUE,
201808020600_1813_047c4308.jpg,FALSE,1
201808020600_1813_798a281b.jpg,TRUE,
201808020900_1813_a098abae.jpg,FALSE,1
201808020900_1813_dcad8684.jpg,TRUE,
201808021200_1813_eedb7a8d.jpg,FALSE,1
201808021200_1813_b1d47e2e.jpg,TRUE,
201808021500_1813_04d36a38.jpg,FALSE,1
201808021500_1813_696fb6c4.jpg,TRUE,
201808021800_1813_eb602657.jpg,FALSE,1
201808021800_1813_8f7b330d.jpg,TRUE,
201808022100_1813_bfe8caf1.jpg,FALSE,1
201808022100_1813_09fcdb5b.jpg,TRUE,
201808030000_1813_09932ae5.jpg,FALSE,2
201808030000_1813_22e25b8f.jpg,TRUE,
201808030300_1813_91f53e21.jpg,FALSE,2
201808030300_1813_523c8df2.jpg,TRUE,
201808030600_1813_887d6f0c.jpg,FALSE,2
201808030600_1813_723b144c.jpg,TRUE,
201808030900_1813_18c9acdf.jpg,FALSE,2
201808030900_1813_2d9bff86.jpg,TRUE,
201808031200_1813_084ed594.jpg,FALSE,3
201808031200_1813_3841a5fd.jpg,TRUE,
201808031500_1813_40873940.jpg,FALSE,3
201808031500_1813_3d1a6f2e.jpg,TRUE,
201808031800_1813_90c7c970.jpg,FALSE,3
201808031800_1813_2c4c5a2d.jpg,TRUE,
201808032100_1813_497e75c1.jpg,FALSE,3
201808032100_1813_6a9a0e4c.jpg,TRUE,
201808040000_1813_dfffe079.jpg,FALSE,3
201808040000_1813_b26b1c3e.jpg,TRUE,
201808040300_1813_288388d4.jpg,FALSE,3
201808040300_1813_bf6bbab2.jpg,TRUE,
201808040600_1813_06b8f093.jpg,FALSE,4
201808040600_1813_63174d6e.jpg,TRUE,
201808040900_1813_0b07615c.jpg,FALSE,4
201808040900_1813_fa6dd1b6.jpg,TRUE,
201808041200_1813_a50e8ea6.jpg,FALSE,4
201808041200_1813_cafbcaa1.jpg,TRUE,
201808041500_1813_3c354861.jpg,FALSE,4
201808041500_1813_519aba8b.jpg,TRUE,
201808041800_1813_df039460.jpg,FALSE,4
201808041800_1813_98c184a8.jpg,TRUE,
201808042100_1813_bc1a1fc0.jpg,FALSE,4
201808042100_1813_b4586568.jpg,TRUE,
201808050000_1813_12e65ffc.jpg,FALSE,4
201808050000_1813_f96f2067.jpg,TRUE,
201808050300_1813_bffce0d5.jpg,FALSE,4
201808050300_1813_0304f146.jpg,TRUE,
201808050600_1813_cff1c2f5.jpg,FALSE,4
201808050600_1813_cfb1a149.jpg,TRUE,
201808050900_1813_a5861a10.jpg,FALSE,4
201808050900_1813_2d073335.jpg,TRUE,
201808051200_1813_82c89c71.jpg,FALSE,4
201808051200_1813_d3a65566.jpg,TRUE,
201808051500_1813_95ddc05a.jpg,FALSE,4
201808051500_1813_a37eb7d2.jpg,TRUE,
201808051800_1813_2d1a8c75.jpg,FALSE,4
201808051800_1813_28aba82d.jpg,TRUE,
201808052100_1813_ea325335.jpg,FALSE,4
201808052100_1813_22d255e3.jpg,TRUE,
201808060000_1813_fd82759a.jpg,FALSE,4
201808060300_1813_47672c03.jpg,FALSE,4
201808060600_1813_414b59ea.jpg,FALSE,4
201808060900_1813_edfa5e2f.jpg,FALSE,4
201808061200_1813_3c513a32.jpg,FALSE,4
201808061500_1813_ee0d5b85.jpg,FALSE,4
201808061800_1813_29f0e7a3.jpg,FALSE,4
201808062100_1813_edb713b9.jpg,FALSE,4
201808070000_1813_f2144d07.jpg,FALSE,4
201808070300_1813_7925058e.jpg,FALSE,4
201808070600_1813_12ca71db.jpg,FALSE,4
201808070900_1813_db1ba115.jpg,FALSE,4
201808071200_1813_215d2136.jpg,FALSE,4
201808071500_1813_ccf1431a.jpg,FALSE,4
201808071800_1813_1d0acd6e.jpg,FALSE,4
201808072100_1813_229c4d24.jpg,FALSE,4
201808080000_1813_7b293e0d.jpg,FALSE,4
201808080300_1813_3397e4fd.jpg,FALSE,4
201808080600_1813_092b1714.jpg,FALSE,4
201808080900_1813_6c82cb90.jpg,FALSE,4
201808081200_1813_f639ecfb.jpg,FALSE,4
201808081500_1813_7d8c3c96.jpg,FALSE,4
201808081800_1813_7bb49366.jpg,FALSE,4
201808082100_1813_6f8a8a31.jpg,FALSE,4
201808090000_1813_4ef8d443.jpg,FALSE,3
201808090300_1813_eaf8179f.jpg,FALSE,3
201808090600_1813_d53621b8.jpg,FALSE,3
201808090900_1813_2267bf9b.jpg,FALSE,3
201808091200_1813_40df9be1.jpg,FALSE,3
201808091500_1813_432dbf98.jpg,FALSE,3
201808091800_1813_3ba5c73b.jpg,FALSE,2
201808092100_1813_325f9ffb.jpg,FALSE,2
201808100000_1813_c0c674cb.jpg,FALSE,2
201808060000_1814_498a8ff1.jpg,FALSE,1
201808060300_1814_435011e8.jpg,FALSE,1
201808060600_1814_93a7a408.jpg,FALSE,1
201808060900_1814_03da2cfb.jpg,FALSE,1
201808061200_1814_d651b4b4.jpg,FALSE,1
201808061500_1814_06d5f564.jpg,FALSE,1
201808061800_1814_b840ad2d.jpg,FALSE,1
201808062100_1814_52bfa12b.jpg,FALSE,1
201808070000_1814_ff72b735.jpg,FALSE,1
201808070300_1814_62d9a4ef.jpg,FALSE,1
201808070600_1814_220b9a7b.jpg,FALSE,1
201808070900_1814_5de447ea.jpg,FALSE,1
201808071200_1814_6befc0cd.jpg,FALSE,1
201808071500_1814_c8bb1f47.jpg,FALSE,1
201808071800_1814_65eb2ef1.jpg,FALSE,1
201808072100_1814_eaefdddc.jpg,FALSE,1
201808080000_1814_12fe24ab.jpg,FALSE,2
201808080300_1814_1db22c99.jpg,FALSE,2
201808080600_1814_bd20cdb9.jpg,FALSE,2
201808080900_1814_b6bf976f.jpg,FALSE,2
201808081200_1814_98f302fe.jpg,FALSE,2
201808081500_1814_2d705509.jpg,FALSE,2
201808081800_1814_624ff87e.jpg,FALSE,2
201808082100_1814_63f57396.jpg,FALSE,2
201808090000_1814_f2d2e5e4.jpg,FALSE,2
201808090300_1814_f5db98f4.jpg,FALSE,2
201808090600_1814_f27bb405.jpg,FALSE,2
201808090900_1814_5c6a3b7a.jpg,FALSE,2
201808091200_1814_5b439cef.jpg,FALSE,2
201808091500_1814_1ee2f141.jpg,FALSE,2
201808091800_1814_13391a8e.jpg,FALSE,2
201808092100_1814_16a06c4a.jpg,FALSE,2
201808100000_1814_9b41cf58.jpg,FALSE,2
201808100300_1814_27b55bff.jpg,FALSE,2
201808100600_1814_6cef41f6.jpg,FALSE,2
201808100900_1814_882b20ec.jpg,FALSE,2
201808101200_1814_f903c636.jpg,FALSE,2
201808101500_1814_b677bdde.jpg,FALSE,2
201808101800_1814_827a8362.jpg,FALSE,2
201808102100_1814_1fccb686.jpg,FALSE,2
201808110000_1814_08151200.jpg,FALSE,2
201808110300_1814_e2ba6c3b.jpg,FALSE,2
201808110600_1814_72e40124.jpg,FALSE,2
201808110900_1814_4e520062.jpg,FALSE,2
201808111200_1814_c4f948c2.jpg,FALSE,2
201808111500_1814_1078f65a.jpg,FALSE,2
201808111800_1814_15ff924e.jpg,FALSE,2
201808112100_1814_e0b81e67.jpg,FALSE,2
201808120000_1814_b1fb5eb9.jpg,FALSE,2
201808120300_1814_2a8aa50b.jpg,FALSE,2
201808120600_1814_ef3d812e.jpg,FALSE,2
201808120900_1814_7a26a221.jpg,FALSE,2
201808121200_1814_a4d9be14.jpg,FALSE,2
201808121500_1814_0ee91d1b.jpg,FALSE,2
201808121800_1814_fab8f897.jpg,FALSE,2
201808122100_1814_56c38b17.jpg,FALSE,2
201808130000_1814_9472a454.jpg,FALSE,1
201808130300_1814_8bd86bf9.jpg,FALSE,1
201808130600_1814_ab2146ca.jpg,FALSE,1
201808130900_1814_b28edbe7.jpg,FALSE,1
201808131200_1814_db36d188.jpg,FALSE,1
201808131500_1814_1f3cd714.jpg,FALSE,1
201808131800_1814_8504bdd0.jpg,FALSE,1
201808132100_1814_1eecc46f.jpg,FALSE,1
201808140000_1814_fc754c00.jpg,FALSE,1
201808140300_1814_f4bcaf04.jpg,FALSE,1
201808140600_1814_b1eaabdb.jpg,FALSE,1
201808140900_1814_af6a505e.jpg,FALSE,1
201808141200_1814_d76c90dd.jpg,FALSE,1
201808141500_1814_9dd7f35f.jpg,FALSE,1
201808141800_1814_1d70e214.jpg,FALSE,1
201808142100_1814_6f5553cd.jpg,FALSE,1
201808150000_1814_f77dbc88.jpg,FALSE,1
201808101200_1815_e20da775.jpg,FALSE,1
201808101500_1815_157ea517.jpg,FALSE,1
201808101800_1815_7dfc2acf.jpg,FALSE,1
201808102100_1815_41e899ce.jpg,FALSE,1
201808110000_1815_a02ce6ef.jpg,FALSE,1
201808110300_1815_aaf4506f.jpg,FALSE,1
201808110600_1815_295511ca.jpg,FALSE,1
201808110900_1815_37fcdcce.jpg,FALSE,1
201808111200_1815_9be02492.jpg,FALSE,2
201808111500_1815_99b91a1d.jpg,FALSE,2
201808111800_1815_a2c42536.jpg,FALSE,2
201808112100_1815_e13ad110.jpg,FALSE,2
201808120000_1815_0aa7bf98.jpg,FALSE,2
201808120300_1815_771138d6.jpg,FALSE,2
201808120600_1815_4934cd02.jpg,FALSE,2
201808120900_1815_35b711d8.jpg,FALSE,2
201808121200_1815_3b450fdb.jpg,FALSE,2
201808121500_1815_7d0ba265.jpg,FALSE,2
201808121800_1815_3c01dbee.jpg,FALSE,2
201808122100_1815_c126cb44.jpg,FALSE,2
201808130000_1815_595ceb23.jpg,FALSE,2
201808130300_1815_4be95a55.jpg,FALSE,2
201808130600_1815_ee2dee8a.jpg,FALSE,3
201808130900_1815_6ffddfeb.jpg,FALSE,3
201808131200_1815_051b1308.jpg,FALSE,3
201808131500_1815_11881836.jpg,FALSE,3
201808131800_1815_4e5ff423.jpg,FALSE,3
201808132100_1815_522048fa.jpg,FALSE,3
201808140000_1815_20cd6ebf.jpg,FALSE,3
201808140300_1815_47afc56e.jpg,FALSE,3
201808140600_1815_349d1dab.jpg,FALSE,3
201808140900_1815_bf3b5632.jpg,FALSE,3
201808141200_1815_67d1e727.jpg,FALSE,3
201808141500_1815_31c63b0f.jpg,FALSE,2
201808141800_1815_ea39c61c.jpg,FALSE,2
201808142100_1815_527beeec.jpg,FALSE,2
201808150000_1815_34fcd2f5.jpg,FALSE,1
201808150300_1815_1894e4c9.jpg,FALSE,1
201808150600_1815_aeb3a950.jpg,FALSE,1
201808150900_1815_939b3f4d.jpg,FALSE,1
201808151200_1815_04bfa9dc.jpg,FALSE,1
201808091800_1816_f401992a.jpg,FALSE,1
201808092100_1816_67a53b26.jpg,FALSE,1
201808100000_1816_4d2d64a9.jpg,FALSE,1
201808100300_1816_ad2c699e.jpg,FALSE,1
201808100600_1816_67ddf0df.jpg,FALSE,1
201808100900_1816_0a823edf.jpg,FALSE,1
201808101200_1816_5cf0894a.jpg,FALSE,1
201808101500_1816_aff3ba77.jpg,FALSE,1
201808101800_1816_1faac8ee.jpg,FALSE,1
201808102100_1816_a53f21ba.jpg,FALSE,1
201808110000_1816_147b4f85.jpg,FALSE,1
201808110300_1816_c07d715a.jpg,FALSE,1
201808110600_1816_3c304cbd.jpg,FALSE,1
201808110900_1816_d7faa7b1.jpg,FALSE,1
201808111200_1816_a919857e.jpg,FALSE,1
201808111500_1816_64e59c68.jpg,FALSE,1
201808111800_1816_5b83cfd2.jpg,FALSE,1
201808112100_1816_80f80d52.jpg,FALSE,1
201808120000_1816_43f6bb00.jpg,FALSE,1
201808120300_1816_e3087267.jpg,FALSE,1
201808120600_1816_3c7ea47e.jpg,FALSE,1
201808120900_1816_693ece7d.jpg,FALSE,1
201808121200_1816_52a168fc.jpg,FALSE,1
201808121500_1816_eb0ca33a.jpg,FALSE,1
201808121800_1816_32820f5a.jpg,FALSE,1
201808122100_1816_2e683c0e.jpg,FALSE,1
201808130000_1816_3d132a00.jpg,FALSE,2
201808130300_1816_75671f23.jpg,FALSE,2
201808130600_1816_52d38508.jpg,FALSE,2
201808130900_1816_9bdc3e38.jpg,FALSE,2
201808131200_1816_8ed1e26d.jpg,FALSE,2
201808131500_1816_bce5d3fa.jpg,FALSE,2
201808131800_1816_f4c65415.jpg,FALSE,2
201808132100_1816_6c2c2095.jpg,FALSE,2
201808140000_1816_43340232.jpg,FALSE,2
201808140300_1816_e1abfcdb.jpg,FALSE,2
201808140600_1816_1e1951ca.jpg,FALSE,2
201808140900_1816_818a746b.jpg,FALSE,2
201808141200_1816_e1a42ccf.jpg,FALSE,2
201808141500_1816_32f59e8e.jpg,FALSE,2
201808141800_1816_daa3fcc5.jpg,FALSE,2
201808142100_1816_7e1cf7f1.jpg,FALSE,2
201808150000_1816_1ac491ef.jpg,FALSE,2
201808150300_1816_c1d45211.jpg,FALSE,2
201808150600_1816_2a2d7265.jpg,FALSE,2
201808150900_1816_a41a7c61.jpg,FALSE,2
201808151200_1816_2b58987b.jpg,FALSE,2
201808151500_1816_d79a6402.jpg,FALSE,2
201808151800_1816_e5780045.jpg,FALSE,2
201808152100_1816_f8bdde04.jpg,FALSE,2
201808160000_1816_d2f43708.jpg,FALSE,2
201808160300_1816_20ef5364.jpg,FALSE,2
201808160600_1816_c463b5c7.jpg,FALSE,2
201808160900_1816_73a4fa16.jpg,FALSE,2
201808161200_1816_a1db069f.jpg,FALSE,2
201808161500_1816_e5c072c2.jpg,FALSE,2
201808161800_1816_c9c11afe.jpg,FALSE,2
201808162100_1816_069d6b2c.jpg,FALSE,2
201808170000_1816_3722f94a.jpg,FALSE,2
201808170300_1816_be4a56a2.jpg,FALSE,2
201808170600_1816_63d9e851.jpg,FALSE,1
201808170900_1816_af00f182.jpg,FALSE,1
201808171200_1816_f92d3a2a.jpg,FALSE,1
201808171500_1816_7adb7ca0.jpg,FALSE,1
201808171800_1816_736d7fa0.jpg,FALSE,1
201808131200_1817_cbd717ea.jpg,FALSE,4
201808131500_1817_62d01490.jpg,FALSE,4
201808131800_1817_7c1da656.jpg,FALSE,2
201808132100_1817_c3a9dd0b.jpg,FALSE,2
201808140000_1817_f3da9c86.jpg,FALSE,2
201808140300_1817_8795b6c0.jpg,FALSE,2
201808140600_1817_809593b4.jpg,FALSE,2
201808140900_1817_fd035d3f.jpg,FALSE,2
201808141200_1817_00557233.jpg,FALSE,2
201808141500_1817_731600b7.jpg,FALSE,2
201808141800_1817_657ac9a8.jpg,FALSE,2
201808142100_1817_310b671a.jpg,FALSE,2
201808150000_1817_aeb84450.jpg,FALSE,2
201808150300_1817_4c2f0a7b.jpg,FALSE,2
201808150600_1817_15b18769.jpg,FALSE,2
201808150900_1817_418a16b8.jpg,FALSE,2
201808151200_1817_84f5158a.jpg,FALSE,1
201808151500_1817_5bf92039.jpg,FALSE,1
201808151800_1817_d4921aa8.jpg,FALSE,1
201808152100_1817_ba7dc327.jpg,FALSE,1
201808160000_1817_6dc1db9e.jpg,FALSE,1
201808160300_1817_c0278518.jpg,FALSE,1
201808160600_1817_c7596a93.jpg,FALSE,1
201808160900_1817_005b41b6.jpg,FALSE,1
201808161200_1817_e649ff95.jpg,FALSE,1
201808161500_1817_ed567425.jpg,FALSE,1
201808161800_1817_2b8bdeda.jpg,FALSE,1
201808140000_1818_47baacf3.jpg,FALSE,1
201808140300_1818_a15886ad.jpg,FALSE,1
201808140600_1818_50a9f8d1.jpg,FALSE,1
201808140900_1818_07100443.jpg,FALSE,1
201808141200_1818_d329439d.jpg,FALSE,1
201808141500_1818_0c55e3b1.jpg,FALSE,1
201808141800_1818_768b0c71.jpg,FALSE,1
201808142100_1818_27acf82a.jpg,FALSE,1
201808150000_1818_33471b4d.jpg,FALSE,1
201808150300_1818_afedca7e.jpg,FALSE,1
201808150600_1818_d6752d90.jpg,FALSE,2
201808150900_1818_a6bd3413.jpg,FALSE,2
201808151200_1818_725d0007.jpg,FALSE,2
201808151500_1818_56f1ba76.jpg,FALSE,2
201808151800_1818_020dfe1d.jpg,FALSE,2
201808152100_1818_139cabea.jpg,FALSE,2
201808160000_1818_08c5bdc7.jpg,FALSE,2
201808160300_1818_c068fae5.jpg,FALSE,2
201808160600_1818_df4cd545.jpg,FALSE,2
201808160900_1818_047b3340.jpg,FALSE,2
201808161200_1818_7f6ff886.jpg,FALSE,2
201808161500_1818_bf306e60.jpg,FALSE,2
201808161800_1818_7fad42ed.jpg,FALSE,2
201808162100_1818_4da09da7.jpg,FALSE,2
201808170000_1818_b0b9c5ad.jpg,FALSE,2
201808170300_1818_84dc581f.jpg,FALSE,2
201808170600_1818_9b9e5121.jpg,FALSE,2
201808170900_1818_d7910b97.jpg,FALSE,2
201808171200_1818_6214801a.jpg,FALSE,2
201808171500_1818_cbc5d586.jpg,FALSE,2
201808171800_1818_d3c005ff.jpg,FALSE,2
201808172100_1818_7575ff61.jpg,FALSE,2
201808172100_1818_ca214791.jpg,TRUE,
201808180000_1818_c8146fe0.jpg,FALSE,1
201808180000_1818_83b19a31.jpg,TRUE,
201808180300_1818_121fe921.jpg,FALSE,1
201808180300_1818_cd10cc3d.jpg,TRUE,
201808180600_1818_fbbcfa6b.jpg,FALSE,1
201808180600_1818_f0c6e7a8.jpg,TRUE,
201808180900_1818_3724c642.jpg,FALSE,1
201808180900_1818_acc28bb0.jpg,TRUE,
201808181200_1818_75cc6a18.jpg,FALSE,1
201808181200_1818_819b13b9.jpg,TRUE,
201808181500_1818_22a90195.jpg,FALSE,1
201808181500_1818_bbcffaf9.jpg,TRUE,
201808181800_1818_c55a1385.jpg,FALSE,1
201808181800_1818_b834db8d.jpg,TRUE,
201808182100_1818_957b6146.jpg,FALSE,1
201808182100_1818_bc107d52.jpg,TRUE,
201808190000_1818_967a7675.jpg,FALSE,1
201808190000_1818_b2124e6e.jpg,TRUE,
201808190300_1818_3b48309f.jpg,FALSE,1
201808190300_1818_8ddae659.jpg,TRUE,
201808190600_1818_9fb70c34.jpg,FALSE,1
201808190600_1818_0c82411c.jpg,TRUE,
201808190900_1818_01cf0703.jpg,FALSE,1
201808190900_1818_26600344.jpg,TRUE,
201808191200_1818_df043a7b.jpg,FALSE,1
201808191200_1818_85ce3fe4.jpg,TRUE,
201808150600_1819_70dd7170.jpg,FALSE,1
201808150900_1819_aec7ea16.jpg,FALSE,1
201808151200_1819_0c277122.jpg,FALSE,1
201808151500_1819_6bbb99de.jpg,FALSE,1
201808151800_1819_7be7ef31.jpg,FALSE,1
201808152100_1819_cff94b06.jpg,FALSE,1
201808160000_1819_783b813d.jpg,FALSE,2
201808160300_1819_0dfca0a1.jpg,FALSE,2
201808160600_1819_c999b476.jpg,FALSE,2
201808160900_1819_2ef418c9.jpg,FALSE,2
201808161200_1819_7ebf5613.jpg,FALSE,2
201808161500_1819_6003fdd2.jpg,FALSE,2
201808161800_1819_c8710b31.jpg,FALSE,2
201808162100_1819_8db7dfb6.jpg,FALSE,2
201808170000_1819_710b8682.jpg,FALSE,3
201808170300_1819_1bfbc12f.jpg,FALSE,3
201808170600_1819_0d34faf5.jpg,FALSE,3
201808170900_1819_1726e46d.jpg,FALSE,3
201808171200_1819_967958b6.jpg,FALSE,4
201808171500_1819_bb893d90.jpg,FALSE,4
201808171800_1819_0e32a3f2.jpg,FALSE,4
201808172100_1819_8c8f9ffe.jpg,FALSE,4
201808172100_1819_20931197.jpg,TRUE,
201808180000_1819_fe609592.jpg,FALSE,4
201808180000_1819_d4201921.jpg,TRUE,
201808180300_1819_2b684d7c.jpg,FALSE,4
201808180300_1819_cef3c828.jpg,TRUE,
201808180600_1819_782099bd.jpg,FALSE,4
201808180600_1819_da82c56c.jpg,TRUE,
201808180900_1819_cf4933cb.jpg,FALSE,4
201808180900_1819_f33638f4.jpg,TRUE,
201808181200_1819_0ba258cc.jpg,FALSE,4
201808181200_1819_169dea4d.jpg,TRUE,
201808181500_1819_77f6cad2.jpg,FALSE,4
201808181500_1819_e161b5cf.jpg,TRUE,
201808181800_1819_2695d4c8.jpg,FALSE,4
201808181800_1819_66425a4c.jpg,TRUE,
201808182100_1819_9300d305.jpg,FALSE,4
201808182100_1819_0c4a9790.jpg,TRUE,
201808190000_1819_ab5863bf.jpg,FALSE,4
201808190000_1819_9c28e85d.jpg,TRUE,
201808190300_1819_fa79ec4b.jpg,FALSE,4
201808190300_1819_7adf132a.jpg,TRUE,
201808190600_1819_3edf0bc6.jpg,FALSE,4
201808190600_1819_c713175f.jpg,TRUE,
201808190900_1819_9955296e.jpg,FALSE,4
201808190900_1819_8607df23.jpg,TRUE,
201808191200_1819_45df4db8.jpg,FALSE,4
201808191200_1819_490beeb4.jpg,TRUE,
201808191500_1819_53cb7d11.jpg,FALSE,4
201808191500_1819_76c91138.jpg,TRUE,
201808191800_1819_129e4aaf.jpg,FALSE,4
201808191800_1819_54a431e6.jpg,TRUE,
201808192100_1819_199fba89.jpg,FALSE,4
201808192100_1819_9138fb1b.jpg,TRUE,
201808200000_1819_b340fbe8.jpg,FALSE,4
201808200000_1819_9abc5500.jpg,TRUE,
201808200300_1819_0ef9e81f.jpg,FALSE,4
201808200300_1819_bb973a67.jpg,TRUE,
201808200600_1819_559ac2fb.jpg,FALSE,4
201808200600_1819_0e198fa3.jpg,TRUE,
201808200900_1819_1fb2bd6e.jpg,FALSE,4
201808200900_1819_5301a358.jpg,TRUE,
201808201200_1819_02e455ab.jpg,FALSE,4
201808201200_1819_64eea608.jpg,TRUE,
201808201500_1819_487ee738.jpg,FALSE,4
201808201500_1819_3ad3dd7a.jpg,TRUE,
201808201800_1819_5e968d7d.jpg,FALSE,4
201808201800_1819_4176b168.jpg,TRUE,
201808202100_1819_0c434f9b.jpg,FALSE,4
201808202100_1819_c481ed1f.jpg,TRUE,
201808210000_1819_17e71f08.jpg,FALSE,4
201808210000_1819_96bd9c00.jpg,TRUE,
201808210300_1819_e3b79b00.jpg,FALSE,4
201808210300_1819_ba916e19.jpg,TRUE,
201808210600_1819_6bbf5e5b.jpg,FALSE,4
201808210600_1819_9ab9186c.jpg,TRUE,
201808210900_1819_5e578ffb.jpg,FALSE,4
201808210900_1819_a86166dd.jpg,TRUE,
201808211200_1819_51d08397.jpg,FALSE,4
201808211200_1819_9f99f09a.jpg,TRUE,
201808211500_1819_a09b8e0d.jpg,FALSE,4
201808211500_1819_c1b70e0c.jpg,TRUE,
201808211800_1819_2c3659e7.jpg,FALSE,4
201808211800_1819_1f8f9570.jpg,TRUE,
201808212100_1819_8930d1b6.jpg,FALSE,4
201808212100_1819_a52df10d.jpg,TRUE,
201808220000_1819_61d84d7c.jpg,FALSE,4
201808220000_1819_efddec46.jpg,TRUE,
201808220300_1819_d6c8251d.jpg,FALSE,4
201808220300_1819_680c006b.jpg,TRUE,
201808220600_1819_cf2040c6.jpg,FALSE,4
201808220600_1819_8116b982.jpg,TRUE,
201808220900_1819_e9dd8878.jpg,FALSE,4
201808220900_1819_f967fd7a.jpg,TRUE,
201808221200_1819_80f74da3.jpg,FALSE,4
201808221200_1819_79c52de9.jpg,TRUE,
201808221500_1819_9f5ee80d.jpg,FALSE,4
201808221500_1819_f3bbe05d.jpg,TRUE,
201808221800_1819_0b3acdf0.jpg,FALSE,4
201808221800_1819_6e2654db.jpg,TRUE,
201808222100_1819_0555f2da.jpg,FALSE,4
201808222100_1819_70ccc2a3.jpg,TRUE,
201808230000_1819_c4ec3ea8.jpg,FALSE,4
201808230000_1819_942449e9.jpg,TRUE,
201808230300_1819_dc680176.jpg,FALSE,4
201808230300_1819_25a5a946.jpg,TRUE,
201808230600_1819_953362a4.jpg,FALSE,4
201808230600_1819_a8e40433.jpg,TRUE,
201808230900_1819_037d2e18.jpg,FALSE,4
201808230900_1819_c1ebbdde.jpg,TRUE,
201808231200_1819_3f537ae4.jpg,FALSE,3
201808231200_1819_c98a8636.jpg,TRUE,
201808231500_1819_d802967d.jpg,FALSE,3
201808231500_1819_b346e80e.jpg,TRUE,
201808231800_1819_2801d192.jpg,FALSE,2
201808231800_1819_f82c3022.jpg,TRUE,
201808232100_1819_c540a246.jpg,FALSE,2
201808232100_1819_46485658.jpg,TRUE,
201808240000_1819_eeb38f1f.jpg,FALSE,2
201808240000_1819_162a1590.jpg,TRUE,
201808240300_1819_c7499921.jpg,FALSE,2
201808240300_1819_ff8433bc.jpg,TRUE,
201808240600_1819_8d21cfda.jpg,FALSE,2
201808240600_1819_51b31424.jpg,TRUE,
201808240900_1819_46373913.jpg,FALSE,2
201808240900_1819_b2927615.jpg,TRUE,
201808241200_1819_afb41913.jpg,FALSE,2
201808241200_1819_7e7dbe42.jpg,TRUE,
201808241500_1819_0ff33028.jpg,TRUE,
201808241800_1819_e9933f1d.jpg,TRUE,
201808242100_1819_9a6185bc.jpg,TRUE,
201808250000_1819_ec33d8ee.jpg,TRUE,
201808250300_1819_5ddc66e9.jpg,TRUE,
201808250600_1819_67c8a894.jpg,TRUE,
201808250900_1819_1c489a36.jpg,TRUE,
201808251200_1819_55b88eb7.jpg,TRUE,
201808251500_1819_a3906168.jpg,TRUE,
201808251800_1819_afdab713.jpg,TRUE,
201808252100_1819_933f8dd6.jpg,TRUE,
201808260000_1819_99eb9d1a.jpg,TRUE,
201808260300_1819_e919ce58.jpg,TRUE,
201808260600_1819_31b282af.jpg,TRUE,
201808260900_1819_5e794816.jpg,TRUE,
201808261200_1819_e8c06af5.jpg,TRUE,
201808261500_1819_f1d67391.jpg,TRUE,
201808261800_1819_177eba8e.jpg,TRUE,
201808262100_1819_095fa044.jpg,TRUE,
201808270000_1819_de37bf29.jpg,TRUE,
201808270300_1819_ac7e53e1.jpg,TRUE,
201808270600_1819_6f5566e7.jpg,TRUE,
201808270900_1819_07996fc3.jpg,TRUE,
201808271200_1819_189fc15e.jpg,TRUE,
201808271500_1819_d8fd4158.jpg,TRUE,
201808271800_1819_e52f2730.jpg,TRUE,
201808272100_1819_20de2102.jpg,TRUE,
201808280000_1819_890dd152.jpg,TRUE,
201808280300_1819_86f65bf2.jpg,TRUE,
201808280600_1819_36ac264c.jpg,TRUE,
201808280900_1819_0961a28f.jpg,TRUE,
201808281200_1819_a8744f4d.jpg,TRUE,
201808281500_1819_022410b3.jpg,TRUE,
201808281800_1819_53edc93b.jpg,TRUE,
201808282100_1819_930c5290.jpg,TRUE,
201808290000_1819_8c8e6a7e.jpg,TRUE,
201808290300_1819_a75d0b3d.jpg,TRUE,
201808290600_1819_63e7623b.jpg,TRUE,
201808290900_1819_9723c79e.jpg,TRUE,
201808291200_1819_977b61a8.jpg,TRUE,
201808291500_1819_ba364ef7.jpg,TRUE,
201808291800_1819_313d52e3.jpg,TRUE,
201808292100_1819_3dabf723.jpg,TRUE,
201808300000_1819_a0b76327.jpg,TRUE,
201808300300_1819_6fdbe8fa.jpg,TRUE,
201808300600_1819_a24528f0.jpg,TRUE,
201808161200_1820_b78822c2.jpg,FALSE,1
201808161500_1820_4fa05b7c.jpg,FALSE,1
201808161800_1820_90d9eace.jpg,FALSE,1
201808162100_1820_f965caf7.jpg,FALSE,1
201808170000_1820_6331a19c.jpg,FALSE,1
201808170300_1820_40beba1c.jpg,FALSE,1
201808170600_1820_7cbce4c1.jpg,FALSE,1
201808170900_1820_afb29889.jpg,FALSE,1
201808171200_1820_116a3881.jpg,FALSE,1
201808171500_1820_bcdcacd4.jpg,FALSE,1
201808171800_1820_31f7ae75.jpg,FALSE,1
201808172100_1820_27418572.jpg,FALSE,1
201808172100_1820_220f9568.jpg,TRUE,
201808180000_1820_c09c7257.jpg,FALSE,1
201808180000_1820_0ccd0197.jpg,TRUE,
201808180300_1820_1e0941a4.jpg,FALSE,1
201808180300_1820_0e4710ac.jpg,TRUE,
201808180600_1820_0038f6d7.jpg,FALSE,1
201808180600_1820_f9067463.jpg,TRUE,
201808180900_1820_deb59438.jpg,FALSE,1
201808180900_1820_40325f12.jpg,TRUE,
201808181200_1820_57c15fa2.jpg,FALSE,2
201808181200_1820_c5573e4c.jpg,TRUE,
201808181500_1820_8d9bbfc6.jpg,FALSE,2
201808181500_1820_0640c200.jpg,TRUE,
201808181800_1820_0533e5c3.jpg,FALSE,2
201808181800_1820_a56e96a0.jpg,TRUE,
201808182100_1820_f7cace92.jpg,FALSE,2
201808182100_1820_b45639f4.jpg,TRUE,
201808190000_1820_ec54c77d.jpg,FALSE,2
201808190000_1820_0d3d3e07.jpg,TRUE,
201808190300_1820_bd6732aa.jpg,FALSE,2
201808190300_1820_f8bd64d5.jpg,TRUE,
201808190600_1820_8b3fd5bb.jpg,FALSE,2
201808190600_1820_5891ce7b.jpg,TRUE,
201808190900_1820_1d482647.jpg,FALSE,2
201808190900_1820_219e45c0.jpg,TRUE,
201808191200_1820_ea2a9f0d.jpg,FALSE,3
201808191200_1820_c42d40de.jpg,TRUE,
201808191500_1820_b9052483.jpg,FALSE,3
201808191500_1820_95421c02.jpg,TRUE,
201808191800_1820_91dfe4b5.jpg,FALSE,3
201808191800_1820_aa0b3b11.jpg,TRUE,
201808192100_1820_d31e7dae.jpg,FALSE,3
201808192100_1820_514a328b.jpg,TRUE,
201808200000_1820_313c0622.jpg,FALSE,3
201808200000_1820_b0cc3863.jpg,TRUE,
201808200300_1820_fa41b672.jpg,FALSE,3
201808200300_1820_df7ec627.jpg,TRUE,
201808200600_1820_b25bceef.jpg,FALSE,3
201808200600_1820_2329ea83.jpg,TRUE,
201808200900_1820_c13d6b11.jpg,FALSE,3
201808200900_1820_47949171.jpg,TRUE,
201808201200_1820_f3d502df.jpg,FALSE,3
201808201200_1820_c094af0f.jpg,TRUE,
201808201500_1820_f0c1d277.jpg,FALSE,3
201808201500_1820_183816c7.jpg,TRUE,
201808201800_1820_c42c29b4.jpg,FALSE,3
201808201800_1820_8bfdeb52.jpg,TRUE,
201808202100_1820_bb76d1f4.jpg,FALSE,3
201808202100_1820_e688b29e.jpg,TRUE,
201808210000_1820_f2c52318.jpg,FALSE,4
201808210000_1820_7273c57a.jpg,TRUE,
201808210300_1820_ce80bfb0.jpg,FALSE,4
201808210300_1820_ecc40e94.jpg,TRUE,
201808210600_1820_66791826.jpg,FALSE,4
201808210600_1820_41b35c1c.jpg,TRUE,
201808210900_1820_26c0d78f.jpg,FALSE,4
201808210900_1820_5c118a47.jpg,TRUE,
201808211200_1820_24a16e17.jpg,FALSE,4
201808211200_1820_02484944.jpg,TRUE,
201808211500_1820_de8a0099.jpg,FALSE,4
201808211500_1820_18e40873.jpg,TRUE,
201808211800_1820_0e6cdee1.jpg,FALSE,4
201808211800_1820_9d059d85.jpg,TRUE,
201808212100_1820_851e65e4.jpg,FALSE,4
201808212100_1820_2e7b10e4.jpg,TRUE,
201808220000_1820_e39cb7d0.jpg,FALSE,4
201808220000_1820_20f008c6.jpg,TRUE,
201808220300_1820_289ade64.jpg,FALSE,4
201808220300_1820_f410f4df.jpg,TRUE,
201808220600_1820_ca880429.jpg,FALSE,4
201808220600_1820_dd23c5a4.jpg,TRUE,
201808220900_1820_f96fcaa9.jpg,FALSE,4
201808220900_1820_edfe790e.jpg,TRUE,
201808221200_1820_087f0d86.jpg,FALSE,4
201808221200_1820_dea4a61d.jpg,TRUE,
201808221500_1820_cea62e66.jpg,FALSE,4
201808221500_1820_7ca7b737.jpg,TRUE,
201808221800_1820_7038b156.jpg,FALSE,4
201808221800_1820_73e5e595.jpg,TRUE,
201808222100_1820_c4817f55.jpg,FALSE,4
201808222100_1820_b2e6f384.jpg,TRUE,
201808230000_1820_8e206766.jpg,FALSE,4
201808230000_1820_d4500419.jpg,TRUE,
201808230300_1820_a86f203d.jpg,FALSE,4
201808230300_1820_2467c30b.jpg,TRUE,
201808230600_1820_ecacd076.jpg,FALSE,4
201808230600_1820_3cbf5117.jpg,TRUE,
201808230900_1820_a6a9f796.jpg,FALSE,4
201808230900_1820_0bbd5122.jpg,TRUE,
201808231200_1820_bf839ea0.jpg,FALSE,4
201808231200_1820_751dd9c6.jpg,TRUE,
201808231500_1820_0f4339b0.jpg,FALSE,4
201808231500_1820_14d02e9f.jpg,TRUE,
201808231800_1820_d8a04a65.jpg,FALSE,3
201808231800_1820_6d61c73c.jpg,TRUE,
201808232100_1820_26b15f7a.jpg,FALSE,3
201808232100_1820_4d05c227.jpg,TRUE,
201808240000_1820_c80bd755.jpg,FALSE,3
201808240000_1820_65bebcba.jpg,TRUE,
201808240300_1820_2560a75b.jpg,FALSE,3
201808240300_1820_c3bd899c.jpg,TRUE,
201808240600_1820_25f8d151.jpg,FALSE,2
201808240600_1820_c4375b56.jpg,TRUE,
201808240900_1820_7893c8b5.jpg,TRUE,
201808241200_1820_8429483e.jpg,TRUE,
201808261800_1821_3c1a98af.jpg,FALSE,1
201808261800_1821_d66a5f34.jpg,TRUE,
201808262100_1821_2e2727f0.jpg,FALSE,1
201808262100_1821_92514f90.jpg,TRUE,
201808270000_1821_d848fe66.jpg,FALSE,1
201808270000_1821_43572d2c.jpg,TRUE,
201808270300_1821_0433e708.jpg,FALSE,1
201808270300_1821_1c532953.jpg,TRUE,
201808270600_1821_dd990603.jpg,FALSE,1
201808270600_1821_94066d5e.jpg,TRUE,
201808270900_1821_fdcc689e.jpg,FALSE,1
201808270900_1821_512fd471.jpg,TRUE,
201808271200_1821_26d2cf1b.jpg,FALSE,1
201808271200_1821_e1272a2e.jpg,TRUE,
201808271500_1821_79f77462.jpg,FALSE,1
201808271500_1821_c9c9904a.jpg,TRUE,
201808271800_1821_fc422f00.jpg,FALSE,2
201808271800_1821_57628b23.jpg,TRUE,
201808272100_1821_8beeedae.jpg,FALSE,2
201808272100_1821_e5ea7b14.jpg,TRUE,
201808280000_1821_64eb1b73.jpg,FALSE,2
201808280000_1821_e21a3b9e.jpg,TRUE,
201808280300_1821_b7d0bd60.jpg,FALSE,2
201808280300_1821_30de5a25.jpg,TRUE,
201808280600_1821_182d42e0.jpg,FALSE,2
201808280600_1821_c6771702.jpg,TRUE,
201808280900_1821_7e5b92d4.jpg,FALSE,2
201808280900_1821_a58e1861.jpg,TRUE,
201808281200_1821_7043f66b.jpg,FALSE,2
201808281200_1821_9b88ebad.jpg,TRUE,
201808281500_1821_502aa69e.jpg,FALSE,2
201808281500_1821_fe3a4846.jpg,TRUE,
201808281800_1821_dc5ee8f1.jpg,FALSE,3
201808281800_1821_d10c44d9.jpg,TRUE,
201808282100_1821_bc814c8a.jpg,FALSE,3
201808282100_1821_70dd4abc.jpg,TRUE,
201808290000_1821_58675a00.jpg,FALSE,3
201808290000_1821_0b5205a0.jpg,TRUE,
201808290300_1821_38562aea.jpg,FALSE,3
201808290300_1821_f9cc75fc.jpg,TRUE,
201808290600_1821_ae1b87c1.jpg,FALSE,4
201808290600_1821_bded9b9a.jpg,TRUE,
201808290900_1821_4942bb8e.jpg,FALSE,4
201808290900_1821_894036f6.jpg,TRUE,
201808291200_1821_b7a41335.jpg,FALSE,4
201808291200_1821_de8e8c99.jpg,TRUE,
201808291500_1821_110af2b5.jpg,FALSE,4
201808291500_1821_2e983a8d.jpg,TRUE,
201808291800_1821_e0b5441a.jpg,FALSE,4
201808291800_1821_6d95c4a3.jpg,TRUE,
201808292100_1821_82287f6c.jpg,FALSE,4
201808292100_1821_dc09a2d1.jpg,TRUE,
201808300000_1821_1090199e.jpg,FALSE,4
201808300000_1821_28753a18.jpg,TRUE,
201808300300_1821_4fb27c6c.jpg,FALSE,4
201808300300_1821_d03ac1f0.jpg,TRUE,
201808300600_1821_7351616b.jpg,FALSE,4
201808300600_1821_cd933da6.jpg,TRUE,
201808300900_1821_4809f1ce.jpg,FALSE,4
201808300900_1821_b840334e.jpg,TRUE,
201808301200_1821_5645e8f8.jpg,FALSE,4
201808301200_1821_a8bdfd36.jpg,TRUE,
201808301500_1821_2c0e17b1.jpg,FALSE,4
201808301500_1821_023d8df8.jpg,TRUE,
201808301800_1821_ea4268bb.jpg,FALSE,4
201808301800_1821_fbc5d540.jpg,TRUE,
201808302100_1821_920fd412.jpg,FALSE,4
201808302100_1821_2357f7de.jpg,TRUE,
201808310000_1821_a4312b73.jpg,FALSE,4
201808310000_1821_3772cfdb.jpg,TRUE,
201808310300_1821_23a7f8f4.jpg,FALSE,4
201808310300_1821_7e35222c.jpg,TRUE,
201808310600_1821_936c6830.jpg,FALSE,4
201808310600_1821_c88f7896.jpg,TRUE,
201808310900_1821_2f9f4fbe.jpg,FALSE,4
201808310900_1821_8568c064.jpg,TRUE,
201808311200_1821_6cd1454d.jpg,FALSE,4
201808311200_1821_e867189f.jpg,TRUE,
201808311500_1821_40b1e90a.jpg,FALSE,4
201808311500_1821_5a476979.jpg,TRUE,
201808311800_1821_69f3ba54.jpg,FALSE,4
201808311800_1821_55f3650f.jpg,TRUE,
201808312100_1821_9a4a2fcc.jpg,FALSE,4
201808312100_1821_35edc6cb.jpg,TRUE,
201809010000_1821_7b60d5f1.jpg,FALSE,4
201809010000_1821_109e7989.jpg,TRUE,
201809010300_1821_25267353.jpg,FALSE,4
201809010300_1821_b0e49624.jpg,TRUE,
201809010600_1821_c353b35f.jpg,FALSE,4
201809010600_1821_17563809.jpg,TRUE,
201809010900_1821_ff57979a.jpg,FALSE,4
201809011200_1821_2ab924ea.jpg,FALSE,4
201809011500_1821_b0abb6ac.jpg,FALSE,4
201809011800_1821_3db0dea0.jpg,FALSE,4
201809012100_1821_1963fa2b.jpg,FALSE,4
201809020000_1821_3facd2fc.jpg,FALSE,4
201809020300_1821_57edf553.jpg,FALSE,4
201809020600_1821_38701460.jpg,FALSE,4
201809020900_1821_7c8a0952.jpg,FALSE,4
201809021200_1821_a5cd776c.jpg,FALSE,4
201809021500_1821_02dab01a.jpg,FALSE,4
201809021500_1821_4f62d925.jpg,TRUE,
201809021800_1821_e7d261a4.jpg,FALSE,4
201809021800_1821_4e635b5f.jpg,TRUE,
201809022100_1821_43173bb6.jpg,FALSE,4
201809022100_1821_76b487d6.jpg,TRUE,
201809030000_1821_ef843885.jpg,FALSE,4
201809030000_1821_ccec72d9.jpg,TRUE,
201809030300_1821_9100cea5.jpg,FALSE,4
201809030300_1821_25c25918.jpg,TRUE,
201809030600_1821_21956ebe.jpg,FALSE,4
201809030600_1821_a359dfd9.jpg,TRUE,
201809030900_1821_7709b47f.jpg,FALSE,4
201809030900_1821_a92a3d1d.jpg,TRUE,
201809031200_1821_ef422957.jpg,FALSE,4
201809031200_1821_4e2ec831.jpg,TRUE,
201809031500_1821_2048ba32.jpg,FALSE,4
201809031500_1821_4914605c.jpg,TRUE,
201809031800_1821_92751c2d.jpg,FALSE,4
201809031800_1821_6c9d96eb.jpg,TRUE,
201809032100_1821_542d7696.jpg,FALSE,4
201809032100_1821_48cc56e4.jpg,TRUE,
201809040000_1821_55abb543.jpg,FALSE,4
201809040000_1821_48a02b57.jpg,TRUE,
201809040300_1821_1020df75.jpg,FALSE,4
201809040300_1821_f78d5814.jpg,TRUE,
201809040600_1821_1a1ceb29.jpg,FALSE,4
201809040600_1821_436c986f.jpg,TRUE,
201809040900_1821_167c39e6.jpg,FALSE,4
201809040900_1821_2b15adbf.jpg,TRUE,
201809041200_1821_da420f2e.jpg,FALSE,4
201809041200_1821_1e68f378.jpg,TRUE,
201809041500_1821_c8dc1c22.jpg,FALSE,3
201809041500_1821_b0051b22.jpg,TRUE,
201809041800_1821_86c10ece.jpg,FALSE,3
201809041800_1821_8c91eec6.jpg,TRUE,
201809042100_1821_56905376.jpg,FALSE,3
201809042100_1821_7da17052.jpg,TRUE,
201809050000_1821_ef398d3d.jpg,TRUE,
201809050300_1821_0f6c9a71.jpg,TRUE,
201809050600_1821_09a36be3.jpg,TRUE,
201809050900_1821_f016132b.jpg,TRUE,
201809051200_1821_3b47e16c.jpg,TRUE,
201809051500_1821_3db23fef.jpg,TRUE,
201809051800_1821_46692477.jpg,TRUE,
201809052100_1821_20b568f6.jpg,TRUE,
201809060000_1821_534aeb83.jpg,TRUE,
201809060300_1821_fdfefa16.jpg,TRUE,
201809060600_1821_576cbeaf.jpg,TRUE,
201809060900_1821_43b7d1eb.jpg,TRUE,
201809061200_1821_d4fd2196.jpg,TRUE,
201809061500_1821_3affc2cd.jpg,TRUE,
201809061800_1821_c55d8c55.jpg,TRUE,
201809062100_1821_5b28d2e4.jpg,TRUE,
201809070000_1821_a3dff2e5.jpg,TRUE,
201809061200_1822_27d19471.jpg,FALSE,1
201809061200_1822_cdbe5d6b.jpg,TRUE,
201809061500_1822_a02e5457.jpg,FALSE,1
201809061500_1822_030337a1.jpg,TRUE,
201809061800_1822_548df07d.jpg,FALSE,1
201809061800_1822_42cf6e35.jpg,TRUE,
201809062100_1822_568e6ca6.jpg,FALSE,1
201809062100_1822_db1a6fba.jpg,TRUE,
201809070000_1822_67ec286e.jpg,FALSE,1
201809070000_1822_42e384f5.jpg,TRUE,
201809070300_1822_acf7ccf8.jpg,FALSE,1
201809070300_1822_88eb2eb5.jpg,TRUE,
201809070600_1822_2e331c9e.jpg,FALSE,1
201809070600_1822_f6156b77.jpg,TRUE,
201809070900_1822_ff102c9f.jpg,FALSE,1
201809070900_1822_b46f1106.jpg,TRUE,
201809071200_1822_961705c3.jpg,FALSE,2
201809071200_1822_2b043393.jpg,TRUE,
201809071500_1822_85be19a7.jpg,FALSE,2
201809071500_1822_2429772b.jpg,TRUE,
201809071800_1822_34279f70.jpg,FALSE,2
201809071800_1822_6a14d43a.jpg,TRUE,
201809072100_1822_f92ad802.jpg,FALSE,2
201809072100_1822_c78d4820.jpg,TRUE,
201809080000_1822_e43e419f.jpg,FALSE,2
201809080000_1822_42cb18fe.jpg,TRUE,
201809080300_1822_6f78f56e.jpg,FALSE,2
201809080300_1822_c879af72.jpg,TRUE,
201809080600_1822_ab7434c4.jpg,FALSE,2
201809080900_1822_12008ea8.jpg,FALSE,2
201809081200_1822_15c6b00b.jpg,FALSE,2
201809081500_1822_59ce1dfa.jpg,FALSE,2
201809081800_1822_c5de6ce0.jpg,FALSE,3
201809082100_1822_701e22bd.jpg,FALSE,3
201809090000_1822_f662cc07.jpg,FALSE,4
201809090300_1822_48461b7d.jpg,FALSE,4
201809090600_1822_846a74fc.jpg,FALSE,4
201809090900_1822_432b9f20.jpg,FALSE,4
201809091200_1822_d0db875a.jpg,FALSE,4
201809091500_1822_1fd88fdc.jpg,FALSE,4
201809091800_1822_bd1f84eb.jpg,FALSE,4
201809092100_1822_0d9e4fc0.jpg,FALSE,4
201809100000_1822_7581a720.jpg,FALSE,4
201809100300_1822_e3b9b580.jpg,FALSE,4
201809100600_1822_16bf61a6.jpg,FALSE,4
201809100900_1822_501dae6a.jpg,FALSE,4
201809101200_1822_84b19562.jpg,FALSE,4
201809101500_1822_14cab8eb.jpg,FALSE,4
201809101800_1822_c9aebb11.jpg,FALSE,4
201809102100_1822_5ccd50f6.jpg,FALSE,4
201809110000_1822_99661c15.jpg,FALSE,4
201809110300_1822_fdf06c95.jpg,FALSE,4
201809110600_1822_06426f53.jpg,FALSE,4
201809110900_1822_39787ca9.jpg,FALSE,4
201809111200_1822_53d0ac59.jpg,FALSE,4
201809111500_1822_fb973e74.jpg,FALSE,4
201809111800_1822_aa3227c3.jpg,FALSE,4
201809112100_1822_4af82ac2.jpg,FALSE,4
201809120000_1822_0a01ff97.jpg,FALSE,4
201809120300_1822_71695b80.jpg,FALSE,4
201809120600_1822_73306b5f.jpg,FALSE,4
201809120900_1822_31f812d3.jpg,FALSE,4
201809121200_1822_2ce52213.jpg,FALSE,4
201809121500_1822_a18b0219.jpg,FALSE,4
201809121800_1822_15fb97c0.jpg,FALSE,4
201809122100_1822_3b2ed064.jpg,FALSE,4
201809130000_1822_b43babac.jpg,FALSE,4
201809130300_1822_e64079bd.jpg,FALSE,4
201809130600_1822_e3fc7977.jpg,FALSE,4
201809130900_1822_6eb38b3f.jpg,FALSE,4
201809131200_1822_f3fcde11.jpg,FALSE,4
201809131500_1822_682bfa1c.jpg,FALSE,4
201809131800_1822_55915a4f.jpg,FALSE,4
201809132100_1822_d7a4647a.jpg,FALSE,4
201809140000_1822_92bef512.jpg,FALSE,4
201809140300_1822_4228fe80.jpg,FALSE,4
201809140600_1822_c760c144.jpg,FALSE,4
201809140900_1822_42ad9ba4.jpg,FALSE,4
201809141200_1822_f8390de0.jpg,FALSE,4
201809141500_1822_35e80537.jpg,FALSE,4
201809141800_1822_21b975fe.jpg,FALSE,4
201809142100_1822_bc5f9b00.jpg,FALSE,4
201809150000_1822_57acbc19.jpg,FALSE,4
201809150300_1822_56f77d23.jpg,FALSE,4
201809150600_1822_1f17f461.jpg,FALSE,4
201809150900_1822_c772a5db.jpg,FALSE,4
201809151200_1822_87a74177.jpg,FALSE,4
201809151500_1822_fa63b603.jpg,FALSE,4
201809151800_1822_5c006e6f.jpg,FALSE,4
201809152100_1822_1b63c0a0.jpg,FALSE,4
201809160000_1822_5a4fc49f.jpg,FALSE,4
201809160300_1822_3e0baf44.jpg,FALSE,4
201809160600_1822_f7e4453c.jpg,FALSE,4
201809160900_1822_e3d19534.jpg,FALSE,4
201809161200_1822_d666ffdf.jpg,FALSE,4
201809161500_1822_d34f4fa6.jpg,FALSE,4
201809161800_1822_502a2c15.jpg,FALSE,3
201809162100_1822_67c7e29c.jpg,FALSE,3
201809170000_1822_386d946b.jpg,FALSE,2
201809170300_1822_83ea9490.jpg,FALSE,2
201809170600_1822_9626e9b8.jpg,FALSE,1
201809170900_1822_df3844e6.jpg,FALSE,1
201809171200_1822_5dc150df.jpg,FALSE,1
201809171500_1822_943c30ce.jpg,FALSE,1
201809171800_1822_ced3f4a9.jpg,FALSE,1
201809080600_1823_c4dd94da.jpg,FALSE,1
201809080900_1823_36aca1eb.jpg,FALSE,1
201809081200_1823_4cf43ae1.jpg,FALSE,1
201809081500_1823_258e422a.jpg,FALSE,1
201809081800_1823_80f9b89b.jpg,FALSE,1
201809082100_1823_f38e6688.jpg,FALSE,1
201809090000_1823_e6586a46.jpg,FALSE,1
201809090300_1823_1d6fdee8.jpg,FALSE,1
201809090600_1823_87ac7193.jpg,FALSE,1
201809090900_1823_6e491514.jpg,FALSE,1
201809091200_1823_c4ac3910.jpg,FALSE,1
201809091500_1823_254c66fd.jpg,FALSE,1
201809091800_1823_3c45f42d.jpg,FALSE,1
201809092100_1823_9c7c11de.jpg,FALSE,1
201809100000_1823_c2feee5d.jpg,FALSE,1
201809100300_1823_103597a7.jpg,FALSE,1
201809100600_1823_000efee8.jpg,FALSE,1
201809100900_1823_35f16ec0.jpg,FALSE,1
201809101200_1823_4ff4b77d.jpg,FALSE,1
201809101500_1823_3b25c77b.jpg,FALSE,1
201809101800_1823_ddd84c03.jpg,FALSE,1
201809102100_1823_d349fbde.jpg,FALSE,1
201809110000_1823_6ba9e23f.jpg,FALSE,2
201809110300_1823_bac8b4ad.jpg,FALSE,2
201809110600_1823_febec418.jpg,FALSE,2
201809110900_1823_c58a4f80.jpg,FALSE,2
201809111200_1823_e1d26dee.jpg,FALSE,2
201809111500_1823_4746f7a5.jpg,FALSE,2
201809111800_1823_f63530f3.jpg,FALSE,2
201809112100_1823_87ec9696.jpg,FALSE,2
201809120000_1823_c9dc1828.jpg,FALSE,2
201809120300_1823_2b11fda7.jpg,FALSE,2
201809120600_1823_0fcb8856.jpg,FALSE,2
201809120900_1823_2c13fcaa.jpg,FALSE,2
201809121200_1823_01101c4a.jpg,FALSE,2
201809121500_1823_1d1c9498.jpg,FALSE,2
201809121800_1823_b80f1734.jpg,FALSE,2
201809122100_1823_4c80cdbd.jpg,FALSE,2
201809130000_1823_688a6f86.jpg,FALSE,2
201809130300_1823_6e9c5c7c.jpg,FALSE,2
201809130600_1823_2ab2de3a.jpg,FALSE,1
201809200600_1824_25211551.jpg,FALSE,1
201809200600_1824_39f5dc48.jpg,TRUE,
201809200900_1824_b4f2ff53.jpg,FALSE,1
201809200900_1824_71c17651.jpg,TRUE,
201809201200_1824_d6803a3f.jpg,FALSE,1
201809201200_1824_14084915.jpg,TRUE,
201809201500_1824_4e9b3eef.jpg,FALSE,1
201809201500_1824_5ae32b4a.jpg,TRUE,
201809201800_1824_d9318944.jpg,FALSE,1
201809201800_1824_a553e2ba.jpg,TRUE,
201809202100_1824_6ff25563.jpg,FALSE,1
201809202100_1824_e2bdff57.jpg,TRUE,
201809210000_1824_53aaa3bb.jpg,FALSE,1
201809210000_1824_a73118ec.jpg,TRUE,
201809210300_1824_69454ffd.jpg,FALSE,1
201809210300_1824_4848e6b8.jpg,TRUE,
201809210600_1824_88268995.jpg,FALSE,2
201809210600_1824_ed6a23d0.jpg,TRUE,
201809210900_1824_cce0deb0.jpg,FALSE,2
201809210900_1824_e8dfbd05.jpg,TRUE,
201809211200_1824_e988373a.jpg,FALSE,2
201809211200_1824_0621a15d.jpg,TRUE,
201809211500_1824_2b689268.jpg,FALSE,2
201809211500_1824_27eb2010.jpg,TRUE,
201809211800_1824_e59bb237.jpg,FALSE,2
201809211800_1824_d11c430d.jpg,TRUE,
201809212100_1824_109b998b.jpg,FALSE,2
201809212100_1824_6c700ba4.jpg,TRUE,
201809220000_1824_d9cb7710.jpg,FALSE,3
201809220000_1824_8ce3e546.jpg,TRUE,
201809220300_1824_27f7f6d5.jpg,FALSE,3
201809220300_1824_a3068c9a.jpg,TRUE,
201809220600_1824_cf5aea87.jpg,FALSE,3
201809220600_1824_d45b667d.jpg,TRUE,
201809220900_1824_fbe8014c.jpg,FALSE,3
201809220900_1824_1a963d2c.jpg,TRUE,
201809221200_1824_7b442dd7.jpg,FALSE,3
201809221500_1824_badebea5.jpg,FALSE,3
201809221800_1824_b50ea7e9.jpg,FALSE,4
201809222100_1824_ff9326dd.jpg,FALSE,4
201809230000_1824_0b28b3a2.jpg,FALSE,4
201809230300_1824_f6e0b139.jpg,FALSE,4
201809230600_1824_0266e2a5.jpg,FALSE,4
201809230900_1824_09a6e475.jpg,FALSE,4
201809231200_1824_4caacb6b.jpg,FALSE,4
201809231500_1824_ea2f20f6.jpg,FALSE,4
201809231800_1824_f233a601.jpg,FALSE,4
201809232100_1824_bac09c74.jpg,FALSE,4
201809240000_1824_5f634ec3.jpg,FALSE,4
201809240300_1824_add1fa8e.jpg,FALSE,4
201809240600_1824_b4007bf4.jpg,FALSE,4
201809240900_1824_c657939f.jpg,FALSE,4
201809241200_1824_c0ce2f08.jpg,FALSE,4
201809241500_1824_00a16070.jpg,FALSE,4
201809241800_1824_a07b2ef4.jpg,FALSE,4
201809242100_1824_babdd275.jpg,FALSE,4
201809250000_1824_43a5c793.jpg,FALSE,4
201809250300_1824_a02cc5e1.jpg,FALSE,4
201809250600_1824_9fab7068.jpg,FALSE,4
201809250900_1824_2667f119.jpg,FALSE,4
201809251200_1824_c3b75d40.jpg,FALSE,4
201809251500_1824_2aa11890.jpg,FALSE,4
201809251800_1824_e288ce3f.jpg,FALSE,4
201809252100_1824_8e082a2e.jpg,FALSE,4
201809260000_1824_8a3772b4.jpg,FALSE,4
201809260300_1824_03cc87b7.jpg,FALSE,4
201809260600_1824_4a5f5223.jpg,FALSE,4
201809260900_1824_6b03583f.jpg,FALSE,4
201809261200_1824_eb356054.jpg,FALSE,4
201809261500_1824_ee6d6e2e.jpg,FALSE,4
201809261800_1824_54aa004b.jpg,FALSE,4
201809262100_1824_6158aa93.jpg,FALSE,4
201809270000_1824_7429824f.jpg,FALSE,4
201809270300_1824_77e2b1db.jpg,FALSE,4
201809270600_1824_ac3580d5.jpg,FALSE,4
201809270900_1824_c3b3314c.jpg,FALSE,4
201809271200_1824_a63aca1e.jpg,FALSE,4
201809271500_1824_7e2d0d0d.jpg,FALSE,4
201809271800_1824_1d847118.jpg,FALSE,4
201809272100_1824_5fd1b6cf.jpg,FALSE,4
201809280000_1824_67b0035d.jpg,FALSE,4
201809280300_1824_e8a40d73.jpg,FALSE,4
201809280600_1824_21922ae6.jpg,FALSE,4
201809280900_1824_ce7706f2.jpg,FALSE,4
201809281200_1824_fde5001f.jpg,FALSE,4
201809281500_1824_3ace17ef.jpg,FALSE,4
201809281800_1824_ef976ebd.jpg,FALSE,4
201809282100_1824_260f9ebb.jpg,FALSE,4
201809290000_1824_8d57a36c.jpg,FALSE,4
201809290000_1824_661ea3aa.jpg,TRUE,
201809290300_1824_5084fb6a.jpg,FALSE,4
201809290300_1824_dd5fef59.jpg,TRUE,
201809290600_1824_cbbe3701.jpg,FALSE,4
201809290600_1824_318b53ba.jpg,TRUE,
201809290900_1824_dbe5ba7a.jpg,FALSE,4
201809290900_1824_c5aacb07.jpg,TRUE,
201809291200_1824_288f9715.jpg,FALSE,4
201809291200_1824_70c0e2a2.jpg,TRUE,
201809291500_1824_e6957894.jpg,FALSE,4
201809291500_1824_1ae90f83.jpg,TRUE,
201809291800_1824_00f6f054.jpg,FALSE,4
201809291800_1824_9f44f359.jpg,TRUE,
201809292100_1824_f9c08cb1.jpg,FALSE,4
201809292100_1824_11466540.jpg,TRUE,
201809300000_1824_f3559433.jpg,FALSE,4
201809300000_1824_f300ca7f.jpg,TRUE,
201809300300_1824_b25f593f.jpg,FALSE,4
201809300300_1824_7bc496b6.jpg,TRUE,
201809300600_1824_ccb64644.jpg,FALSE,4
201809300600_1824_965e3634.jpg,TRUE,
201809300900_1824_8b86fea3.jpg,FALSE,4
201809301200_1824_e699ff32.jpg,FALSE,4
201809301500_1824_e4f3a519.jpg,FALSE,4
201809301800_1824_0efd773b.jpg,FALSE,4
201809302100_1824_a3ec53fd.jpg,FALSE,4
201809280000_1825_3853e085.jpg,FALSE,1
201809280300_1825_b7a65e13.jpg,FALSE,1
201809280600_1825_72ba4536.jpg,FALSE,1
201809280900_1825_a38981c0.jpg,FALSE,1
201809281200_1825_02de8fc6.jpg,FALSE,1
201809281500_1825_a3435b5d.jpg,FALSE,1
201809281800_1825_297b8885.jpg,FALSE,1
201809282100_1825_a35aff51.jpg,FALSE,1
201809290000_1825_225d9ec3.jpg,FALSE,1
201809290000_1825_bd71ac96.jpg,TRUE,
201809290300_1825_7938b81d.jpg,FALSE,1
201809290300_1825_5bce7d37.jpg,TRUE,
201809290600_1825_4e888819.jpg,FALSE,2
201809290600_1825_0f50df24.jpg,TRUE,
201809290900_1825_adecf7f6.jpg,FALSE,2
201809290900_1825_638f9636.jpg,TRUE,
201809291200_1825_070a4562.jpg,FALSE,2
201809291200_1825_58013902.jpg,TRUE,
201809291500_1825_eacdc3db.jpg,FALSE,2
201809291500_1825_ef555c21.jpg,TRUE,
201809291800_1825_c35071d2.jpg,FALSE,3
201809291800_1825_0b4bdf82.jpg,TRUE,
201809292100_1825_130f9e96.jpg,FALSE,3
201809292100_1825_49a3f4d9.jpg,TRUE,
201809300000_1825_6e173688.jpg,FALSE,3
201809300000_1825_4bbaa9f5.jpg,TRUE,
201809300300_1825_f385b304.jpg,FALSE,3
201809300300_1825_10cca72a.jpg,TRUE,
201809300600_1825_af6a236e.jpg,FALSE,4
201809300600_1825_c9a3c023.jpg,TRUE,
201809300900_1825_4beb4d38.jpg,FALSE,4
201809301200_1825_408eb0fe.jpg,FALSE,4
201809301500_1825_8c2606ee.jpg,FALSE,4
201809301800_1825_faa850b4.jpg,FALSE,4
201809302100_1825_91afc349.jpg,FALSE,4
201810010000_1825_110f555f.jpg,FALSE,4
201810010300_1825_88e6b4ae.jpg,FALSE,4
201810010600_1825_09c3db2e.jpg,FALSE,4
201810010900_1825_849adbc8.jpg,FALSE,4
201810011200_1825_f72cfad2.jpg,FALSE,4
201810011500_1825_cb062e4c.jpg,FALSE,4
201810011800_1825_040a10f9.jpg,FALSE,4
201810012100_1825_bdf47fd5.jpg,FALSE,4
201810020000_1825_91d1cbd0.jpg,FALSE,4
201810020300_1825_0a5a452e.jpg,FALSE,4
201810020600_1825_d64d1409.jpg,FALSE,4
201810020900_1825_55ae5ec2.jpg,FALSE,4
201810021200_1825_0e934d31.jpg,FALSE,4
201810021500_1825_346369f4.jpg,FALSE,4
201810021800_1825_5cad44cd.jpg,FALSE,4
201810022100_1825_e522eba8.jpg,FALSE,4
201810030000_1825_636352a7.jpg,FALSE,4
201810030300_1825_cd8a23a1.jpg,FALSE,4
201810030600_1825_5a2feea3.jpg,FALSE,4
201810030900_1825_53e23180.jpg,FALSE,4
201810031200_1825_8904297f.jpg,FALSE,4
201810031500_1825_c7d26b9a.jpg,FALSE,4
201810031800_1825_ef1d5cbb.jpg,FALSE,4
201810032100_1825_2dc32876.jpg,FALSE,4
201810040000_1825_b835b684.jpg,FALSE,4
201810040300_1825_7c413273.jpg,FALSE,4
201810040600_1825_f915ab2a.jpg,FALSE,3
201810040900_1825_207bf418.jpg,FALSE,3
201810041200_1825_b9727cf9.jpg,FALSE,3
201810041200_1825_22611cb4.jpg,TRUE,
201810041500_1825_b3972258.jpg,FALSE,3
201810041500_1825_d6747b7d.jpg,TRUE,
201810041800_1825_48e338c1.jpg,FALSE,3
201810041800_1825_5bec4fe0.jpg,TRUE,
201810042100_1825_c65bc050.jpg,FALSE,3
201810042100_1825_d7d01b4d.jpg,TRUE,
201810050000_1825_ad230247.jpg,FALSE,3
201810050000_1825_8ba18162.jpg,TRUE,
201810050300_1825_b8173f55.jpg,FALSE,3
201810050300_1825_f1af22f9.jpg,TRUE,
201810050600_1825_b0503b0b.jpg,FALSE,4
201810050600_1825_fc1a7b80.jpg,TRUE,
201810050900_1825_f2dc7b44.jpg,FALSE,4
201810050900_1825_5bed716f.jpg,TRUE,
201810051200_1825_aa80f893.jpg,FALSE,4
201810051200_1825_6405faa3.jpg,TRUE,
201810051500_1825_0d22a51b.jpg,FALSE,4
201810051500_1825_d34c7b0d.jpg,TRUE,
201810051800_1825_a3a74e8d.jpg,FALSE,4
201810051800_1825_83104bdd.jpg,TRUE,
201810052100_1825_a4b29756.jpg,FALSE,4
201810052100_1825_540f8e47.jpg,TRUE,
201810060000_1825_ee992357.jpg,FALSE,3
201810060000_1825_e0c429fa.jpg,TRUE,
201810060300_1825_5b6777fc.jpg,FALSE,3
201810060300_1825_8bb413b8.jpg,TRUE,
201810060600_1825_13ffe314.jpg,FALSE,3
201810060600_1825_2456fb95.jpg,TRUE,
201810060900_1825_e3dfd6c4.jpg,FALSE,3
201810060900_1825_348ed533.jpg,TRUE,
201810061200_1825_10d79b4e.jpg,TRUE,
201810061500_1825_d700e1a2.jpg,TRUE,
201810061800_1825_5a0aa224.jpg,TRUE,
201810062100_1825_14212d81.jpg,TRUE,
201810070000_1825_b0681d46.jpg,TRUE,
201810070300_1825_7a720897.jpg,TRUE,
201810070600_1825_3b7f7db1.jpg,TRUE,
201810070900_1825_22ecab6f.jpg,TRUE,
201810071200_1825_156e6e98.jpg,TRUE,
201810201800_1826_5d6a7dec.jpg,FALSE,1
201810201800_1826_01006256.jpg,TRUE,
201810202100_1826_53a69ebf.jpg,FALSE,1
201810202100_1826_326b1829.jpg,TRUE,
201810210000_1826_53c168f0.jpg,FALSE,1
201810210000_1826_87ac2d2e.jpg,TRUE,
201810210300_1826_04164119.jpg,FALSE,1
201810210300_1826_06d9b1b7.jpg,TRUE,
201810210600_1826_105474e3.jpg,FALSE,1
201810210600_1826_dfb84bb6.jpg,TRUE,
201810210900_1826_ecbd1aad.jpg,FALSE,1
201810210900_1826_7d046211.jpg,TRUE,
201810211200_1826_5f44fec6.jpg,FALSE,1
201810211200_1826_c6c0618d.jpg,TRUE,
201810211500_1826_b1aec900.jpg,FALSE,1
201810211500_1826_9b17886d.jpg,TRUE,
201810211800_1826_183236e8.jpg,FALSE,1
201810211800_1826_f185036f.jpg,TRUE,
201810212100_1826_9d6cce1b.jpg,FALSE,1
201810212100_1826_14b69a45.jpg,TRUE,
201810220000_1826_7d2ef7e6.jpg,FALSE,2
201810220000_1826_093f70b1.jpg,TRUE,
201810220300_1826_42aea5ba.jpg,FALSE,2
201810220300_1826_f8b27c8b.jpg,TRUE,
201810220600_1826_477aa326.jpg,FALSE,2
201810220600_1826_e0e95e55.jpg,TRUE,
201810220900_1826_e78fb5a2.jpg,FALSE,2
201810220900_1826_9574c729.jpg,TRUE,
201810221200_1826_2b4f703a.jpg,FALSE,2
201810221200_1826_d2c1df8e.jpg,TRUE,
201810221500_1826_e53b73e3.jpg,FALSE,2
201810221500_1826_30b63729.jpg,TRUE,
201810221800_1826_898e64a0.jpg,FALSE,3
201810221800_1826_eec790e0.jpg,TRUE,
201810222100_1826_bf35ee4e.jpg,FALSE,3
201810222100_1826_aca7561d.jpg,TRUE,
201810230000_1826_19666a4b.jpg,FALSE,4
201810230000_1826_5ea0f695.jpg,TRUE,
201810230300_1826_b94ff6b5.jpg,FALSE,4
201810230300_1826_05a05b76.jpg,TRUE,
201810230600_1826_248a1d64.jpg,FALSE,4
201810230600_1826_19999dd2.jpg,TRUE,
201810230900_1826_99d775c8.jpg,FALSE,4
201810230900_1826_0f82301e.jpg,TRUE,
201810231200_1826_286ee30c.jpg,FALSE,4
201810231200_1826_6837d45f.jpg,TRUE,
201810231500_1826_5b09365c.jpg,FALSE,4
201810231500_1826_934f1d4c.jpg,TRUE,
201810231800_1826_78bb8d4c.jpg,FALSE,4
201810231800_1826_409bbac3.jpg,TRUE,
201810232100_1826_d886f867.jpg,FALSE,4
201810232100_1826_9b047664.jpg,TRUE,
201810240000_1826_2f81f7c0.jpg,FALSE,4
201810240000_1826_d458e31b.jpg,TRUE,
201810240300_1826_0d158a67.jpg,FALSE,4
201810240300_1826_5b095aed.jpg,TRUE,
201810240600_1826_5aeefea7.jpg,FALSE,4
201810240600_1826_33b94a23.jpg,TRUE,
201810240900_1826_dde82af1.jpg,FALSE,4
201810240900_1826_de2444de.jpg,TRUE,
201810241200_1826_b0b594ff.jpg,FALSE,4
201810241200_1826_4d0dbaf4.jpg,TRUE,
201810241500_1826_2629fadc.jpg,FALSE,4
201810241500_1826_62320fac.jpg,TRUE,
201810241800_1826_247271c0.jpg,FALSE,4
201810241800_1826_19519882.jpg,TRUE,
201810242100_1826_579fe77e.jpg,FALSE,4
201810242100_1826_e61055ce.jpg,TRUE,
201810250000_1826_a507b940.jpg,FALSE,4
201810250000_1826_f1b6be90.jpg,TRUE,
201810250300_1826_c80ab20b.jpg,FALSE,4
201810250300_1826_c4c88cd5.jpg,TRUE,
201810250600_1826_eb07b11d.jpg,FALSE,4
201810250600_1826_f5f87bfd.jpg,TRUE,
201810250900_1826_fff965fd.jpg,FALSE,4
201810250900_1826_78840042.jpg,TRUE,
201810251200_1826_53fabf24.jpg,FALSE,4
201810251200_1826_050bf259.jpg,TRUE,
201810251500_1826_8c22248c.jpg,FALSE,4
201810251500_1826_940ac426.jpg,TRUE,
201810251800_1826_e5c24ee1.jpg,FALSE,4
201810251800_1826_dc79bf45.jpg,TRUE,
201810252100_1826_d4f209c1.jpg,FALSE,4
201810252100_1826_e6a8b0d9.jpg,TRUE,
201810260000_1826_294ecd32.jpg,FALSE,4
201810260000_1826_f09aeb95.jpg,TRUE,
201810260300_1826_bcd7f54e.jpg,FALSE,4
201810260300_1826_8f6cbf4b.jpg,TRUE,
201810260600_1826_d577497d.jpg,FALSE,4
201810260600_1826_21fdbab9.jpg,TRUE,
201810260900_1826_90791dca.jpg,FALSE,4
201810260900_1826_0d45bb96.jpg,TRUE,
201810261200_1826_cfc18ccf.jpg,FALSE,4
201810261500_1826_53df9dad.jpg,FALSE,4
201810261800_1826_692750f3.jpg,FALSE,4
201810262100_1826_0cbbf4ac.jpg,FALSE,4
201810270000_1826_175e11da.jpg,FALSE,4
201810270300_1826_487b3aa2.jpg,FALSE,4
201810270600_1826_22bcdd36.jpg,FALSE,4
201810270900_1826_514bfb09.jpg,FALSE,4
201810271200_1826_b48e07bb.jpg,FALSE,4
201810271500_1826_fe604b7c.jpg,FALSE,4
201810271800_1826_d84a129a.jpg,FALSE,4
201810272100_1826_d4e8643b.jpg,FALSE,4
201810280000_1826_884e8eb6.jpg,FALSE,4
201810300600_1826_94f4d644.jpg,FALSE,3
201810300900_1826_4fcb6798.jpg,FALSE,3
201810301200_1826_5779fe63.jpg,FALSE,3
201810301500_1826_95e8f50a.jpg,FALSE,3
201810301800_1826_291fd02e.jpg,FALSE,3
201810302100_1826_3c0e4f68.jpg,FALSE,3
201810310000_1826_d5f4ee52.jpg,FALSE,3
201810310300_1826_5f670106.jpg,FALSE,3
201810310600_1826_991c1511.jpg,FALSE,2
201810310900_1826_21fd3842.jpg,FALSE,2
201810311200_1826_390939a7.jpg,FALSE,2
201810311500_1826_91333ba5.jpg,FALSE,2
201810311800_1826_df6c120a.jpg,FALSE,2
201810312100_1826_1c6c0629.jpg,FALSE,2
201811010000_1826_6875de09.jpg,FALSE,2
201811010300_1826_e5264983.jpg,FALSE,2
201811010600_1826_afe50df5.jpg,FALSE,2
201811010900_1826_0d4b01eb.jpg,FALSE,2
201811011200_1826_697dfc01.jpg,FALSE,2
201811011500_1826_0643077f.jpg,FALSE,2
201811011800_1826_40b6dc33.jpg,FALSE,2
201811012100_1826_dc0a043f.jpg,FALSE,2
201811020000_1826_44e3ce6f.jpg,FALSE,2
201811020300_1826_5376022b.jpg,FALSE,2
201811020600_1826_7e05ff03.jpg,FALSE,1
201811020900_1826_368b7b67.jpg,FALSE,1
201811021200_1826_626c44d6.jpg,FALSE,1
201811021500_1826_9b77b02c.jpg,FALSE,1
201811021800_1826_2ecb3859.jpg,FALSE,1
201811022100_1826_a668b575.jpg,FALSE,1
201811030000_1826_383a689b.jpg,FALSE,1
201811161800_1827_84da07d5.jpg,FALSE,1
201811162100_1827_79dd2b73.jpg,FALSE,1
201811170000_1827_e8375b7d.jpg,FALSE,1
201811170300_1827_bd525cd7.jpg,FALSE,1
201811170600_1827_0d4b4da1.jpg,FALSE,2
201811170900_1827_0cbe6a6c.jpg,FALSE,2
201811171200_1827_ff3ae4ea.jpg,FALSE,2
201811171500_1827_3f4af49a.jpg,FALSE,2
201811171800_1827_763c5fea.jpg,FALSE,2
201811172100_1827_f306f935.jpg,FALSE,2
201811180000_1827_1dac382c.jpg,FALSE,1
201811180300_1827_8abf5091.jpg,FALSE,1
201811180600_1827_708c9e78.jpg,FALSE,1
201811180900_1827_4bbf0c69.jpg,FALSE,1
201811181200_1827_32104365.jpg,FALSE,1
201811201200_1828_12fbd414.jpg,FALSE,1
201811201500_1828_07d4137b.jpg,FALSE,1
201811201800_1828_6347e65e.jpg,FALSE,2
201811202100_1828_500a1a5c.jpg,FALSE,2
201811210000_1828_f5c28796.jpg,FALSE,2
201811210300_1828_7ff151a8.jpg,FALSE,2
201811210600_1828_d49d1d5a.jpg,FALSE,2
201811210900_1828_805890ab.jpg,FALSE,2
201811211200_1828_faf3fba8.jpg,FALSE,2
201811211500_1828_b874cfd5.jpg,FALSE,2
201811211800_1828_b638b1f0.jpg,FALSE,2
201811212100_1828_d29c6fa5.jpg,FALSE,2
201811220000_1828_c7ff4be5.jpg,FALSE,3
201811220300_1828_9f4a734d.jpg,FALSE,3
201811220600_1828_0289ec29.jpg,FALSE,3
201811220900_1828_4c0abb9f.jpg,FALSE,3
201811251800_1828_7f363b5c.jpg,FALSE,3
201811252100_1828_820b81a2.jpg,FALSE,3
201811260000_1828_eff9a00d.jpg,FALSE,2
201811260300_1828_d6490129.jpg,FALSE,2
201811260600_1828_e0d1618d.jpg,FALSE,2
201811260900_1828_c5fbd93e.jpg,FALSE,2
201811261200_1828_0cb50ea0.jpg,FALSE,1
201811261500_1828_2afbf766.jpg,FALSE,1
201811261800_1828_02041c4c.jpg,FALSE,1
201811262100_1828_b3083916.jpg,FALSE,1
201811270000_1828_bb9a0ecd.jpg,FALSE,2
201811270300_1828_39d95afc.jpg,FALSE,2
201811270600_1828_7500b862.jpg,FALSE,1
201811270900_1828_95a0d6ec.jpg,FALSE,1
201811271200_1828_ecd6e72c.jpg,FALSE,1
201811271500_1828_59e6f7d3.jpg,FALSE,1
201811271800_1828_35fdd629.jpg,FALSE,1
201811272100_1828_a2cf9eeb.jpg,FALSE,1
201811280000_1828_a3649916.jpg,FALSE,1
201811280000_1828_ca1d376a.jpg,TRUE,
201811280300_1828_9e57fd2c.jpg,TRUE,
201811280600_1828_239f14de.jpg,TRUE,
201811280900_1828_0ba4b1a5.jpg,TRUE,
201811281200_1828_18a712e7.jpg,TRUE,
201811281500_1828_2615c8af.jpg,TRUE,
201811281800_1828_8fb87250.jpg,TRUE,
201811282100_1828_7ceeab95.jpg,TRUE,
201811290000_1828_d10a8ce6.jpg,TRUE,
201811290300_1828_f2654813.jpg,TRUE,
201811290600_1828_9cc40836.jpg,TRUE,
201811290900_1828_5f2b7f42.jpg,TRUE,
201811291200_1828_3fd3e65d.jpg,TRUE,
201811291500_1828_f90731dc.jpg,TRUE,
201811291800_1828_7d6dba85.jpg,TRUE,
201811292100_1828_018b2b60.jpg,TRUE,
201811300000_1828_b254cd2d.jpg,TRUE,
201811300300_1828_6e5243fe.jpg,TRUE,
201811300600_1828_9bc75909.jpg,TRUE,
201811300900_1828_84722604.jpg,TRUE,
201811301200_1828_8e99ee82.jpg,TRUE,
201811130000_1829_f9492df4.jpg,FALSE,1
201811130000_1829_1714f4ae.jpg,TRUE,
201811130300_1829_c3bb3a0e.jpg,FALSE,1
201811130300_1829_bb7c62b9.jpg,TRUE,
201811130600_1829_4aeba028.jpg,FALSE,1
201811130600_1829_090bcaf8.jpg,TRUE,
201811130900_1829_50af6193.jpg,FALSE,1
201811130900_1829_36662622.jpg,TRUE,
201811131200_1829_eaabb405.jpg,FALSE,1
201811131200_1829_7a7d44d9.jpg,TRUE,
201811131500_1829_22b8ada5.jpg,FALSE,1
201811131500_1829_c3e7d531.jpg,TRUE,
201811131800_1829_c29ace66.jpg,FALSE,1
201811131800_1829_fc6968af.jpg,TRUE,
201811132100_1829_0278cd45.jpg,FALSE,1
201811132100_1829_803baf1b.jpg,TRUE,
201811140000_1829_abfe51a4.jpg,FALSE,1
201811140000_1829_7fe814b8.jpg,TRUE,
201811140300_1829_f550b0c9.jpg,FALSE,1
201811140300_1829_ee621c80.jpg,TRUE,
201811140600_1829_34da73fe.jpg,FALSE,1
201811140600_1829_13e4f165.jpg,TRUE,
201811140900_1829_6593c5f6.jpg,FALSE,1
201811140900_1829_6c91fb6f.jpg,TRUE,
201811141200_1829_be4729b3.jpg,FALSE,1
201811141200_1829_7f668ab2.jpg,TRUE,
201811141500_1829_6d070cad.jpg,FALSE,1
201811141500_1829_3844e48b.jpg,TRUE,
201811141800_1829_4a1fe4f8.jpg,FALSE,1
201811141800_1829_d94ea228.jpg,TRUE,
201811142100_1829_821efd81.jpg,FALSE,1
201811142100_1829_3d31e912.jpg,TRUE,
201811150000_1829_66a1977f.jpg,FALSE,1
201811150000_1829_24441cd5.jpg,TRUE,
201811150300_1829_53d4a996.jpg,FALSE,1
201811150300_1829_c09fea90.jpg,TRUE,
201811150600_1829_56ad82f4.jpg,FALSE,1
201811150600_1829_5fa1df06.jpg,TRUE,
201811150900_1829_98ab84ec.jpg,FALSE,1
201811150900_1829_8c83a8f1.jpg,TRUE,
201811151200_1829_bcc7aa38.jpg,FALSE,1
201811151200_1829_45454d1a.jpg,TRUE,
201811151500_1829_ea253937.jpg,FALSE,1
201811151500_1829_746d4114.jpg,TRUE,
201811151800_1829_18481e74.jpg,FALSE,1
201811151800_1829_f1396cff.jpg,TRUE,
201811152100_1829_74aa2f18.jpg,FALSE,1
201811152100_1829_4721c108.jpg,TRUE,
201811160000_1829_cb49e77a.jpg,FALSE,1
201811160000_1829_68c32c29.jpg,TRUE,
201811160300_1829_06c70d98.jpg,FALSE,1
201811160300_1829_b52802aa.jpg,TRUE,
201811160600_1829_f5606608.jpg,FALSE,1
201811160600_1829_95845fdc.jpg,TRUE,
201811160900_1829_b129f879.jpg,FALSE,1
201811160900_1829_cce27ca5.jpg,TRUE,
201811161200_1829_0af6bd36.jpg,FALSE,1
201811161200_1829_6ac552ff.jpg,TRUE,
201811161500_1829_2d6f48ff.jpg,FALSE,1
201811161500_1829_24844bae.jpg,TRUE,
201811161800_1829_03a19842.jpg,FALSE,1
201811162100_1829_f7acbc9e.jpg,FALSE,1
201811170000_1829_89893115.jpg,FALSE,1
201811170300_1829_a0b4b2ee.jpg,FALSE,1
201811170600_1829_16c1b57d.jpg,FALSE,1
201811170900_1829_ac9da8fe.jpg,FALSE,1
201811171200_1829_c92df1d6.jpg,FALSE,1
201811171500_1829_3e92577b.jpg,FALSE,1
201811171800_1829_8757956a.jpg,FALSE,1
201811172100_1829_39dd586c.jpg,FALSE,1
201811180000_1829_043ba289.jpg,FALSE,1
201811180300_1829_5d3475dc.jpg,FALSE,1
201811180600_1829_e89e5e6f.jpg,FALSE,1
201811180900_1829_2f85759a.jpg,FALSE,1
201811181200_1829_465296dc.jpg,FALSE,1
201811181500_1829_a794d6ab.jpg,FALSE,1
201811181800_1829_89d5ac13.jpg,FALSE,1
201811182100_1829_07be1f82.jpg,FALSE,1
201811190000_1829_f6c451a6.jpg,FALSE,1
201811190300_1829_2feaecbb.jpg,FALSE,1
201811190600_1829_a0ad7f5a.jpg,FALSE,1
201811190900_1829_000a4ab3.jpg,FALSE,1
201811191200_1829_55a8281a.jpg,FALSE,1
201811191500_1829_1eb093be.jpg,FALSE,1
201811191800_1829_0f31a116.jpg,FALSE,1
201811192100_1829_71c61bfc.jpg,FALSE,1
201811200000_1829_1025f4c5.jpg,FALSE,1
201811200300_1829_f3d6502c.jpg,FALSE,1
201811200600_1829_6f50e26b.jpg,FALSE,1
201811200900_1829_2917b63a.jpg,FALSE,1
201811201200_1829_19efc4c2.jpg,FALSE,1
201811201500_1829_06955d7d.jpg,FALSE,1
201811201800_1829_62c95768.jpg,FALSE,1
201811202100_1829_d5ea73bf.jpg,FALSE,1
201811210000_1829_14c108bc.jpg,FALSE,1
201811210300_1829_dc398f05.jpg,FALSE,1
201811210600_1829_8acfd7e7.jpg,FALSE,1
201811210900_1829_bfeaf6bf.jpg,FALSE,1
201811211200_1829_ac467d5d.jpg,FALSE,1
201811211500_1829_91d50873.jpg,FALSE,1
201811211800_1829_f1327e75.jpg,FALSE,1
201811212100_1829_a3f8ba6f.jpg,FALSE,1
201811220000_1829_33ce5831.jpg,FALSE,2
201811220300_1829_6a890c99.jpg,FALSE,2
201811220600_1829_36053dd5.jpg,FALSE,2
201811220900_1829_d542f7ef.jpg,FALSE,2
201811221200_1829_2dc6b650.jpg,FALSE,2
201811221500_1829_8fce058c.jpg,FALSE,2
201811221800_1829_afbed237.jpg,FALSE,2
201811222100_1829_694d318d.jpg,FALSE,2
201811230000_1829_23529c4a.jpg,FALSE,2
201811230300_1829_29a4689b.jpg,FALSE,2
201811230600_1829_e3cb86a9.jpg,FALSE,3
201811230900_1829_a9ff4432.jpg,FALSE,3
201811231200_1829_0aef9269.jpg,FALSE,3
201811231500_1829_f71656e6.jpg,FALSE,3
201811231800_1829_7b04959c.jpg,FALSE,3
201811232100_1829_3164d38c.jpg,FALSE,3
201811240000_1829_be9b9650.jpg,FALSE,3
201811240300_1829_13a25cdc.jpg,FALSE,3
201811240600_1829_94e6e99d.jpg,FALSE,3
201811240900_1829_0929777c.jpg,FALSE,3
201811241200_1829_a552ff9b.jpg,FALSE,3
201811241500_1829_ab0f35fa.jpg,FALSE,3
201811241800_1829_bf225a9c.jpg,FALSE,3
201811242100_1829_5c1c6819.jpg,FALSE,3
201811250000_1829_96f4d932.jpg,FALSE,2
201811250300_1829_35be632e.jpg,FALSE,2
201811250600_1829_ca83ae45.jpg,FALSE,2
201811250900_1829_af2a82b5.jpg,FALSE,2
201811251200_1829_7015b60a.jpg,FALSE,2
201811251500_1829_6cfa22d4.jpg,FALSE,2
201811251800_1829_ecce7667.jpg,FALSE,2
201811252100_1829_2e8e4846.jpg,FALSE,2
201811260000_1829_c4fb97a1.jpg,FALSE,1
201811260300_1829_a2227ada.jpg,FALSE,1
201811260600_1829_792adadb.jpg,FALSE,1
201811260900_1829_7f88218e.jpg,FALSE,1
201811261200_1829_5f8def14.jpg,FALSE,1
201811261500_1829_e4748987.jpg,FALSE,1
201811261800_1829_c5768ac6.jpg,FALSE,1
201812310600_1901_eea76156.jpg,FALSE,1
201812310900_1901_0c1d48a7.jpg,FALSE,1
201812311200_1901_91fe24a8.jpg,FALSE,1
201812311500_1901_d62305a3.jpg,FALSE,1
201812311800_1901_344f9144.jpg,FALSE,1
201812312100_1901_a891757f.jpg,FALSE,1
201901010000_1901_6ce0afe8.jpg,FALSE,1
201901010300_1901_2dc50e1d.jpg,FALSE,1
201901010600_1901_52ff24bf.jpg,FALSE,2
201901010900_1901_24eee845.jpg,FALSE,2
201901011200_1901_3d2923d7.jpg,FALSE,2
201901011500_1901_53db00d2.jpg,FALSE,2
201901011800_1901_032d9258.jpg,FALSE,2
201901012100_1901_36979e38.jpg,FALSE,2
201901020000_1901_c397b3bb.jpg,FALSE,2
201901020300_1901_a9992a0b.jpg,FALSE,2
201901020600_1901_29ec528e.jpg,FALSE,2
201901020900_1901_c4546fd8.jpg,FALSE,2
201901021200_1901_b91e7717.jpg,FALSE,2
201901021500_1901_99cc07fe.jpg,FALSE,2
201901021800_1901_497c628d.jpg,FALSE,2
201901022100_1901_6d13a819.jpg,FALSE,2
201901030000_1901_07a1b983.jpg,FALSE,2
201901030300_1901_8d7441a4.jpg,FALSE,2
201901030600_1901_76da83e6.jpg,FALSE,2
201901030900_1901_70fc17af.jpg,FALSE,2
201901031200_1901_a8fb4a6b.jpg,FALSE,2
201901031500_1901_830c821b.jpg,FALSE,2
201901031800_1901_0cf9c241.jpg,FALSE,2
201901032100_1901_9fcc0e93.jpg,FALSE,2
201901040000_1901_749ac86e.jpg,FALSE,2
201901040300_1901_6f1311a8.jpg,FALSE,2
201901040600_1901_93d1514f.jpg,FALSE,2
201901040900_1901_b85ebdc8.jpg,FALSE,2
201901041200_1901_4e3fe649.jpg,FALSE,2
201901041500_1901_b81125f7.jpg,FALSE,2
201901041800_1901_9aed026e.jpg,FALSE,1
201902181200_1902_a41ccb13.jpg,FALSE,1
201902181200_1902_90062efd.jpg,TRUE,
201902181500_1902_1ef301e5.jpg,FALSE,1
201902181500_1902_ba6f7a1f.jpg,TRUE,
201902181800_1902_3876a3a2.jpg,FALSE,1
201902181800_1902_84d47eeb.jpg,TRUE,
201902182100_1902_3ce34d49.jpg,FALSE,1
201902182100_1902_11ba273c.jpg,TRUE,
201902190000_1902_34a9fefb.jpg,FALSE,1
201902190000_1902_ed85e9fd.jpg,TRUE,
201902190300_1902_569826cb.jpg,FALSE,1
201902190300_1902_50236bf0.jpg,TRUE,
201902190600_1902_198d99d7.jpg,FALSE,1
201902190600_1902_cfd19ca8.jpg,TRUE,
201902190900_1902_d24f186f.jpg,FALSE,1
201902190900_1902_9daf9d1c.jpg,TRUE,
201902191200_1902_4da3eb4c.jpg,FALSE,1
201902191200_1902_99086424.jpg,TRUE,
201902191500_1902_0df0787e.jpg,FALSE,1
201902191500_1902_a45c08e0.jpg,TRUE,
201902191800_1902_bd581ee8.jpg,FALSE,2
201902191800_1902_8a1dbd8b.jpg,TRUE,
201902192100_1902_880e5998.jpg,FALSE,2
201902192100_1902_73ba88cd.jpg,TRUE,
201902200000_1902_092f8023.jpg,FALSE,2
201902200000_1902_addcd1b1.jpg,TRUE,
201902200300_1902_f3b0badc.jpg,FALSE,2
201902200300_1902_bd7354c0.jpg,TRUE,
201902200600_1902_4e9dedb6.jpg,FALSE,3
201902200600_1902_d7047a09.jpg,TRUE,
201902200900_1902_b604378d.jpg,FALSE,3
201902200900_1902_3297d98c.jpg,TRUE,
201902201200_1902_69f31d45.jpg,FALSE,3
201902201200_1902_b08a937d.jpg,TRUE,
201902201500_1902_3ffa55d7.jpg,FALSE,3
201902201500_1902_1166c29c.jpg,TRUE,
201902201800_1902_7288dcae.jpg,TRUE,
201902202100_1902_03ee06ae.jpg,TRUE,
201902210000_1902_df396d2e.jpg,TRUE,
201902210300_1902_f3d00485.jpg,TRUE,
201902210600_1902_9cc1e35f.jpg,TRUE,
201902210900_1902_ddccb118.jpg,TRUE,
201902211200_1902_5a7d9c53.jpg,TRUE,
201902211500_1902_569c184f.jpg,TRUE,
201902211800_1902_60022c56.jpg,TRUE,
201902212100_1902_ca0c734e.jpg,TRUE,
201902220000_1902_d6e433c2.jpg,TRUE,
201902220300_1902_ff7ae4c1.jpg,TRUE,
201902220600_1902_c31b2ba5.jpg,TRUE,
201902220900_1902_7fb1e14e.jpg,TRUE,
201902221200_1902_88740d38.jpg,TRUE,
201902221500_1902_5b140ebc.jpg,TRUE,
201902221800_1902_e9815402.jpg,TRUE,
201902222100_1902_d8abb57c.jpg,TRUE,
201902230000_1902_f62db8d2.jpg,TRUE,
201902230300_1902_f7f98f42.jpg,TRUE,
201902230600_1902_244c4062.jpg,TRUE,
201902230900_1902_41a0110e.jpg,TRUE,
201902231200_1902_7934ad8b.jpg,TRUE,
201902231500_1902_8503ef35.jpg,TRUE,
201902231800_1902_ec72b94c.jpg,TRUE,
201902232100_1902_51b8eaaf.jpg,TRUE,
201902240000_1902_266d87ff.jpg,TRUE,
201902240300_1902_233c00fc.jpg,TRUE,
201902240600_1902_63653804.jpg,TRUE,
201902240900_1902_941082b1.jpg,TRUE,
201902241200_1902_651ff4f5.jpg,TRUE,
201902241500_1902_2fa03861.jpg,TRUE,
201902241800_1902_d568db8b.jpg,TRUE,
201902242100_1902_813432e7.jpg,TRUE,
201902250000_1902_b067d73e.jpg,TRUE,
201902250300_1902_b7b240b5.jpg,TRUE,
201902271200_1902_1cab5108.jpg,FALSE,3
201902271500_1902_ce74dec0.jpg,FALSE,3
201902271800_1902_df0ce928.jpg,FALSE,3
201902272100_1902_85ccbadc.jpg,FALSE,3
201902280000_1902_16c8dc60.jpg,FALSE,2
201902280300_1902_da02ef58.jpg,FALSE,2
201902280600_1902_c82b577f.jpg,FALSE,1
201902280900_1902_62763261.jpg,FALSE,1
201902281200_1902_44a4e630.jpg,FALSE,1
201902281500_1902_5d26a459.jpg,FALSE,1
201902281800_1902_83c034c5.jpg,FALSE,1
201902282100_1902_6e6bffc0.jpg,FALSE,1
201903010000_1902_aff6eab0.jpg,FALSE,1
201903010300_1902_2595d2da.jpg,FALSE,1
201903010600_1902_e87acff0.jpg,FALSE,1
201903010900_1902_cf1c24bc.jpg,FALSE,1
201903011200_1902_aeb9b140.jpg,FALSE,1
201903011500_1902_9061b64d.jpg,FALSE,1
201903011800_1902_3784c677.jpg,FALSE,1
201903012100_1902_982bbf5c.jpg,FALSE,1
201903020000_1902_46818a72.jpg,FALSE,1
201903020300_1902_44738df1.jpg,FALSE,1
201903020600_1902_ca81fc01.jpg,FALSE,1
201906241200_1903_bc041c19.jpg,FALSE,1
201906241500_1903_1cd25b8d.jpg,FALSE,1
201906241800_1903_02a24c0f.jpg,FALSE,1
201906242100_1903_9cb713d5.jpg,FALSE,1
201906250000_1903_f33f02c9.jpg,FALSE,1
201906250300_1903_a44c20b4.jpg,FALSE,1
201906250600_1903_f9a5fdfc.jpg,FALSE,1
201906250900_1903_4b06c96b.jpg,FALSE,1
201906251200_1903_2ebc7205.jpg,FALSE,1
201906251500_1903_2831c2c1.jpg,FALSE,1
201906251800_1903_2ca8b979.jpg,FALSE,1
201906252100_1903_289bb9fa.jpg,FALSE,1
201906260000_1903_2a36353a.jpg,FALSE,1
201906260300_1903_49068b65.jpg,FALSE,1
201906260600_1903_d0d269a8.jpg,FALSE,1
201906260900_1903_589eecf0.jpg,FALSE,1
201906261200_1903_c87eb4ba.jpg,FALSE,1
201906261500_1903_12cd3cb9.jpg,FALSE,1
201906261800_1903_3faeecd1.jpg,FALSE,1
201906262100_1903_b2ffdaa4.jpg,FALSE,1
201906270000_1903_88d40dbf.jpg,FALSE,1
201906270300_1903_1458b9b3.jpg,FALSE,1
201906270600_1903_70ca8ae2.jpg,FALSE,1
201906270900_1903_7019729a.jpg,FALSE,1
201906271200_1903_b5068b27.jpg,FALSE,2
201906271500_1903_56b47358.jpg,FALSE,2
201906271800_1903_aa2a80b3.jpg,FALSE,2
201906272100_1903_d5c52706.jpg,FALSE,2
201906280000_1903_520b4408.jpg,FALSE,2
201907011800_1904_7ea61532.jpg,FALSE,1
201907012100_1904_e9449220.jpg,FALSE,1
201907020000_1904_a7d5ea8f.jpg,FALSE,1
201907020300_1904_74cbc328.jpg,FALSE,1
201907020600_1904_239a5462.jpg,FALSE,2
201907020900_1904_8915aa3c.jpg,FALSE,2
201907021200_1904_eb6a7ef2.jpg,FALSE,2
201907021500_1904_8dd78e4c.jpg,FALSE,2
201907021800_1904_b04a7d24.jpg,FALSE,2
201907022100_1904_62b7e0b1.jpg,FALSE,2
201907030000_1904_6cf15a93.jpg,FALSE,2
201907030300_1904_9dc2fb78.jpg,FALSE,2
201907030600_1904_13b8256e.jpg,FALSE,2
201907030900_1904_217eadab.jpg,FALSE,2
201907031200_1904_a83c0a7a.jpg,FALSE,2
201907031500_1904_70f95f82.jpg,FALSE,2
201907031800_1904_4eaf946a.jpg,FALSE,2
201907032100_1904_c1e33399.jpg,FALSE,2
201907040000_1904_e392f2c0.jpg,FALSE,2
201907040300_1904_93e1c750.jpg,FALSE,2
201907040600_1904_a86fa19a.jpg,FALSE,1
201907040900_1904_2195c6e9.jpg,FALSE,1
201907041200_1904_515ffa99.jpg,FALSE,1
201907041500_1904_698f64e9.jpg,FALSE,1
201907041800_1904_e06393fe.jpg,FALSE,1
201907140000_1905_7bfa02e6.jpg,FALSE,1
201907140300_1905_a08005cc.jpg,FALSE,1
201907140600_1905_04cc5ce0.jpg,FALSE,1
201907140900_1905_99668ed3.jpg,FALSE,1
201907141200_1905_2b6f35c6.jpg,FALSE,1
201907141500_1905_164e6146.jpg,FALSE,1
201907141800_1905_a84f6a15.jpg,FALSE,1
201907142100_1905_6cbfa169.jpg,FALSE,1
201907150000_1905_668299ec.jpg,FALSE,1
201907150300_1905_4f619d8d.jpg,FALSE,1
201907150600_1905_e8691516.jpg,FALSE,1
201907150900_1905_1a29ca18.jpg,FALSE,1
201907151200_1905_4c2a4a91.jpg,FALSE,1
201907151500_1905_89fbf4b5.jpg,FALSE,1
201907151800_1905_22704eca.jpg,FALSE,1
201907152100_1905_21d4434b.jpg,FALSE,1
201907160000_1905_6159bdc7.jpg,FALSE,1
201907160300_1905_40f2605d.jpg,FALSE,1
201907160600_1905_0d79bb02.jpg,FALSE,2
201907160900_1905_e86d324d.jpg,FALSE,2
201907161200_1905_9f449214.jpg,FALSE,2
201907161500_1905_53fb9dde.jpg,FALSE,2
201907161800_1905_51db4cb2.jpg,FALSE,2
201907162100_1905_0cf2f1cd.jpg,FALSE,2
201907170000_1905_4dfaeab2.jpg,FALSE,2
201907170300_1905_3373c60a.jpg,FALSE,2
201907170600_1905_083a5155.jpg,FALSE,2
201907170900_1905_fec03879.jpg,FALSE,2
201907171200_1905_53bb90a7.jpg,FALSE,2
201907171500_1905_acae2bd0.jpg,FALSE,2
201907171800_1905_601e1f69.jpg,FALSE,2
201907172100_1905_15304fe2.jpg,FALSE,2
201907180000_1905_2cc7417b.jpg,FALSE,2
201907180300_1905_b6d4e01e.jpg,FALSE,2
201907180600_1905_c96a96eb.jpg,FALSE,2
201907180900_1905_ea7c04ca.jpg,FALSE,2
201907181200_1905_ab66d9d0.jpg,FALSE,2
201907181500_1905_1d928f9f.jpg,FALSE,2
201907181800_1905_36f886da.jpg,FALSE,2
201907182100_1905_7acaa93d.jpg,FALSE,2
201907190000_1905_3c309ad5.jpg,FALSE,2
201907201800_1905_98bf802f.jpg,FALSE,1
201907202100_1905_043a7dcf.jpg,FALSE,1
201907210000_1905_3276ad84.jpg,FALSE,1
201907210300_1905_1058d102.jpg,FALSE,1
201907210600_1905_dcf5fa8e.jpg,FALSE,1
201907240000_1906_bf8bab66.jpg,FALSE,1
201907240300_1906_8b84e4e3.jpg,FALSE,1
201907240600_1906_e51df145.jpg,FALSE,1
201907240900_1906_e91293bf.jpg,FALSE,1
201907241200_1906_8a6ffb40.jpg,FALSE,1
201907241500_1906_89a494e9.jpg,FALSE,1
201907241800_1906_1f564bc9.jpg,FALSE,1
201907242100_1906_1d28c047.jpg,FALSE,1
201907250000_1906_5c52566b.jpg,FALSE,1
201907250300_1906_bc73a647.jpg,FALSE,1
201907250600_1906_6aaef17d.jpg,FALSE,1
201907250900_1906_2e0daa23.jpg,FALSE,1
201907251200_1906_8063ba5d.jpg,FALSE,1
201907251500_1906_faffa02e.jpg,FALSE,1
201907270600_1906_8d81cf1c.jpg,FALSE,1
201907270900_1906_cf3e770d.jpg,FALSE,1
201907271200_1906_79246ce0.jpg,FALSE,1
201907271500_1906_10d50cc4.jpg,FALSE,1
201907271800_1906_68f61033.jpg,FALSE,1
201907300000_1907_9e738ea1.jpg,FALSE,1
201907300300_1907_46456f91.jpg,FALSE,1
201907300600_1907_09ba3294.jpg,FALSE,1
201907300900_1907_920e7650.jpg,FALSE,1
201907301200_1907_20fce99f.jpg,FALSE,1
201907301500_1907_6d2afc52.jpg,FALSE,1
201908031200_1907_d0eaafa5.jpg,FALSE,1
201908031500_1907_607e6cf4.jpg,FALSE,1
201908031800_1907_3c93cec5.jpg,FALSE,1
201908032100_1907_d5b4e967.jpg,FALSE,1
201908040000_1907_d86b5c15.jpg,FALSE,1
201908040300_1907_8442970e.jpg,FALSE,1
201908040600_1907_fa6425ce.jpg,FALSE,1
201908010000_1908_9fa9cf3d.jpg,FALSE,1
201908010300_1908_497c00d3.jpg,FALSE,1
201908010600_1908_7e0710ca.jpg,FALSE,1
201908010900_1908_f6cba7bc.jpg,FALSE,1
201908011200_1908_fc0d3af9.jpg,FALSE,1
201908011500_1908_3060c305.jpg,FALSE,1
201908011800_1908_ee9701aa.jpg,FALSE,1
201908012100_1908_6e21a0d4.jpg,FALSE,1
201908020000_1908_f1289754.jpg,FALSE,1
201908020300_1908_c3fa2412.jpg,FALSE,1
201908020600_1908_82a50dd8.jpg,FALSE,1
201908020900_1908_ab665756.jpg,FALSE,1
201908032100_1908_fe029107.jpg,FALSE,3
201908040000_1908_d1cc8edd.jpg,FALSE,3
201908040300_1908_f66e362f.jpg,FALSE,3
201908040600_1908_2f983ca3.jpg,FALSE,3
201908040900_1908_a0e27a25.jpg,FALSE,3
201908041200_1908_69e1d858.jpg,FALSE,3
201908041500_1908_c2a70c75.jpg,FALSE,3
201908041800_1908_bb8e071f.jpg,FALSE,3
201908042100_1908_0458611b.jpg,FALSE,3
201908050000_1908_0ab03b00.jpg,FALSE,3
201908050300_1908_3f10c948.jpg,FALSE,3
201908050600_1908_e296ace8.jpg,FALSE,3
201908070000_1908_7b1005f0.jpg,FALSE,1
201908070300_1908_c65a6ba0.jpg,FALSE,1
201908070600_1908_991965d5.jpg,FALSE,1
201908070900_1908_b2529d30.jpg,FALSE,1
201908071200_1908_3d882123.jpg,FALSE,1
201908071500_1908_140e7b5e.jpg,FALSE,1
201908071800_1908_f564ce9e.jpg,FALSE,1
201908072100_1908_88ab742a.jpg,FALSE,1
201908080000_1908_af1312e2.jpg,FALSE,1
201908080300_1908_307b0342.jpg,FALSE,1
201908080600_1908_0b9c948f.jpg,FALSE,1
201908080900_1908_81e147c4.jpg,FALSE,1
201908081200_1908_bd04ea15.jpg,FALSE,1
201908020600_1909_f6b49ebb.jpg,FALSE,1
201908020900_1909_f1ce77c2.jpg,FALSE,1
201908021200_1909_5401897c.jpg,FALSE,1
201908021500_1909_91fba904.jpg,FALSE,1
201908021800_1909_05e7fed8.jpg,FALSE,1
201908022100_1909_f5918443.jpg,FALSE,1
201908030000_1909_76d3f4e9.jpg,FALSE,1
201908030300_1909_2fdaf5c0.jpg,FALSE,1
201908030600_1909_55454d20.jpg,FALSE,1
201908030900_1909_063958fd.jpg,FALSE,1
201908031200_1909_34b5e655.jpg,FALSE,1
201908031500_1909_d087474a.jpg,FALSE,1
201908031800_1909_724eb338.jpg,FALSE,1
201908032100_1909_e4e57379.jpg,FALSE,1
201908040000_1909_a8a873fa.jpg,FALSE,1
201908040300_1909_2a546485.jpg,FALSE,1
201908051800_1909_64f720c1.jpg,FALSE,3
201908052100_1909_61a6e2ea.jpg,FALSE,3
201908060000_1909_1e302171.jpg,FALSE,3
201908060300_1909_997aeeeb.jpg,FALSE,3
201908060600_1909_bfff986c.jpg,FALSE,3
201908060900_1909_37da7c71.jpg,FALSE,3
201908100000_1909_ea0ee14e.jpg,FALSE,3
201908100300_1909_d684c3b5.jpg,FALSE,3
201908100600_1909_e6acfa64.jpg,FALSE,3
201908100900_1909_0c63f021.jpg,FALSE,3
201908121800_1909_3285618d.jpg,FALSE,1
201908122100_1909_5f099954.jpg,FALSE,1
201908130000_1909_b6f5fcaa.jpg,FALSE,1
201908130300_1909_54a03687.jpg,FALSE,1
201908130600_1909_42d1c934.jpg,FALSE,1
201908130900_1909_a947af4a.jpg,FALSE,1
201908131200_1909_0371c6c5.jpg,FALSE,1
201908131500_1909_c0f48bf3.jpg,FALSE,1
201908131800_1909_79403dc6.jpg,FALSE,1
201908050000_1910_964c0d55.jpg,FALSE,1
201908050300_1910_9c4534cf.jpg,FALSE,1
201908050600_1910_4efec709.jpg,FALSE,1
201908050900_1910_2d265b12.jpg,FALSE,1
201908051200_1910_61ec351c.jpg,FALSE,1
201908051500_1910_5e59bd81.jpg,FALSE,1
201908051800_1910_75f32a4e.jpg,FALSE,1
201908052100_1910_86d42747.jpg,FALSE,1
201908060000_1910_ee37c418.jpg,FALSE,1
201908060300_1910_b60e6538.jpg,FALSE,1
201908070000_1910_8175f97a.jpg,FALSE,3
201908070300_1910_59df1e58.jpg,FALSE,3
201908070600_1910_c7645ded.jpg,FALSE,3
201908070900_1910_dc777422.jpg,FALSE,3
201908071200_1910_81ec85d5.jpg,FALSE,3
201908071500_1910_e02be6f6.jpg,FALSE,3
201908111200_1910_5c31a2a8.jpg,FALSE,3
201908111500_1910_651f117f.jpg,FALSE,3
201908111800_1910_02c7ba43.jpg,FALSE,3
201908112100_1910_80d7e89c.jpg,FALSE,3
201908120000_1910_88396811.jpg,FALSE,3
201908120300_1910_718e47ac.jpg,FALSE,3
201908120600_1910_5c927113.jpg,FALSE,3
201908120900_1910_88c6b895.jpg,FALSE,3
201908121200_1910_8f658dd1.jpg,FALSE,3
201908121500_1910_7a618a1d.jpg,FALSE,3
201908121800_1910_3b4f25f4.jpg,FALSE,3
201908122100_1910_a9e2b935.jpg,FALSE,3
201908130000_1910_dedcb83e.jpg,FALSE,3
201908130300_1910_49fe7372.jpg,FALSE,3
201908130600_1910_c54034c9.jpg,FALSE,3
201908130900_1910_3f611306.jpg,FALSE,3
201908131200_1910_b25fcce6.jpg,FALSE,3
201908131500_1910_2e187744.jpg,FALSE,3
201908131800_1910_a1817ecc.jpg,FALSE,3
201908132100_1910_77c1f254.jpg,FALSE,3
201908140000_1910_7bc46b68.jpg,FALSE,3
201908140300_1910_ec51906b.jpg,FALSE,3
201908140600_1910_60391374.jpg,FALSE,3
201908140900_1910_8cfffc7e.jpg,FALSE,3
201908141200_1910_e6aa3a8a.jpg,FALSE,3
201908141500_1910_0b840666.jpg,FALSE,3
201908141800_1910_4f25ca46.jpg,FALSE,3
201908142100_1910_955af31c.jpg,FALSE,3
201908150000_1910_bcb6f59a.jpg,FALSE,3
201908150300_1910_830308c0.jpg,FALSE,3
201908191200_1911_5b4ca529.jpg,FALSE,1
201908191500_1911_4edf70b2.jpg,FALSE,1
201908191800_1911_cbae3df3.jpg,FALSE,1
201908192100_1911_33f72da0.jpg,FALSE,1
201908200000_1911_50860377.jpg,FALSE,1
201908200300_1911_5b05b972.jpg,FALSE,1
201908200600_1911_afba4d5a.jpg,FALSE,1
201908200900_1911_bc179a39.jpg,FALSE,1
201908201200_1911_ac0b4167.jpg,FALSE,1
201908201500_1911_fcba5eb4.jpg,FALSE,1
201908201800_1911_8f27c0c6.jpg,FALSE,1
201908202100_1911_57785881.jpg,FALSE,1
201908210000_1911_5b274d46.jpg,FALSE,1
201908210300_1911_5f14249c.jpg,FALSE,1
201908221800_1911_ce3ee809.jpg,FALSE,3
201908222100_1911_6e46ba51.jpg,FALSE,3
201908230000_1911_59d6fd2f.jpg,FALSE,3
201908251800_1911_a317f5eb.jpg,FALSE,1
201908252100_1911_188d3299.jpg,FALSE,1
201908260000_1911_e0ea64c7.jpg,FALSE,1
201908260300_1911_4de9c33a.jpg,FALSE,1
201908260600_1911_3b3faa61.jpg,FALSE,1
201908240600_1912_2dd97c40.jpg,FALSE,1
201908240900_1912_23e32b0e.jpg,FALSE,1
201908241200_1912_fbbc4249.jpg,FALSE,1
201908241500_1912_310966e2.jpg,FALSE,1
201908241800_1912_b6eaceab.jpg,FALSE,1
201908242100_1912_d8e86f3d.jpg,FALSE,1
201908250000_1912_363ac372.jpg,FALSE,1
201908250300_1912_433c4c18.jpg,FALSE,1
201908250600_1912_6057b3d7.jpg,FALSE,1
201908250900_1912_d8f31c6a.jpg,FALSE,1
201908251200_1912_98f6f654.jpg,FALSE,1
201908251500_1912_e3b73fdd.jpg,FALSE,1
201908251800_1912_180ce5e3.jpg,FALSE,1
201908252100_1912_01f15a65.jpg,FALSE,1
201908260000_1912_e98f612e.jpg,FALSE,1
201908260300_1912_4ae8ecd3.jpg,FALSE,1
201908260600_1912_e9a545eb.jpg,FALSE,1
201908260900_1912_5ee47dcf.jpg,FALSE,1
201908261200_1912_47c33d49.jpg,FALSE,1
201908261500_1912_fef658c6.jpg,FALSE,1
201908261800_1912_69acf361.jpg,FALSE,1
201908262100_1912_3c66a5c5.jpg,FALSE,1
201908270000_1912_a151e91b.jpg,FALSE,1
201908270300_1912_175a30d4.jpg,FALSE,1
201908270600_1912_0f243263.jpg,FALSE,1
201908270900_1912_0d3dde9a.jpg,FALSE,1
201908271200_1912_76fcf299.jpg,FALSE,1
201908271500_1912_e2b75d3f.jpg,FALSE,1
201908271800_1912_cdb7ceb4.jpg,FALSE,1
201908272100_1912_ab7cbb23.jpg,FALSE,1
201908300000_1912_19a591e1.jpg,FALSE,1
201908300300_1912_7cde07e9.jpg,FALSE,1
201908300600_1912_4f495d7b.jpg,FALSE,1
201908300900_1912_90158740.jpg,FALSE,1
201908301200_1912_8b0c2c8e.jpg,FALSE,1
201908301500_1912_056aee56.jpg,FALSE,1
201908301800_1912_ab3745ca.jpg,FALSE,1
201908302100_1912_1580432a.jpg,FALSE,1
201908310000_1912_fea44b62.jpg,FALSE,1
201908310000_1913_5bafcfbd.jpg,FALSE,1
201908310300_1913_ea94c5ca.jpg,FALSE,1
201908310600_1913_ba1b1eef.jpg,FALSE,1
201908310900_1913_7e8eec27.jpg,FALSE,1
201908311200_1913_2371e556.jpg,FALSE,1
201908311500_1913_39452c36.jpg,FALSE,1
